1组_01号_设备状态,MODBUS RTU,4x,1,设备状态：0停止、1运行、>=2故障/异常；原昆仑变量:设备0_读写4WUB0001,16-bit Unsigned
1组_02号_设备状态,MODBUS RTU,4x,2,设备状态：0停止、1运行、>=2故障/异常；原昆仑变量:设备0_读写4WUB0002,16-bit Unsigned
1组_03号_设备状态,MODBUS RTU,4x,3,设备状态：0停止、1运行、>=2故障/异常；原昆仑变量:设备0_读写4WUB0003,16-bit Unsigned
1组_04号_设备状态,MODBUS RTU,4x,4,设备状态：0停止、1运行、>=2故障/异常；原昆仑变量:设备0_读写4WUB0004,16-bit Unsigned
1组_05号_设备状态,MODBUS RTU,4x,5,设备状态：0停止、1运行、>=2故障/异常；原昆仑变量:设备0_读写4WUB0005,16-bit Unsigned
1组_06号_设备状态,MODBUS RTU,4x,6,设备状态：0停止、1运行、>=2故障/异常；原昆仑变量:设备0_读写4WUB0006,16-bit Unsigned
1组_07号_设备状态,MODBUS RTU,4x,7,设备状态：0停止、1运行、>=2故障/异常；原昆仑变量:设备0_读写4WUB0007,16-bit Unsigned
1组_08号_设备状态,MODBUS RTU,4x,8,设备状态：0停止、1运行、>=2故障/异常；原昆仑变量:设备0_读写4WUB0008,16-bit Unsigned
1组_09号_设备状态,MODBUS RTU,4x,9,设备状态：0停止、1运行、>=2故障/异常；原昆仑变量:设备0_读写4WUB0009,16-bit Unsigned
1组_10号_设备状态,MODBUS RTU,4x,10,设备状态：0停止、1运行、>=2故障/异常；原昆仑变量:设备0_读写4WUB0010,16-bit Unsigned
1组_11号_设备状态,MODBUS RTU,4x,11,设备状态：0停止、1运行、>=2故障/异常；原昆仑变量:设备0_读写4WUB0011,16-bit Unsigned
1组_12号_设备状态,MODBUS RTU,4x,12,设备状态：0停止、1运行、>=2故障/异常；原昆仑变量:设备0_读写4WUB0012,16-bit Unsigned
1组_13号_设备状态,MODBUS RTU,4x,13,设备状态：0停止、1运行、>=2故障/异常；原昆仑变量:设备0_读写4WUB0013,16-bit Unsigned
1组_14号_设备状态,MODBUS RTU,4x,14,设备状态：0停止、1运行、>=2故障/异常；原昆仑变量:设备0_读写4WUB0014,16-bit Unsigned
1组_15号_设备状态,MODBUS RTU,4x,15,设备状态：0停止、1运行、>=2故障/异常；原昆仑变量:设备0_读写4WUB0015,16-bit Unsigned
1组_16号_设备状态,MODBUS RTU,4x,16,设备状态：0停止、1运行、>=2故障/异常；原昆仑变量:设备0_读写4WUB0016,16-bit Unsigned
1组_17号_设备状态,MODBUS RTU,4x,17,设备状态：0停止、1运行、>=2故障/异常；原昆仑变量:设备0_读写4WUB0017,16-bit Unsigned
1组_18号_设备状态,MODBUS RTU,4x,18,设备状态：0停止、1运行、>=2故障/异常；原昆仑变量:设备0_读写4WUB0018,16-bit Unsigned
1组_19号_设备状态,MODBUS RTU,4x,19,设备状态：0停止、1运行、>=2故障/异常；原昆仑变量:设备0_读写4WUB0019,16-bit Unsigned
1组_20号_设备状态,MODBUS RTU,4x,20,设备状态：0停止、1运行、>=2故障/异常；原昆仑变量:设备0_读写4WUB0020,16-bit Unsigned
1组_21号_设备状态,MODBUS RTU,4x,21,设备状态：0停止、1运行、>=2故障/异常；原昆仑变量:设备0_读写4WUB0021,16-bit Unsigned
1组_22号_设备状态,MODBUS RTU,4x,22,设备状态：0停止、1运行、>=2故障/异常；原昆仑变量:设备0_读写4WUB0022,16-bit Unsigned
1组_23号_设备状态,MODBUS RTU,4x,23,设备状态：0停止、1运行、>=2故障/异常；原昆仑变量:设备0_读写4WUB0023,16-bit Unsigned
1组_24号_设备状态,MODBUS RTU,4x,24,设备状态：0停止、1运行、>=2故障/异常；原昆仑变量:设备0_读写4WUB0024,16-bit Unsigned
1组_25号_设备状态,MODBUS RTU,4x,25,设备状态：0停止、1运行、>=2故障/异常；原昆仑变量:设备0_读写4WUB0025,16-bit Unsigned
1组_26号_设备状态,MODBUS RTU,4x,26,设备状态：0停止、1运行、>=2故障/异常；原昆仑变量:设备0_读写4WUB0026,16-bit Unsigned
1组_27号_设备状态,MODBUS RTU,4x,27,设备状态：0停止、1运行、>=2故障/异常；原昆仑变量:设备0_读写4WUB0027,16-bit Unsigned
1组_28号_设备状态,MODBUS RTU,4x,28,设备状态：0停止、1运行、>=2故障/异常；原昆仑变量:设备0_读写4WUB0028,16-bit Unsigned
1组_29号_设备状态,MODBUS RTU,4x,29,设备状态：0停止、1运行、>=2故障/异常；原昆仑变量:设备0_读写4WUB0029,16-bit Unsigned
1组_30号_设备状态,MODBUS RTU,4x,30,设备状态：0停止、1运行、>=2故障/异常；原昆仑变量:设备0_读写4WUB0030,16-bit Unsigned
1组_31号_设备状态,MODBUS RTU,4x,31,设备状态：0停止、1运行、>=2故障/异常；原昆仑变量:设备0_读写4WUB0031,16-bit Unsigned
1组_32号_设备状态,MODBUS RTU,4x,32,设备状态：0停止、1运行、>=2故障/异常；原昆仑变量:设备0_读写4WUB0032,16-bit Unsigned
1组_33号_设备状态,MODBUS RTU,4x,33,设备状态：0停止、1运行、>=2故障/异常；原昆仑变量:设备0_读写4WUB0033,16-bit Unsigned
1组_34号_设备状态,MODBUS RTU,4x,34,设备状态：0停止、1运行、>=2故障/异常；原昆仑变量:设备0_读写4WUB0034,16-bit Unsigned
1组_35号_设备状态,MODBUS RTU,4x,35,设备状态：0停止、1运行、>=2故障/异常；原昆仑变量:设备0_读写4WUB0035,16-bit Unsigned
1组_36号_设备状态,MODBUS RTU,4x,36,设备状态：0停止、1运行、>=2故障/异常；原昆仑变量:设备0_读写4WUB0036,16-bit Unsigned
1组_37号_设备状态,MODBUS RTU,4x,37,设备状态：0停止、1运行、>=2故障/异常；原昆仑变量:设备0_读写4WUB0037,16-bit Unsigned
1组_38号_设备状态,MODBUS RTU,4x,38,设备状态：0停止、1运行、>=2故障/异常；原昆仑变量:设备0_读写4WUB0038,16-bit Unsigned
1组_39号_设备状态,MODBUS RTU,4x,39,设备状态：0停止、1运行、>=2故障/异常；原昆仑变量:设备0_读写4WUB0039,16-bit Unsigned
1组_40号_设备状态,MODBUS RTU,4x,40,设备状态：0停止、1运行、>=2故障/异常；原昆仑变量:设备0_读写4WUB0040,16-bit Unsigned
1组_41号_设备状态,MODBUS RTU,4x,41,设备状态：0停止、1运行、>=2故障/异常；原昆仑变量:设备0_读写4WUB0041,16-bit Unsigned
1组_42号_设备状态,MODBUS RTU,4x,42,设备状态：0停止、1运行、>=2故障/异常；原昆仑变量:设备0_读写4WUB0042,16-bit Unsigned
1组_43号_设备状态,MODBUS RTU,4x,43,设备状态：0停止、1运行、>=2故障/异常；原昆仑变量:设备0_读写4WUB0043,16-bit Unsigned
1组_44号_设备状态,MODBUS RTU,4x,44,设备状态：0停止、1运行、>=2故障/异常；原昆仑变量:设备0_读写4WUB0044,16-bit Unsigned
1组_45号_设备状态,MODBUS RTU,4x,45,设备状态：0停止、1运行、>=2故障/异常；原昆仑变量:设备0_读写4WUB0045,16-bit Unsigned
1组_46号_设备状态,MODBUS RTU,4x,46,设备状态：0停止、1运行、>=2故障/异常；原昆仑变量:设备0_读写4WUB0046,16-bit Unsigned
1组_47号_设备状态,MODBUS RTU,4x,47,设备状态：0停止、1运行、>=2故障/异常；原昆仑变量:设备0_读写4WUB0047,16-bit Unsigned
1组_48号_设备状态,MODBUS RTU,4x,48,设备状态：0停止、1运行、>=2故障/异常；原昆仑变量:设备0_读写4WUB0048,16-bit Unsigned
1组_49号_设备状态,MODBUS RTU,4x,49,设备状态：0停止、1运行、>=2故障/异常；原昆仑变量:设备0_读写4WUB0049,16-bit Unsigned
1组_50号_设备状态,MODBUS RTU,4x,50,设备状态：0停止、1运行、>=2故障/异常；原昆仑变量:设备0_读写4WUB0050,16-bit Unsigned
1组_51号_设备状态,MODBUS RTU,4x,51,设备状态：0停止、1运行、>=2故障/异常；原昆仑变量:设备0_读写4WUB0051,16-bit Unsigned
1组_52号_设备状态,MODBUS RTU,4x,52,设备状态：0停止、1运行、>=2故障/异常；原昆仑变量:设备0_读写4WUB0052,16-bit Unsigned
1组_53号_设备状态,MODBUS RTU,4x,53,设备状态：0停止、1运行、>=2故障/异常；原昆仑变量:设备0_读写4WUB0053,16-bit Unsigned
1组_54号_设备状态,MODBUS RTU,4x,54,设备状态：0停止、1运行、>=2故障/异常；原昆仑变量:设备0_读写4WUB0054,16-bit Unsigned
1组_55号_设备状态,MODBUS RTU,4x,55,设备状态：0停止、1运行、>=2故障/异常；原昆仑变量:设备0_读写4WUB0055,16-bit Unsigned
1组_56号_设备状态,MODBUS RTU,4x,56,设备状态：0停止、1运行、>=2故障/异常；原昆仑变量:设备0_读写4WUB0056,16-bit Unsigned
1组_57号_设备状态,MODBUS RTU,4x,57,设备状态：0停止、1运行、>=2故障/异常；原昆仑变量:设备0_读写4WUB0057,16-bit Unsigned
1组_58号_设备状态,MODBUS RTU,4x,58,设备状态：0停止、1运行、>=2故障/异常；原昆仑变量:设备0_读写4WUB0058,16-bit Unsigned
1组_59号_设备状态,MODBUS RTU,4x,59,设备状态：0停止、1运行、>=2故障/异常；原昆仑变量:设备0_读写4WUB0059,16-bit Unsigned
1组_60号_设备状态,MODBUS RTU,4x,60,设备状态：0停止、1运行、>=2故障/异常；原昆仑变量:设备0_读写4WUB0060,16-bit Unsigned
2组_01号_设备状态,MODBUS RTU,4x,61,设备状态：0停止、1运行、>=2故障/异常；原昆仑变量:设备0_读写4WUB0061,16-bit Unsigned
2组_02号_设备状态,MODBUS RTU,4x,62,设备状态：0停止、1运行、>=2故障/异常；原昆仑变量:设备0_读写4WUB0062,16-bit Unsigned
2组_03号_设备状态,MODBUS RTU,4x,63,设备状态：0停止、1运行、>=2故障/异常；原昆仑变量:设备0_读写4WUB0063,16-bit Unsigned
2组_04号_设备状态,MODBUS RTU,4x,64,设备状态：0停止、1运行、>=2故障/异常；原昆仑变量:设备0_读写4WUB0064,16-bit Unsigned
2组_05号_设备状态,MODBUS RTU,4x,65,设备状态：0停止、1运行、>=2故障/异常；原昆仑变量:设备0_读写4WUB0065,16-bit Unsigned
2组_06号_设备状态,MODBUS RTU,4x,66,设备状态：0停止、1运行、>=2故障/异常；原昆仑变量:设备0_读写4WUB0066,16-bit Unsigned
2组_07号_设备状态,MODBUS RTU,4x,67,设备状态：0停止、1运行、>=2故障/异常；原昆仑变量:设备0_读写4WUB0067,16-bit Unsigned
2组_08号_设备状态,MODBUS RTU,4x,68,设备状态：0停止、1运行、>=2故障/异常；原昆仑变量:设备0_读写4WUB0068,16-bit Unsigned
2组_09号_设备状态,MODBUS RTU,4x,69,设备状态：0停止、1运行、>=2故障/异常；原昆仑变量:设备0_读写4WUB0069,16-bit Unsigned
2组_10号_设备状态,MODBUS RTU,4x,70,设备状态：0停止、1运行、>=2故障/异常；原昆仑变量:设备0_读写4WUB0070,16-bit Unsigned
2组_11号_设备状态,MODBUS RTU,4x,71,设备状态：0停止、1运行、>=2故障/异常；原昆仑变量:设备0_读写4WUB0071,16-bit Unsigned
2组_12号_设备状态,MODBUS RTU,4x,72,设备状态：0停止、1运行、>=2故障/异常；原昆仑变量:设备0_读写4WUB0072,16-bit Unsigned
2组_13号_设备状态,MODBUS RTU,4x,73,设备状态：0停止、1运行、>=2故障/异常；原昆仑变量:设备0_读写4WUB0073,16-bit Unsigned
2组_14号_设备状态,MODBUS RTU,4x,74,设备状态：0停止、1运行、>=2故障/异常；原昆仑变量:设备0_读写4WUB0074,16-bit Unsigned
2组_15号_设备状态,MODBUS RTU,4x,75,设备状态：0停止、1运行、>=2故障/异常；原昆仑变量:设备0_读写4WUB0075,16-bit Unsigned
2组_16号_设备状态,MODBUS RTU,4x,76,设备状态：0停止、1运行、>=2故障/异常；原昆仑变量:设备0_读写4WUB0076,16-bit Unsigned
2组_17号_设备状态,MODBUS RTU,4x,77,设备状态：0停止、1运行、>=2故障/异常；原昆仑变量:设备0_读写4WUB0077,16-bit Unsigned
2组_18号_设备状态,MODBUS RTU,4x,78,设备状态：0停止、1运行、>=2故障/异常；原昆仑变量:设备0_读写4WUB0078,16-bit Unsigned
2组_19号_设备状态,MODBUS RTU,4x,79,设备状态：0停止、1运行、>=2故障/异常；原昆仑变量:设备0_读写4WUB0079,16-bit Unsigned
2组_20号_设备状态,MODBUS RTU,4x,80,设备状态：0停止、1运行、>=2故障/异常；原昆仑变量:设备0_读写4WUB0080,16-bit Unsigned
2组_21号_设备状态,MODBUS RTU,4x,81,设备状态：0停止、1运行、>=2故障/异常；原昆仑变量:设备0_读写4WUB0081,16-bit Unsigned
2组_22号_设备状态,MODBUS RTU,4x,82,设备状态：0停止、1运行、>=2故障/异常；原昆仑变量:设备0_读写4WUB0082,16-bit Unsigned
2组_23号_设备状态,MODBUS RTU,4x,83,设备状态：0停止、1运行、>=2故障/异常；原昆仑变量:设备0_读写4WUB0083,16-bit Unsigned
2组_24号_设备状态,MODBUS RTU,4x,84,设备状态：0停止、1运行、>=2故障/异常；原昆仑变量:设备0_读写4WUB0084,16-bit Unsigned
2组_25号_设备状态,MODBUS RTU,4x,85,设备状态：0停止、1运行、>=2故障/异常；原昆仑变量:设备0_读写4WUB0085,16-bit Unsigned
2组_26号_设备状态,MODBUS RTU,4x,86,设备状态：0停止、1运行、>=2故障/异常；原昆仑变量:设备0_读写4WUB0086,16-bit Unsigned
2组_27号_设备状态,MODBUS RTU,4x,87,设备状态：0停止、1运行、>=2故障/异常；原昆仑变量:设备0_读写4WUB0087,16-bit Unsigned
2组_28号_设备状态,MODBUS RTU,4x,88,设备状态：0停止、1运行、>=2故障/异常；原昆仑变量:设备0_读写4WUB0088,16-bit Unsigned
2组_29号_设备状态,MODBUS RTU,4x,89,设备状态：0停止、1运行、>=2故障/异常；原昆仑变量:设备0_读写4WUB0089,16-bit Unsigned
2组_30号_设备状态,MODBUS RTU,4x,90,设备状态：0停止、1运行、>=2故障/异常；原昆仑变量:设备0_读写4WUB0090,16-bit Unsigned
2组_31号_设备状态,MODBUS RTU,4x,91,设备状态：0停止、1运行、>=2故障/异常；原昆仑变量:设备0_读写4WUB0091,16-bit Unsigned
2组_32号_设备状态,MODBUS RTU,4x,92,设备状态：0停止、1运行、>=2故障/异常；原昆仑变量:设备0_读写4WUB0092,16-bit Unsigned
2组_33号_设备状态,MODBUS RTU,4x,93,设备状态：0停止、1运行、>=2故障/异常；原昆仑变量:设备0_读写4WUB0093,16-bit Unsigned
2组_34号_设备状态,MODBUS RTU,4x,94,设备状态：0停止、1运行、>=2故障/异常；原昆仑变量:设备0_读写4WUB0094,16-bit Unsigned
2组_35号_设备状态,MODBUS RTU,4x,95,设备状态：0停止、1运行、>=2故障/异常；原昆仑变量:设备0_读写4WUB0095,16-bit Unsigned
2组_36号_设备状态,MODBUS RTU,4x,96,设备状态：0停止、1运行、>=2故障/异常；原昆仑变量:设备0_读写4WUB0096,16-bit Unsigned
2组_37号_设备状态,MODBUS RTU,4x,97,设备状态：0停止、1运行、>=2故障/异常；原昆仑变量:设备0_读写4WUB0097,16-bit Unsigned
2组_38号_设备状态,MODBUS RTU,4x,98,设备状态：0停止、1运行、>=2故障/异常；原昆仑变量:设备0_读写4WUB0098,16-bit Unsigned
2组_39号_设备状态,MODBUS RTU,4x,99,设备状态：0停止、1运行、>=2故障/异常；原昆仑变量:设备0_读写4WUB0099,16-bit Unsigned
2组_40号_设备状态,MODBUS RTU,4x,100,设备状态：0停止、1运行、>=2故障/异常；原昆仑变量:设备0_读写4WUB0100,16-bit Unsigned
2组_41号_设备状态,MODBUS RTU,4x,101,设备状态：0停止、1运行、>=2故障/异常；原昆仑变量:设备0_读写4WUB0101,16-bit Unsigned
2组_42号_设备状态,MODBUS RTU,4x,102,设备状态：0停止、1运行、>=2故障/异常；原昆仑变量:设备0_读写4WUB0102,16-bit Unsigned
2组_43号_设备状态,MODBUS RTU,4x,103,设备状态：0停止、1运行、>=2故障/异常；原昆仑变量:设备0_读写4WUB0103,16-bit Unsigned
2组_44号_设备状态,MODBUS RTU,4x,104,设备状态：0停止、1运行、>=2故障/异常；原昆仑变量:设备0_读写4WUB0104,16-bit Unsigned
2组_45号_设备状态,MODBUS RTU,4x,105,设备状态：0停止、1运行、>=2故障/异常；原昆仑变量:设备0_读写4WUB0105,16-bit Unsigned
2组_46号_设备状态,MODBUS RTU,4x,106,设备状态：0停止、1运行、>=2故障/异常；原昆仑变量:设备0_读写4WUB0106,16-bit Unsigned
2组_47号_设备状态,MODBUS RTU,4x,107,设备状态：0停止、1运行、>=2故障/异常；原昆仑变量:设备0_读写4WUB0107,16-bit Unsigned
2组_48号_设备状态,MODBUS RTU,4x,108,设备状态：0停止、1运行、>=2故障/异常；原昆仑变量:设备0_读写4WUB0108,16-bit Unsigned
2组_49号_设备状态,MODBUS RTU,4x,109,设备状态：0停止、1运行、>=2故障/异常；原昆仑变量:设备0_读写4WUB0109,16-bit Unsigned
2组_50号_设备状态,MODBUS RTU,4x,110,设备状态：0停止、1运行、>=2故障/异常；原昆仑变量:设备0_读写4WUB0110,16-bit Unsigned
2组_51号_设备状态,MODBUS RTU,4x,111,设备状态：0停止、1运行、>=2故障/异常；原昆仑变量:设备0_读写4WUB0111,16-bit Unsigned
2组_52号_设备状态,MODBUS RTU,4x,112,设备状态：0停止、1运行、>=2故障/异常；原昆仑变量:设备0_读写4WUB0112,16-bit Unsigned
2组_53号_设备状态,MODBUS RTU,4x,113,设备状态：0停止、1运行、>=2故障/异常；原昆仑变量:设备0_读写4WUB0113,16-bit Unsigned
2组_54号_设备状态,MODBUS RTU,4x,114,设备状态：0停止、1运行、>=2故障/异常；原昆仑变量:设备0_读写4WUB0114,16-bit Unsigned
2组_55号_设备状态,MODBUS RTU,4x,115,设备状态：0停止、1运行、>=2故障/异常；原昆仑变量:设备0_读写4WUB0115,16-bit Unsigned
2组_56号_设备状态,MODBUS RTU,4x,116,设备状态：0停止、1运行、>=2故障/异常；原昆仑变量:设备0_读写4WUB0116,16-bit Unsigned
2组_57号_设备状态,MODBUS RTU,4x,117,设备状态：0停止、1运行、>=2故障/异常；原昆仑变量:设备0_读写4WUB0117,16-bit Unsigned
2组_58号_设备状态,MODBUS RTU,4x,118,设备状态：0停止、1运行、>=2故障/异常；原昆仑变量:设备0_读写4WUB0118,16-bit Unsigned
2组_59号_设备状态,MODBUS RTU,4x,119,设备状态：0停止、1运行、>=2故障/异常；原昆仑变量:设备0_读写4WUB0119,16-bit Unsigned
2组_60号_设备状态,MODBUS RTU,4x,120,设备状态：0停止、1运行、>=2故障/异常；原昆仑变量:设备0_读写4WUB0120,16-bit Unsigned
3组_01号_设备状态,MODBUS RTU,4x,121,设备状态：0停止、1运行、>=2故障/异常；原昆仑变量:设备0_读写4WUB0121,16-bit Unsigned
3组_02号_设备状态,MODBUS RTU,4x,122,设备状态：0停止、1运行、>=2故障/异常；原昆仑变量:设备0_读写4WUB0122,16-bit Unsigned
3组_03号_设备状态,MODBUS RTU,4x,123,设备状态：0停止、1运行、>=2故障/异常；原昆仑变量:设备0_读写4WUB0123,16-bit Unsigned
3组_04号_设备状态,MODBUS RTU,4x,124,设备状态：0停止、1运行、>=2故障/异常；原昆仑变量:设备0_读写4WUB0124,16-bit Unsigned
3组_05号_设备状态,MODBUS RTU,4x,125,设备状态：0停止、1运行、>=2故障/异常；原昆仑变量:设备0_读写4WUB0125,16-bit Unsigned
3组_06号_设备状态,MODBUS RTU,4x,126,设备状态：0停止、1运行、>=2故障/异常；原昆仑变量:设备0_读写4WUB0126,16-bit Unsigned
3组_07号_设备状态,MODBUS RTU,4x,127,设备状态：0停止、1运行、>=2故障/异常；原昆仑变量:设备0_读写4WUB0127,16-bit Unsigned
3组_08号_设备状态,MODBUS RTU,4x,128,设备状态：0停止、1运行、>=2故障/异常；原昆仑变量:设备0_读写4WUB0128,16-bit Unsigned
3组_09号_设备状态,MODBUS RTU,4x,129,设备状态：0停止、1运行、>=2故障/异常；原昆仑变量:设备0_读写4WUB0129,16-bit Unsigned
3组_10号_设备状态,MODBUS RTU,4x,130,设备状态：0停止、1运行、>=2故障/异常；原昆仑变量:设备0_读写4WUB0130,16-bit Unsigned
3组_11号_设备状态,MODBUS RTU,4x,131,设备状态：0停止、1运行、>=2故障/异常；原昆仑变量:设备0_读写4WUB0131,16-bit Unsigned
3组_12号_设备状态,MODBUS RTU,4x,132,设备状态：0停止、1运行、>=2故障/异常；原昆仑变量:设备0_读写4WUB0132,16-bit Unsigned
3组_13号_设备状态,MODBUS RTU,4x,133,设备状态：0停止、1运行、>=2故障/异常；原昆仑变量:设备0_读写4WUB0133,16-bit Unsigned
3组_14号_设备状态,MODBUS RTU,4x,134,设备状态：0停止、1运行、>=2故障/异常；原昆仑变量:设备0_读写4WUB0134,16-bit Unsigned
3组_15号_设备状态,MODBUS RTU,4x,135,设备状态：0停止、1运行、>=2故障/异常；原昆仑变量:设备0_读写4WUB0135,16-bit Unsigned
3组_16号_设备状态,MODBUS RTU,4x,136,设备状态：0停止、1运行、>=2故障/异常；原昆仑变量:设备0_读写4WUB0136,16-bit Unsigned
3组_17号_设备状态,MODBUS RTU,4x,137,设备状态：0停止、1运行、>=2故障/异常；原昆仑变量:设备0_读写4WUB0137,16-bit Unsigned
3组_18号_设备状态,MODBUS RTU,4x,138,设备状态：0停止、1运行、>=2故障/异常；原昆仑变量:设备0_读写4WUB0138,16-bit Unsigned
3组_19号_设备状态,MODBUS RTU,4x,139,设备状态：0停止、1运行、>=2故障/异常；原昆仑变量:设备0_读写4WUB0139,16-bit Unsigned
3组_20号_设备状态,MODBUS RTU,4x,140,设备状态：0停止、1运行、>=2故障/异常；原昆仑变量:设备0_读写4WUB0140,16-bit Unsigned
3组_21号_设备状态,MODBUS RTU,4x,141,设备状态：0停止、1运行、>=2故障/异常；原昆仑变量:设备0_读写4WUB0141,16-bit Unsigned
3组_22号_设备状态,MODBUS RTU,4x,142,设备状态：0停止、1运行、>=2故障/异常；原昆仑变量:设备0_读写4WUB0142,16-bit Unsigned
3组_23号_设备状态,MODBUS RTU,4x,143,设备状态：0停止、1运行、>=2故障/异常；原昆仑变量:设备0_读写4WUB0143,16-bit Unsigned
3组_24号_设备状态,MODBUS RTU,4x,144,设备状态：0停止、1运行、>=2故障/异常；原昆仑变量:设备0_读写4WUB0144,16-bit Unsigned
3组_25号_设备状态,MODBUS RTU,4x,145,设备状态：0停止、1运行、>=2故障/异常；原昆仑变量:设备0_读写4WUB0145,16-bit Unsigned
3组_26号_设备状态,MODBUS RTU,4x,146,设备状态：0停止、1运行、>=2故障/异常；原昆仑变量:设备0_读写4WUB0146,16-bit Unsigned
3组_27号_设备状态,MODBUS RTU,4x,147,设备状态：0停止、1运行、>=2故障/异常；原昆仑变量:设备0_读写4WUB0147,16-bit Unsigned
3组_28号_设备状态,MODBUS RTU,4x,148,设备状态：0停止、1运行、>=2故障/异常；原昆仑变量:设备0_读写4WUB0148,16-bit Unsigned
3组_29号_设备状态,MODBUS RTU,4x,149,设备状态：0停止、1运行、>=2故障/异常；原昆仑变量:设备0_读写4WUB0149,16-bit Unsigned
3组_30号_设备状态,MODBUS RTU,4x,150,设备状态：0停止、1运行、>=2故障/异常；原昆仑变量:设备0_读写4WUB0150,16-bit Unsigned
3组_31号_设备状态,MODBUS RTU,4x,151,设备状态：0停止、1运行、>=2故障/异常；原昆仑变量:设备0_读写4WUB0151,16-bit Unsigned
3组_32号_设备状态,MODBUS RTU,4x,152,设备状态：0停止、1运行、>=2故障/异常；原昆仑变量:设备0_读写4WUB0152,16-bit Unsigned
3组_33号_设备状态,MODBUS RTU,4x,153,设备状态：0停止、1运行、>=2故障/异常；原昆仑变量:设备0_读写4WUB0153,16-bit Unsigned
3组_34号_设备状态,MODBUS RTU,4x,154,设备状态：0停止、1运行、>=2故障/异常；原昆仑变量:设备0_读写4WUB0154,16-bit Unsigned
3组_35号_设备状态,MODBUS RTU,4x,155,设备状态：0停止、1运行、>=2故障/异常；原昆仑变量:设备0_读写4WUB0155,16-bit Unsigned
3组_36号_设备状态,MODBUS RTU,4x,156,设备状态：0停止、1运行、>=2故障/异常；原昆仑变量:设备0_读写4WUB0156,16-bit Unsigned
3组_37号_设备状态,MODBUS RTU,4x,157,设备状态：0停止、1运行、>=2故障/异常；原昆仑变量:设备0_读写4WUB0157,16-bit Unsigned
3组_38号_设备状态,MODBUS RTU,4x,158,设备状态：0停止、1运行、>=2故障/异常；原昆仑变量:设备0_读写4WUB0158,16-bit Unsigned
3组_39号_设备状态,MODBUS RTU,4x,159,设备状态：0停止、1运行、>=2故障/异常；原昆仑变量:设备0_读写4WUB0159,16-bit Unsigned
3组_40号_设备状态,MODBUS RTU,4x,160,设备状态：0停止、1运行、>=2故障/异常；原昆仑变量:设备0_读写4WUB0160,16-bit Unsigned
3组_41号_设备状态,MODBUS RTU,4x,161,设备状态：0停止、1运行、>=2故障/异常；原昆仑变量:设备0_读写4WUB0161,16-bit Unsigned
3组_42号_设备状态,MODBUS RTU,4x,162,设备状态：0停止、1运行、>=2故障/异常；原昆仑变量:设备0_读写4WUB0162,16-bit Unsigned
3组_43号_设备状态,MODBUS RTU,4x,163,设备状态：0停止、1运行、>=2故障/异常；原昆仑变量:设备0_读写4WUB0163,16-bit Unsigned
3组_44号_设备状态,MODBUS RTU,4x,164,设备状态：0停止、1运行、>=2故障/异常；原昆仑变量:设备0_读写4WUB0164,16-bit Unsigned
3组_45号_设备状态,MODBUS RTU,4x,165,设备状态：0停止、1运行、>=2故障/异常；原昆仑变量:设备0_读写4WUB0165,16-bit Unsigned
3组_46号_设备状态,MODBUS RTU,4x,166,设备状态：0停止、1运行、>=2故障/异常；原昆仑变量:设备0_读写4WUB0166,16-bit Unsigned
3组_47号_设备状态,MODBUS RTU,4x,167,设备状态：0停止、1运行、>=2故障/异常；原昆仑变量:设备0_读写4WUB0167,16-bit Unsigned
3组_48号_设备状态,MODBUS RTU,4x,168,设备状态：0停止、1运行、>=2故障/异常；原昆仑变量:设备0_读写4WUB0168,16-bit Unsigned
3组_49号_设备状态,MODBUS RTU,4x,169,设备状态：0停止、1运行、>=2故障/异常；原昆仑变量:设备0_读写4WUB0169,16-bit Unsigned
3组_50号_设备状态,MODBUS RTU,4x,170,设备状态：0停止、1运行、>=2故障/异常；原昆仑变量:设备0_读写4WUB0170,16-bit Unsigned
3组_51号_设备状态,MODBUS RTU,4x,171,设备状态：0停止、1运行、>=2故障/异常；原昆仑变量:设备0_读写4WUB0171,16-bit Unsigned
3组_52号_设备状态,MODBUS RTU,4x,172,设备状态：0停止、1运行、>=2故障/异常；原昆仑变量:设备0_读写4WUB0172,16-bit Unsigned
3组_53号_设备状态,MODBUS RTU,4x,173,设备状态：0停止、1运行、>=2故障/异常；原昆仑变量:设备0_读写4WUB0173,16-bit Unsigned
3组_54号_设备状态,MODBUS RTU,4x,174,设备状态：0停止、1运行、>=2故障/异常；原昆仑变量:设备0_读写4WUB0174,16-bit Unsigned
3组_55号_设备状态,MODBUS RTU,4x,175,设备状态：0停止、1运行、>=2故障/异常；原昆仑变量:设备0_读写4WUB0175,16-bit Unsigned
3组_56号_设备状态,MODBUS RTU,4x,176,设备状态：0停止、1运行、>=2故障/异常；原昆仑变量:设备0_读写4WUB0176,16-bit Unsigned
3组_57号_设备状态,MODBUS RTU,4x,177,设备状态：0停止、1运行、>=2故障/异常；原昆仑变量:设备0_读写4WUB0177,16-bit Unsigned
3组_58号_设备状态,MODBUS RTU,4x,178,设备状态：0停止、1运行、>=2故障/异常；原昆仑变量:设备0_读写4WUB0178,16-bit Unsigned
3组_59号_设备状态,MODBUS RTU,4x,179,设备状态：0停止、1运行、>=2故障/异常；原昆仑变量:设备0_读写4WUB0179,16-bit Unsigned
3组_60号_设备状态,MODBUS RTU,4x,180,设备状态：0停止、1运行、>=2故障/异常；原昆仑变量:设备0_读写4WUB0180,16-bit Unsigned
4组_01号_设备状态,MODBUS RTU,4x,181,设备状态：0停止、1运行、>=2故障/异常；原昆仑变量:设备0_读写4WUB0181,16-bit Unsigned
4组_02号_设备状态,MODBUS RTU,4x,182,设备状态：0停止、1运行、>=2故障/异常；原昆仑变量:设备0_读写4WUB0182,16-bit Unsigned
4组_03号_设备状态,MODBUS RTU,4x,183,设备状态：0停止、1运行、>=2故障/异常；原昆仑变量:设备0_读写4WUB0183,16-bit Unsigned
4组_04号_设备状态,MODBUS RTU,4x,184,设备状态：0停止、1运行、>=2故障/异常；原昆仑变量:设备0_读写4WUB0184,16-bit Unsigned
4组_05号_设备状态,MODBUS RTU,4x,185,设备状态：0停止、1运行、>=2故障/异常；原昆仑变量:设备0_读写4WUB0185,16-bit Unsigned
4组_06号_设备状态,MODBUS RTU,4x,186,设备状态：0停止、1运行、>=2故障/异常；原昆仑变量:设备0_读写4WUB0186,16-bit Unsigned
4组_07号_设备状态,MODBUS RTU,4x,187,设备状态：0停止、1运行、>=2故障/异常；原昆仑变量:设备0_读写4WUB0187,16-bit Unsigned
4组_08号_设备状态,MODBUS RTU,4x,188,设备状态：0停止、1运行、>=2故障/异常；原昆仑变量:设备0_读写4WUB0188,16-bit Unsigned
4组_09号_设备状态,MODBUS RTU,4x,189,设备状态：0停止、1运行、>=2故障/异常；原昆仑变量:设备0_读写4WUB0189,16-bit Unsigned
4组_10号_设备状态,MODBUS RTU,4x,190,设备状态：0停止、1运行、>=2故障/异常；原昆仑变量:设备0_读写4WUB0190,16-bit Unsigned
4组_11号_设备状态,MODBUS RTU,4x,191,设备状态：0停止、1运行、>=2故障/异常；原昆仑变量:设备0_读写4WUB0191,16-bit Unsigned
4组_12号_设备状态,MODBUS RTU,4x,192,设备状态：0停止、1运行、>=2故障/异常；原昆仑变量:设备0_读写4WUB0192,16-bit Unsigned
4组_13号_设备状态,MODBUS RTU,4x,193,设备状态：0停止、1运行、>=2故障/异常；原昆仑变量:设备0_读写4WUB0193,16-bit Unsigned
4组_14号_设备状态,MODBUS RTU,4x,194,设备状态：0停止、1运行、>=2故障/异常；原昆仑变量:设备0_读写4WUB0194,16-bit Unsigned
4组_15号_设备状态,MODBUS RTU,4x,195,设备状态：0停止、1运行、>=2故障/异常；原昆仑变量:设备0_读写4WUB0195,16-bit Unsigned
4组_16号_设备状态,MODBUS RTU,4x,196,设备状态：0停止、1运行、>=2故障/异常；原昆仑变量:设备0_读写4WUB0196,16-bit Unsigned
4组_17号_设备状态,MODBUS RTU,4x,197,设备状态：0停止、1运行、>=2故障/异常；原昆仑变量:设备0_读写4WUB0197,16-bit Unsigned
4组_18号_设备状态,MODBUS RTU,4x,198,设备状态：0停止、1运行、>=2故障/异常；原昆仑变量:设备0_读写4WUB0198,16-bit Unsigned
4组_19号_设备状态,MODBUS RTU,4x,199,设备状态：0停止、1运行、>=2故障/异常；原昆仑变量:设备0_读写4WUB0199,16-bit Unsigned
4组_20号_设备状态,MODBUS RTU,4x,200,设备状态：0停止、1运行、>=2故障/异常；原昆仑变量:设备0_读写4WUB0200,16-bit Unsigned
4组_21号_设备状态,MODBUS RTU,4x,201,设备状态：0停止、1运行、>=2故障/异常；原昆仑变量:设备0_读写4WUB0201,16-bit Unsigned
4组_22号_设备状态,MODBUS RTU,4x,202,设备状态：0停止、1运行、>=2故障/异常；原昆仑变量:设备0_读写4WUB0202,16-bit Unsigned
4组_23号_设备状态,MODBUS RTU,4x,203,设备状态：0停止、1运行、>=2故障/异常；原昆仑变量:设备0_读写4WUB0203,16-bit Unsigned
4组_24号_设备状态,MODBUS RTU,4x,204,设备状态：0停止、1运行、>=2故障/异常；原昆仑变量:设备0_读写4WUB0204,16-bit Unsigned
4组_25号_设备状态,MODBUS RTU,4x,205,设备状态：0停止、1运行、>=2故障/异常；原昆仑变量:设备0_读写4WUB0205,16-bit Unsigned
4组_26号_设备状态,MODBUS RTU,4x,206,设备状态：0停止、1运行、>=2故障/异常；原昆仑变量:设备0_读写4WUB0206,16-bit Unsigned
4组_27号_设备状态,MODBUS RTU,4x,207,设备状态：0停止、1运行、>=2故障/异常；原昆仑变量:设备0_读写4WUB0207,16-bit Unsigned
4组_28号_设备状态,MODBUS RTU,4x,208,设备状态：0停止、1运行、>=2故障/异常；原昆仑变量:设备0_读写4WUB0208,16-bit Unsigned
4组_29号_设备状态,MODBUS RTU,4x,209,设备状态：0停止、1运行、>=2故障/异常；原昆仑变量:设备0_读写4WUB0209,16-bit Unsigned
4组_30号_设备状态,MODBUS RTU,4x,210,设备状态：0停止、1运行、>=2故障/异常；原昆仑变量:设备0_读写4WUB0210,16-bit Unsigned
4组_31号_设备状态,MODBUS RTU,4x,211,设备状态：0停止、1运行、>=2故障/异常；原昆仑变量:设备0_读写4WUB0211,16-bit Unsigned
4组_32号_设备状态,MODBUS RTU,4x,212,设备状态：0停止、1运行、>=2故障/异常；原昆仑变量:设备0_读写4WUB0212,16-bit Unsigned
4组_33号_设备状态,MODBUS RTU,4x,213,设备状态：0停止、1运行、>=2故障/异常；原昆仑变量:设备0_读写4WUB0213,16-bit Unsigned
4组_34号_设备状态,MODBUS RTU,4x,214,设备状态：0停止、1运行、>=2故障/异常；原昆仑变量:设备0_读写4WUB0214,16-bit Unsigned
4组_35号_设备状态,MODBUS RTU,4x,215,设备状态：0停止、1运行、>=2故障/异常；原昆仑变量:设备0_读写4WUB0215,16-bit Unsigned
4组_36号_设备状态,MODBUS RTU,4x,216,设备状态：0停止、1运行、>=2故障/异常；原昆仑变量:设备0_读写4WUB0216,16-bit Unsigned
4组_37号_设备状态,MODBUS RTU,4x,217,设备状态：0停止、1运行、>=2故障/异常；原昆仑变量:设备0_读写4WUB0217,16-bit Unsigned
4组_38号_设备状态,MODBUS RTU,4x,218,设备状态：0停止、1运行、>=2故障/异常；原昆仑变量:设备0_读写4WUB0218,16-bit Unsigned
4组_39号_设备状态,MODBUS RTU,4x,219,设备状态：0停止、1运行、>=2故障/异常；原昆仑变量:设备0_读写4WUB0219,16-bit Unsigned
4组_40号_设备状态,MODBUS RTU,4x,220,设备状态：0停止、1运行、>=2故障/异常；原昆仑变量:设备0_读写4WUB0220,16-bit Unsigned
4组_41号_设备状态,MODBUS RTU,4x,221,设备状态：0停止、1运行、>=2故障/异常；原昆仑变量:设备0_读写4WUB0221,16-bit Unsigned
4组_42号_设备状态,MODBUS RTU,4x,222,设备状态：0停止、1运行、>=2故障/异常；原昆仑变量:设备0_读写4WUB0222,16-bit Unsigned
4组_43号_设备状态,MODBUS RTU,4x,223,设备状态：0停止、1运行、>=2故障/异常；原昆仑变量:设备0_读写4WUB0223,16-bit Unsigned
4组_44号_设备状态,MODBUS RTU,4x,224,设备状态：0停止、1运行、>=2故障/异常；原昆仑变量:设备0_读写4WUB0224,16-bit Unsigned
4组_45号_设备状态,MODBUS RTU,4x,225,设备状态：0停止、1运行、>=2故障/异常；原昆仑变量:设备0_读写4WUB0225,16-bit Unsigned
4组_46号_设备状态,MODBUS RTU,4x,226,设备状态：0停止、1运行、>=2故障/异常；原昆仑变量:设备0_读写4WUB0226,16-bit Unsigned
4组_47号_设备状态,MODBUS RTU,4x,227,设备状态：0停止、1运行、>=2故障/异常；原昆仑变量:设备0_读写4WUB0227,16-bit Unsigned
4组_48号_设备状态,MODBUS RTU,4x,228,设备状态：0停止、1运行、>=2故障/异常；原昆仑变量:设备0_读写4WUB0228,16-bit Unsigned
4组_49号_设备状态,MODBUS RTU,4x,229,设备状态：0停止、1运行、>=2故障/异常；原昆仑变量:设备0_读写4WUB0229,16-bit Unsigned
4组_50号_设备状态,MODBUS RTU,4x,230,设备状态：0停止、1运行、>=2故障/异常；原昆仑变量:设备0_读写4WUB0230,16-bit Unsigned
4组_51号_设备状态,MODBUS RTU,4x,231,设备状态：0停止、1运行、>=2故障/异常；原昆仑变量:设备0_读写4WUB0231,16-bit Unsigned
4组_52号_设备状态,MODBUS RTU,4x,232,设备状态：0停止、1运行、>=2故障/异常；原昆仑变量:设备0_读写4WUB0232,16-bit Unsigned
4组_53号_设备状态,MODBUS RTU,4x,233,设备状态：0停止、1运行、>=2故障/异常；原昆仑变量:设备0_读写4WUB0233,16-bit Unsigned
4组_54号_设备状态,MODBUS RTU,4x,234,设备状态：0停止、1运行、>=2故障/异常；原昆仑变量:设备0_读写4WUB0234,16-bit Unsigned
4组_55号_设备状态,MODBUS RTU,4x,235,设备状态：0停止、1运行、>=2故障/异常；原昆仑变量:设备0_读写4WUB0235,16-bit Unsigned
4组_56号_设备状态,MODBUS RTU,4x,236,设备状态：0停止、1运行、>=2故障/异常；原昆仑变量:设备0_读写4WUB0236,16-bit Unsigned
4组_57号_设备状态,MODBUS RTU,4x,237,设备状态：0停止、1运行、>=2故障/异常；原昆仑变量:设备0_读写4WUB0237,16-bit Unsigned
4组_58号_设备状态,MODBUS RTU,4x,238,设备状态：0停止、1运行、>=2故障/异常；原昆仑变量:设备0_读写4WUB0238,16-bit Unsigned
4组_59号_设备状态,MODBUS RTU,4x,239,设备状态：0停止、1运行、>=2故障/异常；原昆仑变量:设备0_读写4WUB0239,16-bit Unsigned
4组_60号_设备状态,MODBUS RTU,4x,240,设备状态：0停止、1运行、>=2故障/异常；原昆仑变量:设备0_读写4WUB0240,16-bit Unsigned
5组_01号_设备状态,MODBUS RTU,4x,241,设备状态：0停止、1运行、>=2故障/异常；原昆仑变量:设备0_读写4WUB0241,16-bit Unsigned
5组_02号_设备状态,MODBUS RTU,4x,242,设备状态：0停止、1运行、>=2故障/异常；原昆仑变量:设备0_读写4WUB0242,16-bit Unsigned
5组_03号_设备状态,MODBUS RTU,4x,243,设备状态：0停止、1运行、>=2故障/异常；原昆仑变量:设备0_读写4WUB0243,16-bit Unsigned
5组_04号_设备状态,MODBUS RTU,4x,244,设备状态：0停止、1运行、>=2故障/异常；原昆仑变量:设备0_读写4WUB0244,16-bit Unsigned
5组_05号_设备状态,MODBUS RTU,4x,245,设备状态：0停止、1运行、>=2故障/异常；原昆仑变量:设备0_读写4WUB0245,16-bit Unsigned
5组_06号_设备状态,MODBUS RTU,4x,246,设备状态：0停止、1运行、>=2故障/异常；原昆仑变量:设备0_读写4WUB0246,16-bit Unsigned
5组_07号_设备状态,MODBUS RTU,4x,247,设备状态：0停止、1运行、>=2故障/异常；原昆仑变量:设备0_读写4WUB0247,16-bit Unsigned
5组_08号_设备状态,MODBUS RTU,4x,248,设备状态：0停止、1运行、>=2故障/异常；原昆仑变量:设备0_读写4WUB0248,16-bit Unsigned
5组_09号_设备状态,MODBUS RTU,4x,249,设备状态：0停止、1运行、>=2故障/异常；原昆仑变量:设备0_读写4WUB0249,16-bit Unsigned
5组_10号_设备状态,MODBUS RTU,4x,250,设备状态：0停止、1运行、>=2故障/异常；原昆仑变量:设备0_读写4WUB0250,16-bit Unsigned
5组_11号_设备状态,MODBUS RTU,4x,251,设备状态：0停止、1运行、>=2故障/异常；原昆仑变量:设备0_读写4WUB0251,16-bit Unsigned
5组_12号_设备状态,MODBUS RTU,4x,252,设备状态：0停止、1运行、>=2故障/异常；原昆仑变量:设备0_读写4WUB0252,16-bit Unsigned
5组_13号_设备状态,MODBUS RTU,4x,253,设备状态：0停止、1运行、>=2故障/异常；原昆仑变量:设备0_读写4WUB0253,16-bit Unsigned
5组_14号_设备状态,MODBUS RTU,4x,254,设备状态：0停止、1运行、>=2故障/异常；原昆仑变量:设备0_读写4WUB0254,16-bit Unsigned
5组_15号_设备状态,MODBUS RTU,4x,255,设备状态：0停止、1运行、>=2故障/异常；原昆仑变量:设备0_读写4WUB0255,16-bit Unsigned
5组_16号_设备状态,MODBUS RTU,4x,256,设备状态：0停止、1运行、>=2故障/异常；原昆仑变量:设备0_读写4WUB0256,16-bit Unsigned
5组_17号_设备状态,MODBUS RTU,4x,257,设备状态：0停止、1运行、>=2故障/异常；原昆仑变量:设备0_读写4WUB0257,16-bit Unsigned
5组_18号_设备状态,MODBUS RTU,4x,258,设备状态：0停止、1运行、>=2故障/异常；原昆仑变量:设备0_读写4WUB0258,16-bit Unsigned
5组_19号_设备状态,MODBUS RTU,4x,259,设备状态：0停止、1运行、>=2故障/异常；原昆仑变量:设备0_读写4WUB0259,16-bit Unsigned
5组_20号_设备状态,MODBUS RTU,4x,260,设备状态：0停止、1运行、>=2故障/异常；原昆仑变量:设备0_读写4WUB0260,16-bit Unsigned
5组_21号_设备状态,MODBUS RTU,4x,261,设备状态：0停止、1运行、>=2故障/异常；原昆仑变量:设备0_读写4WUB0261,16-bit Unsigned
5组_22号_设备状态,MODBUS RTU,4x,262,设备状态：0停止、1运行、>=2故障/异常；原昆仑变量:设备0_读写4WUB0262,16-bit Unsigned
5组_23号_设备状态,MODBUS RTU,4x,263,设备状态：0停止、1运行、>=2故障/异常；原昆仑变量:设备0_读写4WUB0263,16-bit Unsigned
5组_24号_设备状态,MODBUS RTU,4x,264,设备状态：0停止、1运行、>=2故障/异常；原昆仑变量:设备0_读写4WUB0264,16-bit Unsigned
5组_25号_设备状态,MODBUS RTU,4x,265,设备状态：0停止、1运行、>=2故障/异常；原昆仑变量:设备0_读写4WUB0265,16-bit Unsigned
5组_26号_设备状态,MODBUS RTU,4x,266,设备状态：0停止、1运行、>=2故障/异常；原昆仑变量:设备0_读写4WUB0266,16-bit Unsigned
5组_27号_设备状态,MODBUS RTU,4x,267,设备状态：0停止、1运行、>=2故障/异常；原昆仑变量:设备0_读写4WUB0267,16-bit Unsigned
5组_28号_设备状态,MODBUS RTU,4x,268,设备状态：0停止、1运行、>=2故障/异常；原昆仑变量:设备0_读写4WUB0268,16-bit Unsigned
5组_29号_设备状态,MODBUS RTU,4x,269,设备状态：0停止、1运行、>=2故障/异常；原昆仑变量:设备0_读写4WUB0269,16-bit Unsigned
5组_30号_设备状态,MODBUS RTU,4x,270,设备状态：0停止、1运行、>=2故障/异常；原昆仑变量:设备0_读写4WUB0270,16-bit Unsigned
5组_31号_设备状态,MODBUS RTU,4x,271,设备状态：0停止、1运行、>=2故障/异常；原昆仑变量:设备0_读写4WUB0271,16-bit Unsigned
5组_32号_设备状态,MODBUS RTU,4x,272,设备状态：0停止、1运行、>=2故障/异常；原昆仑变量:设备0_读写4WUB0272,16-bit Unsigned
5组_33号_设备状态,MODBUS RTU,4x,273,设备状态：0停止、1运行、>=2故障/异常；原昆仑变量:设备0_读写4WUB0273,16-bit Unsigned
5组_34号_设备状态,MODBUS RTU,4x,274,设备状态：0停止、1运行、>=2故障/异常；原昆仑变量:设备0_读写4WUB0274,16-bit Unsigned
5组_35号_设备状态,MODBUS RTU,4x,275,设备状态：0停止、1运行、>=2故障/异常；原昆仑变量:设备0_读写4WUB0275,16-bit Unsigned
5组_36号_设备状态,MODBUS RTU,4x,276,设备状态：0停止、1运行、>=2故障/异常；原昆仑变量:设备0_读写4WUB0276,16-bit Unsigned
5组_37号_设备状态,MODBUS RTU,4x,277,设备状态：0停止、1运行、>=2故障/异常；原昆仑变量:设备0_读写4WUB0277,16-bit Unsigned
5组_38号_设备状态,MODBUS RTU,4x,278,设备状态：0停止、1运行、>=2故障/异常；原昆仑变量:设备0_读写4WUB0278,16-bit Unsigned
5组_39号_设备状态,MODBUS RTU,4x,279,设备状态：0停止、1运行、>=2故障/异常；原昆仑变量:设备0_读写4WUB0279,16-bit Unsigned
5组_40号_设备状态,MODBUS RTU,4x,280,设备状态：0停止、1运行、>=2故障/异常；原昆仑变量:设备0_读写4WUB0280,16-bit Unsigned
5组_41号_设备状态,MODBUS RTU,4x,281,设备状态：0停止、1运行、>=2故障/异常；原昆仑变量:设备0_读写4WUB0281,16-bit Unsigned
5组_42号_设备状态,MODBUS RTU,4x,282,设备状态：0停止、1运行、>=2故障/异常；原昆仑变量:设备0_读写4WUB0282,16-bit Unsigned
5组_43号_设备状态,MODBUS RTU,4x,283,设备状态：0停止、1运行、>=2故障/异常；原昆仑变量:设备0_读写4WUB0283,16-bit Unsigned
5组_44号_设备状态,MODBUS RTU,4x,284,设备状态：0停止、1运行、>=2故障/异常；原昆仑变量:设备0_读写4WUB0284,16-bit Unsigned
5组_45号_设备状态,MODBUS RTU,4x,285,设备状态：0停止、1运行、>=2故障/异常；原昆仑变量:设备0_读写4WUB0285,16-bit Unsigned
5组_46号_设备状态,MODBUS RTU,4x,286,设备状态：0停止、1运行、>=2故障/异常；原昆仑变量:设备0_读写4WUB0286,16-bit Unsigned
5组_47号_设备状态,MODBUS RTU,4x,287,设备状态：0停止、1运行、>=2故障/异常；原昆仑变量:设备0_读写4WUB0287,16-bit Unsigned
5组_48号_设备状态,MODBUS RTU,4x,288,设备状态：0停止、1运行、>=2故障/异常；原昆仑变量:设备0_读写4WUB0288,16-bit Unsigned
5组_49号_设备状态,MODBUS RTU,4x,289,设备状态：0停止、1运行、>=2故障/异常；原昆仑变量:设备0_读写4WUB0289,16-bit Unsigned
5组_50号_设备状态,MODBUS RTU,4x,290,设备状态：0停止、1运行、>=2故障/异常；原昆仑变量:设备0_读写4WUB0290,16-bit Unsigned
5组_51号_设备状态,MODBUS RTU,4x,291,设备状态：0停止、1运行、>=2故障/异常；原昆仑变量:设备0_读写4WUB0291,16-bit Unsigned
5组_52号_设备状态,MODBUS RTU,4x,292,设备状态：0停止、1运行、>=2故障/异常；原昆仑变量:设备0_读写4WUB0292,16-bit Unsigned
5组_53号_设备状态,MODBUS RTU,4x,293,设备状态：0停止、1运行、>=2故障/异常；原昆仑变量:设备0_读写4WUB0293,16-bit Unsigned
5组_54号_设备状态,MODBUS RTU,4x,294,设备状态：0停止、1运行、>=2故障/异常；原昆仑变量:设备0_读写4WUB0294,16-bit Unsigned
5组_55号_设备状态,MODBUS RTU,4x,295,设备状态：0停止、1运行、>=2故障/异常；原昆仑变量:设备0_读写4WUB0295,16-bit Unsigned
5组_56号_设备状态,MODBUS RTU,4x,296,设备状态：0停止、1运行、>=2故障/异常；原昆仑变量:设备0_读写4WUB0296,16-bit Unsigned
5组_57号_设备状态,MODBUS RTU,4x,297,设备状态：0停止、1运行、>=2故障/异常；原昆仑变量:设备0_读写4WUB0297,16-bit Unsigned
5组_58号_设备状态,MODBUS RTU,4x,298,设备状态：0停止、1运行、>=2故障/异常；原昆仑变量:设备0_读写4WUB0298,16-bit Unsigned
5组_59号_设备状态,MODBUS RTU,4x,299,设备状态：0停止、1运行、>=2故障/异常；原昆仑变量:设备0_读写4WUB0299,16-bit Unsigned
5组_60号_设备状态,MODBUS RTU,4x,300,设备状态：0停止、1运行、>=2故障/异常；原昆仑变量:设备0_读写4WUB0300,16-bit Unsigned
1组_01号_实际转速,MODBUS RTU,4x,301,实际转速，单位rpm；原昆仑变量:设备0_读写4WUB0301,16-bit Unsigned
1组_02号_实际转速,MODBUS RTU,4x,302,实际转速，单位rpm；原昆仑变量:设备0_读写4WUB0302,16-bit Unsigned
1组_03号_实际转速,MODBUS RTU,4x,303,实际转速，单位rpm；原昆仑变量:设备0_读写4WUB0303,16-bit Unsigned
1组_04号_实际转速,MODBUS RTU,4x,304,实际转速，单位rpm；原昆仑变量:设备0_读写4WUB0304,16-bit Unsigned
1组_05号_实际转速,MODBUS RTU,4x,305,实际转速，单位rpm；原昆仑变量:设备0_读写4WUB0305,16-bit Unsigned
1组_06号_实际转速,MODBUS RTU,4x,306,实际转速，单位rpm；原昆仑变量:设备0_读写4WUB0306,16-bit Unsigned
1组_07号_实际转速,MODBUS RTU,4x,307,实际转速，单位rpm；原昆仑变量:设备0_读写4WUB0307,16-bit Unsigned
1组_08号_实际转速,MODBUS RTU,4x,308,实际转速，单位rpm；原昆仑变量:设备0_读写4WUB0308,16-bit Unsigned
1组_09号_实际转速,MODBUS RTU,4x,309,实际转速，单位rpm；原昆仑变量:设备0_读写4WUB0309,16-bit Unsigned
1组_10号_实际转速,MODBUS RTU,4x,310,实际转速，单位rpm；原昆仑变量:设备0_读写4WUB0310,16-bit Unsigned
1组_11号_实际转速,MODBUS RTU,4x,311,实际转速，单位rpm；原昆仑变量:设备0_读写4WUB0311,16-bit Unsigned
1组_12号_实际转速,MODBUS RTU,4x,312,实际转速，单位rpm；原昆仑变量:设备0_读写4WUB0312,16-bit Unsigned
1组_13号_实际转速,MODBUS RTU,4x,313,实际转速，单位rpm；原昆仑变量:设备0_读写4WUB0313,16-bit Unsigned
1组_14号_实际转速,MODBUS RTU,4x,314,实际转速，单位rpm；原昆仑变量:设备0_读写4WUB0314,16-bit Unsigned
1组_15号_实际转速,MODBUS RTU,4x,315,实际转速，单位rpm；原昆仑变量:设备0_读写4WUB0315,16-bit Unsigned
1组_16号_实际转速,MODBUS RTU,4x,316,实际转速，单位rpm；原昆仑变量:设备0_读写4WUB0316,16-bit Unsigned
1组_17号_实际转速,MODBUS RTU,4x,317,实际转速，单位rpm；原昆仑变量:设备0_读写4WUB0317,16-bit Unsigned
1组_18号_实际转速,MODBUS RTU,4x,318,实际转速，单位rpm；原昆仑变量:设备0_读写4WUB0318,16-bit Unsigned
1组_19号_实际转速,MODBUS RTU,4x,319,实际转速，单位rpm；原昆仑变量:设备0_读写4WUB0319,16-bit Unsigned
1组_20号_实际转速,MODBUS RTU,4x,320,实际转速，单位rpm；原昆仑变量:设备0_读写4WUB0320,16-bit Unsigned
1组_21号_实际转速,MODBUS RTU,4x,321,实际转速，单位rpm；原昆仑变量:设备0_读写4WUB0321,16-bit Unsigned
1组_22号_实际转速,MODBUS RTU,4x,322,实际转速，单位rpm；原昆仑变量:设备0_读写4WUB0322,16-bit Unsigned
1组_23号_实际转速,MODBUS RTU,4x,323,实际转速，单位rpm；原昆仑变量:设备0_读写4WUB0323,16-bit Unsigned
1组_24号_实际转速,MODBUS RTU,4x,324,实际转速，单位rpm；原昆仑变量:设备0_读写4WUB0324,16-bit Unsigned
1组_25号_实际转速,MODBUS RTU,4x,325,实际转速，单位rpm；原昆仑变量:设备0_读写4WUB0325,16-bit Unsigned
1组_26号_实际转速,MODBUS RTU,4x,326,实际转速，单位rpm；原昆仑变量:设备0_读写4WUB0326,16-bit Unsigned
1组_27号_实际转速,MODBUS RTU,4x,327,实际转速，单位rpm；原昆仑变量:设备0_读写4WUB0327,16-bit Unsigned
1组_28号_实际转速,MODBUS RTU,4x,328,实际转速，单位rpm；原昆仑变量:设备0_读写4WUB0328,16-bit Unsigned
1组_29号_实际转速,MODBUS RTU,4x,329,实际转速，单位rpm；原昆仑变量:设备0_读写4WUB0329,16-bit Unsigned
1组_30号_实际转速,MODBUS RTU,4x,330,实际转速，单位rpm；原昆仑变量:设备0_读写4WUB0330,16-bit Unsigned
1组_31号_实际转速,MODBUS RTU,4x,331,实际转速，单位rpm；原昆仑变量:设备0_读写4WUB0331,16-bit Unsigned
1组_32号_实际转速,MODBUS RTU,4x,332,实际转速，单位rpm；原昆仑变量:设备0_读写4WUB0332,16-bit Unsigned
1组_33号_实际转速,MODBUS RTU,4x,333,实际转速，单位rpm；原昆仑变量:设备0_读写4WUB0333,16-bit Unsigned
1组_34号_实际转速,MODBUS RTU,4x,334,实际转速，单位rpm；原昆仑变量:设备0_读写4WUB0334,16-bit Unsigned
1组_35号_实际转速,MODBUS RTU,4x,335,实际转速，单位rpm；原昆仑变量:设备0_读写4WUB0335,16-bit Unsigned
1组_36号_实际转速,MODBUS RTU,4x,336,实际转速，单位rpm；原昆仑变量:设备0_读写4WUB0336,16-bit Unsigned
1组_37号_实际转速,MODBUS RTU,4x,337,实际转速，单位rpm；原昆仑变量:设备0_读写4WUB0337,16-bit Unsigned
1组_38号_实际转速,MODBUS RTU,4x,338,实际转速，单位rpm；原昆仑变量:设备0_读写4WUB0338,16-bit Unsigned
1组_39号_实际转速,MODBUS RTU,4x,339,实际转速，单位rpm；原昆仑变量:设备0_读写4WUB0339,16-bit Unsigned
1组_40号_实际转速,MODBUS RTU,4x,340,实际转速，单位rpm；原昆仑变量:设备0_读写4WUB0340,16-bit Unsigned
1组_41号_实际转速,MODBUS RTU,4x,341,实际转速，单位rpm；原昆仑变量:设备0_读写4WUB0341,16-bit Unsigned
1组_42号_实际转速,MODBUS RTU,4x,342,实际转速，单位rpm；原昆仑变量:设备0_读写4WUB0342,16-bit Unsigned
1组_43号_实际转速,MODBUS RTU,4x,343,实际转速，单位rpm；原昆仑变量:设备0_读写4WUB0343,16-bit Unsigned
1组_44号_实际转速,MODBUS RTU,4x,344,实际转速，单位rpm；原昆仑变量:设备0_读写4WUB0344,16-bit Unsigned
1组_45号_实际转速,MODBUS RTU,4x,345,实际转速，单位rpm；原昆仑变量:设备0_读写4WUB0345,16-bit Unsigned
1组_46号_实际转速,MODBUS RTU,4x,346,实际转速，单位rpm；原昆仑变量:设备0_读写4WUB0346,16-bit Unsigned
1组_47号_实际转速,MODBUS RTU,4x,347,实际转速，单位rpm；原昆仑变量:设备0_读写4WUB0347,16-bit Unsigned
1组_48号_实际转速,MODBUS RTU,4x,348,实际转速，单位rpm；原昆仑变量:设备0_读写4WUB0348,16-bit Unsigned
1组_49号_实际转速,MODBUS RTU,4x,349,实际转速，单位rpm；原昆仑变量:设备0_读写4WUB0349,16-bit Unsigned
1组_50号_实际转速,MODBUS RTU,4x,350,实际转速，单位rpm；原昆仑变量:设备0_读写4WUB0350,16-bit Unsigned
1组_51号_实际转速,MODBUS RTU,4x,351,实际转速，单位rpm；原昆仑变量:设备0_读写4WUB0351,16-bit Unsigned
1组_52号_实际转速,MODBUS RTU,4x,352,实际转速，单位rpm；原昆仑变量:设备0_读写4WUB0352,16-bit Unsigned
1组_53号_实际转速,MODBUS RTU,4x,353,实际转速，单位rpm；原昆仑变量:设备0_读写4WUB0353,16-bit Unsigned
1组_54号_实际转速,MODBUS RTU,4x,354,实际转速，单位rpm；原昆仑变量:设备0_读写4WUB0354,16-bit Unsigned
1组_55号_实际转速,MODBUS RTU,4x,355,实际转速，单位rpm；原昆仑变量:设备0_读写4WUB0355,16-bit Unsigned
1组_56号_实际转速,MODBUS RTU,4x,356,实际转速，单位rpm；原昆仑变量:设备0_读写4WUB0356,16-bit Unsigned
1组_57号_实际转速,MODBUS RTU,4x,357,实际转速，单位rpm；原昆仑变量:设备0_读写4WUB0357,16-bit Unsigned
1组_58号_实际转速,MODBUS RTU,4x,358,实际转速，单位rpm；原昆仑变量:设备0_读写4WUB0358,16-bit Unsigned
1组_59号_实际转速,MODBUS RTU,4x,359,实际转速，单位rpm；原昆仑变量:设备0_读写4WUB0359,16-bit Unsigned
1组_60号_实际转速,MODBUS RTU,4x,360,实际转速，单位rpm；原昆仑变量:设备0_读写4WUB0360,16-bit Unsigned
2组_01号_实际转速,MODBUS RTU,4x,361,实际转速，单位rpm；原昆仑变量:设备0_读写4WUB0361,16-bit Unsigned
2组_02号_实际转速,MODBUS RTU,4x,362,实际转速，单位rpm；原昆仑变量:设备0_读写4WUB0362,16-bit Unsigned
2组_03号_实际转速,MODBUS RTU,4x,363,实际转速，单位rpm；原昆仑变量:设备0_读写4WUB0363,16-bit Unsigned
2组_04号_实际转速,MODBUS RTU,4x,364,实际转速，单位rpm；原昆仑变量:设备0_读写4WUB0364,16-bit Unsigned
2组_05号_实际转速,MODBUS RTU,4x,365,实际转速，单位rpm；原昆仑变量:设备0_读写4WUB0365,16-bit Unsigned
2组_06号_实际转速,MODBUS RTU,4x,366,实际转速，单位rpm；原昆仑变量:设备0_读写4WUB0366,16-bit Unsigned
2组_07号_实际转速,MODBUS RTU,4x,367,实际转速，单位rpm；原昆仑变量:设备0_读写4WUB0367,16-bit Unsigned
2组_08号_实际转速,MODBUS RTU,4x,368,实际转速，单位rpm；原昆仑变量:设备0_读写4WUB0368,16-bit Unsigned
2组_09号_实际转速,MODBUS RTU,4x,369,实际转速，单位rpm；原昆仑变量:设备0_读写4WUB0369,16-bit Unsigned
2组_10号_实际转速,MODBUS RTU,4x,370,实际转速，单位rpm；原昆仑变量:设备0_读写4WUB0370,16-bit Unsigned
2组_11号_实际转速,MODBUS RTU,4x,371,实际转速，单位rpm；原昆仑变量:设备0_读写4WUB0371,16-bit Unsigned
2组_12号_实际转速,MODBUS RTU,4x,372,实际转速，单位rpm；原昆仑变量:设备0_读写4WUB0372,16-bit Unsigned
2组_13号_实际转速,MODBUS RTU,4x,373,实际转速，单位rpm；原昆仑变量:设备0_读写4WUB0373,16-bit Unsigned
2组_14号_实际转速,MODBUS RTU,4x,374,实际转速，单位rpm；原昆仑变量:设备0_读写4WUB0374,16-bit Unsigned
2组_15号_实际转速,MODBUS RTU,4x,375,实际转速，单位rpm；原昆仑变量:设备0_读写4WUB0375,16-bit Unsigned
2组_16号_实际转速,MODBUS RTU,4x,376,实际转速，单位rpm；原昆仑变量:设备0_读写4WUB0376,16-bit Unsigned
2组_17号_实际转速,MODBUS RTU,4x,377,实际转速，单位rpm；原昆仑变量:设备0_读写4WUB0377,16-bit Unsigned
2组_18号_实际转速,MODBUS RTU,4x,378,实际转速，单位rpm；原昆仑变量:设备0_读写4WUB0378,16-bit Unsigned
2组_19号_实际转速,MODBUS RTU,4x,379,实际转速，单位rpm；原昆仑变量:设备0_读写4WUB0379,16-bit Unsigned
2组_20号_实际转速,MODBUS RTU,4x,380,实际转速，单位rpm；原昆仑变量:设备0_读写4WUB0380,16-bit Unsigned
2组_21号_实际转速,MODBUS RTU,4x,381,实际转速，单位rpm；原昆仑变量:设备0_读写4WUB0381,16-bit Unsigned
2组_22号_实际转速,MODBUS RTU,4x,382,实际转速，单位rpm；原昆仑变量:设备0_读写4WUB0382,16-bit Unsigned
2组_23号_实际转速,MODBUS RTU,4x,383,实际转速，单位rpm；原昆仑变量:设备0_读写4WUB0383,16-bit Unsigned
2组_24号_实际转速,MODBUS RTU,4x,384,实际转速，单位rpm；原昆仑变量:设备0_读写4WUB0384,16-bit Unsigned
2组_25号_实际转速,MODBUS RTU,4x,385,实际转速，单位rpm；原昆仑变量:设备0_读写4WUB0385,16-bit Unsigned
2组_26号_实际转速,MODBUS RTU,4x,386,实际转速，单位rpm；原昆仑变量:设备0_读写4WUB0386,16-bit Unsigned
2组_27号_实际转速,MODBUS RTU,4x,387,实际转速，单位rpm；原昆仑变量:设备0_读写4WUB0387,16-bit Unsigned
2组_28号_实际转速,MODBUS RTU,4x,388,实际转速，单位rpm；原昆仑变量:设备0_读写4WUB0388,16-bit Unsigned
2组_29号_实际转速,MODBUS RTU,4x,389,实际转速，单位rpm；原昆仑变量:设备0_读写4WUB0389,16-bit Unsigned
2组_30号_实际转速,MODBUS RTU,4x,390,实际转速，单位rpm；原昆仑变量:设备0_读写4WUB0390,16-bit Unsigned
2组_31号_实际转速,MODBUS RTU,4x,391,实际转速，单位rpm；原昆仑变量:设备0_读写4WUB0391,16-bit Unsigned
2组_32号_实际转速,MODBUS RTU,4x,392,实际转速，单位rpm；原昆仑变量:设备0_读写4WUB0392,16-bit Unsigned
2组_33号_实际转速,MODBUS RTU,4x,393,实际转速，单位rpm；原昆仑变量:设备0_读写4WUB0393,16-bit Unsigned
2组_34号_实际转速,MODBUS RTU,4x,394,实际转速，单位rpm；原昆仑变量:设备0_读写4WUB0394,16-bit Unsigned
2组_35号_实际转速,MODBUS RTU,4x,395,实际转速，单位rpm；原昆仑变量:设备0_读写4WUB0395,16-bit Unsigned
2组_36号_实际转速,MODBUS RTU,4x,396,实际转速，单位rpm；原昆仑变量:设备0_读写4WUB0396,16-bit Unsigned
2组_37号_实际转速,MODBUS RTU,4x,397,实际转速，单位rpm；原昆仑变量:设备0_读写4WUB0397,16-bit Unsigned
2组_38号_实际转速,MODBUS RTU,4x,398,实际转速，单位rpm；原昆仑变量:设备0_读写4WUB0398,16-bit Unsigned
2组_39号_实际转速,MODBUS RTU,4x,399,实际转速，单位rpm；原昆仑变量:设备0_读写4WUB0399,16-bit Unsigned
2组_40号_实际转速,MODBUS RTU,4x,400,实际转速，单位rpm；原昆仑变量:设备0_读写4WUB0400,16-bit Unsigned
2组_41号_实际转速,MODBUS RTU,4x,401,实际转速，单位rpm；原昆仑变量:设备0_读写4WUB0401,16-bit Unsigned
2组_42号_实际转速,MODBUS RTU,4x,402,实际转速，单位rpm；原昆仑变量:设备0_读写4WUB0402,16-bit Unsigned
2组_43号_实际转速,MODBUS RTU,4x,403,实际转速，单位rpm；原昆仑变量:设备0_读写4WUB0403,16-bit Unsigned
2组_44号_实际转速,MODBUS RTU,4x,404,实际转速，单位rpm；原昆仑变量:设备0_读写4WUB0404,16-bit Unsigned
2组_45号_实际转速,MODBUS RTU,4x,405,实际转速，单位rpm；原昆仑变量:设备0_读写4WUB0405,16-bit Unsigned
2组_46号_实际转速,MODBUS RTU,4x,406,实际转速，单位rpm；原昆仑变量:设备0_读写4WUB0406,16-bit Unsigned
2组_47号_实际转速,MODBUS RTU,4x,407,实际转速，单位rpm；原昆仑变量:设备0_读写4WUB0407,16-bit Unsigned
2组_48号_实际转速,MODBUS RTU,4x,408,实际转速，单位rpm；原昆仑变量:设备0_读写4WUB0408,16-bit Unsigned
2组_49号_实际转速,MODBUS RTU,4x,409,实际转速，单位rpm；原昆仑变量:设备0_读写4WUB0409,16-bit Unsigned
2组_50号_实际转速,MODBUS RTU,4x,410,实际转速，单位rpm；原昆仑变量:设备0_读写4WUB0410,16-bit Unsigned
2组_51号_实际转速,MODBUS RTU,4x,411,实际转速，单位rpm；原昆仑变量:设备0_读写4WUB0411,16-bit Unsigned
2组_52号_实际转速,MODBUS RTU,4x,412,实际转速，单位rpm；原昆仑变量:设备0_读写4WUB0412,16-bit Unsigned
2组_53号_实际转速,MODBUS RTU,4x,413,实际转速，单位rpm；原昆仑变量:设备0_读写4WUB0413,16-bit Unsigned
2组_54号_实际转速,MODBUS RTU,4x,414,实际转速，单位rpm；原昆仑变量:设备0_读写4WUB0414,16-bit Unsigned
2组_55号_实际转速,MODBUS RTU,4x,415,实际转速，单位rpm；原昆仑变量:设备0_读写4WUB0415,16-bit Unsigned
2组_56号_实际转速,MODBUS RTU,4x,416,实际转速，单位rpm；原昆仑变量:设备0_读写4WUB0416,16-bit Unsigned
2组_57号_实际转速,MODBUS RTU,4x,417,实际转速，单位rpm；原昆仑变量:设备0_读写4WUB0417,16-bit Unsigned
2组_58号_实际转速,MODBUS RTU,4x,418,实际转速，单位rpm；原昆仑变量:设备0_读写4WUB0418,16-bit Unsigned
2组_59号_实际转速,MODBUS RTU,4x,419,实际转速，单位rpm；原昆仑变量:设备0_读写4WUB0419,16-bit Unsigned
2组_60号_实际转速,MODBUS RTU,4x,420,实际转速，单位rpm；原昆仑变量:设备0_读写4WUB0420,16-bit Unsigned
3组_01号_实际转速,MODBUS RTU,4x,421,实际转速，单位rpm；原昆仑变量:设备0_读写4WUB0421,16-bit Unsigned
3组_02号_实际转速,MODBUS RTU,4x,422,实际转速，单位rpm；原昆仑变量:设备0_读写4WUB0422,16-bit Unsigned
3组_03号_实际转速,MODBUS RTU,4x,423,实际转速，单位rpm；原昆仑变量:设备0_读写4WUB0423,16-bit Unsigned
3组_04号_实际转速,MODBUS RTU,4x,424,实际转速，单位rpm；原昆仑变量:设备0_读写4WUB0424,16-bit Unsigned
3组_05号_实际转速,MODBUS RTU,4x,425,实际转速，单位rpm；原昆仑变量:设备0_读写4WUB0425,16-bit Unsigned
3组_06号_实际转速,MODBUS RTU,4x,426,实际转速，单位rpm；原昆仑变量:设备0_读写4WUB0426,16-bit Unsigned
3组_07号_实际转速,MODBUS RTU,4x,427,实际转速，单位rpm；原昆仑变量:设备0_读写4WUB0427,16-bit Unsigned
3组_08号_实际转速,MODBUS RTU,4x,428,实际转速，单位rpm；原昆仑变量:设备0_读写4WUB0428,16-bit Unsigned
3组_09号_实际转速,MODBUS RTU,4x,429,实际转速，单位rpm；原昆仑变量:设备0_读写4WUB0429,16-bit Unsigned
3组_10号_实际转速,MODBUS RTU,4x,430,实际转速，单位rpm；原昆仑变量:设备0_读写4WUB0430,16-bit Unsigned
3组_11号_实际转速,MODBUS RTU,4x,431,实际转速，单位rpm；原昆仑变量:设备0_读写4WUB0431,16-bit Unsigned
3组_12号_实际转速,MODBUS RTU,4x,432,实际转速，单位rpm；原昆仑变量:设备0_读写4WUB0432,16-bit Unsigned
3组_13号_实际转速,MODBUS RTU,4x,433,实际转速，单位rpm；原昆仑变量:设备0_读写4WUB0433,16-bit Unsigned
3组_14号_实际转速,MODBUS RTU,4x,434,实际转速，单位rpm；原昆仑变量:设备0_读写4WUB0434,16-bit Unsigned
3组_15号_实际转速,MODBUS RTU,4x,435,实际转速，单位rpm；原昆仑变量:设备0_读写4WUB0435,16-bit Unsigned
3组_16号_实际转速,MODBUS RTU,4x,436,实际转速，单位rpm；原昆仑变量:设备0_读写4WUB0436,16-bit Unsigned
3组_17号_实际转速,MODBUS RTU,4x,437,实际转速，单位rpm；原昆仑变量:设备0_读写4WUB0437,16-bit Unsigned
3组_18号_实际转速,MODBUS RTU,4x,438,实际转速，单位rpm；原昆仑变量:设备0_读写4WUB0438,16-bit Unsigned
3组_19号_实际转速,MODBUS RTU,4x,439,实际转速，单位rpm；原昆仑变量:设备0_读写4WUB0439,16-bit Unsigned
3组_20号_实际转速,MODBUS RTU,4x,440,实际转速，单位rpm；原昆仑变量:设备0_读写4WUB0440,16-bit Unsigned
3组_21号_实际转速,MODBUS RTU,4x,441,实际转速，单位rpm；原昆仑变量:设备0_读写4WUB0441,16-bit Unsigned
3组_22号_实际转速,MODBUS RTU,4x,442,实际转速，单位rpm；原昆仑变量:设备0_读写4WUB0442,16-bit Unsigned
3组_23号_实际转速,MODBUS RTU,4x,443,实际转速，单位rpm；原昆仑变量:设备0_读写4WUB0443,16-bit Unsigned
3组_24号_实际转速,MODBUS RTU,4x,444,实际转速，单位rpm；原昆仑变量:设备0_读写4WUB0444,16-bit Unsigned
3组_25号_实际转速,MODBUS RTU,4x,445,实际转速，单位rpm；原昆仑变量:设备0_读写4WUB0445,16-bit Unsigned
3组_26号_实际转速,MODBUS RTU,4x,446,实际转速，单位rpm；原昆仑变量:设备0_读写4WUB0446,16-bit Unsigned
3组_27号_实际转速,MODBUS RTU,4x,447,实际转速，单位rpm；原昆仑变量:设备0_读写4WUB0447,16-bit Unsigned
3组_28号_实际转速,MODBUS RTU,4x,448,实际转速，单位rpm；原昆仑变量:设备0_读写4WUB0448,16-bit Unsigned
3组_29号_实际转速,MODBUS RTU,4x,449,实际转速，单位rpm；原昆仑变量:设备0_读写4WUB0449,16-bit Unsigned
3组_30号_实际转速,MODBUS RTU,4x,450,实际转速，单位rpm；原昆仑变量:设备0_读写4WUB0450,16-bit Unsigned
3组_31号_实际转速,MODBUS RTU,4x,451,实际转速，单位rpm；原昆仑变量:设备0_读写4WUB0451,16-bit Unsigned
3组_32号_实际转速,MODBUS RTU,4x,452,实际转速，单位rpm；原昆仑变量:设备0_读写4WUB0452,16-bit Unsigned
3组_33号_实际转速,MODBUS RTU,4x,453,实际转速，单位rpm；原昆仑变量:设备0_读写4WUB0453,16-bit Unsigned
3组_34号_实际转速,MODBUS RTU,4x,454,实际转速，单位rpm；原昆仑变量:设备0_读写4WUB0454,16-bit Unsigned
3组_35号_实际转速,MODBUS RTU,4x,455,实际转速，单位rpm；原昆仑变量:设备0_读写4WUB0455,16-bit Unsigned
3组_36号_实际转速,MODBUS RTU,4x,456,实际转速，单位rpm；原昆仑变量:设备0_读写4WUB0456,16-bit Unsigned
3组_37号_实际转速,MODBUS RTU,4x,457,实际转速，单位rpm；原昆仑变量:设备0_读写4WUB0457,16-bit Unsigned
3组_38号_实际转速,MODBUS RTU,4x,458,实际转速，单位rpm；原昆仑变量:设备0_读写4WUB0458,16-bit Unsigned
3组_39号_实际转速,MODBUS RTU,4x,459,实际转速，单位rpm；原昆仑变量:设备0_读写4WUB0459,16-bit Unsigned
3组_40号_实际转速,MODBUS RTU,4x,460,实际转速，单位rpm；原昆仑变量:设备0_读写4WUB0460,16-bit Unsigned
3组_41号_实际转速,MODBUS RTU,4x,461,实际转速，单位rpm；原昆仑变量:设备0_读写4WUB0461,16-bit Unsigned
3组_42号_实际转速,MODBUS RTU,4x,462,实际转速，单位rpm；原昆仑变量:设备0_读写4WUB0462,16-bit Unsigned
3组_43号_实际转速,MODBUS RTU,4x,463,实际转速，单位rpm；原昆仑变量:设备0_读写4WUB0463,16-bit Unsigned
3组_44号_实际转速,MODBUS RTU,4x,464,实际转速，单位rpm；原昆仑变量:设备0_读写4WUB0464,16-bit Unsigned
3组_45号_实际转速,MODBUS RTU,4x,465,实际转速，单位rpm；原昆仑变量:设备0_读写4WUB0465,16-bit Unsigned
3组_46号_实际转速,MODBUS RTU,4x,466,实际转速，单位rpm；原昆仑变量:设备0_读写4WUB0466,16-bit Unsigned
3组_47号_实际转速,MODBUS RTU,4x,467,实际转速，单位rpm；原昆仑变量:设备0_读写4WUB0467,16-bit Unsigned
3组_48号_实际转速,MODBUS RTU,4x,468,实际转速，单位rpm；原昆仑变量:设备0_读写4WUB0468,16-bit Unsigned
3组_49号_实际转速,MODBUS RTU,4x,469,实际转速，单位rpm；原昆仑变量:设备0_读写4WUB0469,16-bit Unsigned
3组_50号_实际转速,MODBUS RTU,4x,470,实际转速，单位rpm；原昆仑变量:设备0_读写4WUB0470,16-bit Unsigned
3组_51号_实际转速,MODBUS RTU,4x,471,实际转速，单位rpm；原昆仑变量:设备0_读写4WUB0471,16-bit Unsigned
3组_52号_实际转速,MODBUS RTU,4x,472,实际转速，单位rpm；原昆仑变量:设备0_读写4WUB0472,16-bit Unsigned
3组_53号_实际转速,MODBUS RTU,4x,473,实际转速，单位rpm；原昆仑变量:设备0_读写4WUB0473,16-bit Unsigned
3组_54号_实际转速,MODBUS RTU,4x,474,实际转速，单位rpm；原昆仑变量:设备0_读写4WUB0474,16-bit Unsigned
3组_55号_实际转速,MODBUS RTU,4x,475,实际转速，单位rpm；原昆仑变量:设备0_读写4WUB0475,16-bit Unsigned
3组_56号_实际转速,MODBUS RTU,4x,476,实际转速，单位rpm；原昆仑变量:设备0_读写4WUB0476,16-bit Unsigned
3组_57号_实际转速,MODBUS RTU,4x,477,实际转速，单位rpm；原昆仑变量:设备0_读写4WUB0477,16-bit Unsigned
3组_58号_实际转速,MODBUS RTU,4x,478,实际转速，单位rpm；原昆仑变量:设备0_读写4WUB0478,16-bit Unsigned
3组_59号_实际转速,MODBUS RTU,4x,479,实际转速，单位rpm；原昆仑变量:设备0_读写4WUB0479,16-bit Unsigned
3组_60号_实际转速,MODBUS RTU,4x,480,实际转速，单位rpm；原昆仑变量:设备0_读写4WUB0480,16-bit Unsigned
4组_01号_实际转速,MODBUS RTU,4x,481,实际转速，单位rpm；原昆仑变量:设备0_读写4WUB0481,16-bit Unsigned
4组_02号_实际转速,MODBUS RTU,4x,482,实际转速，单位rpm；原昆仑变量:设备0_读写4WUB0482,16-bit Unsigned
4组_03号_实际转速,MODBUS RTU,4x,483,实际转速，单位rpm；原昆仑变量:设备0_读写4WUB0483,16-bit Unsigned
4组_04号_实际转速,MODBUS RTU,4x,484,实际转速，单位rpm；原昆仑变量:设备0_读写4WUB0484,16-bit Unsigned
4组_05号_实际转速,MODBUS RTU,4x,485,实际转速，单位rpm；原昆仑变量:设备0_读写4WUB0485,16-bit Unsigned
4组_06号_实际转速,MODBUS RTU,4x,486,实际转速，单位rpm；原昆仑变量:设备0_读写4WUB0486,16-bit Unsigned
4组_07号_实际转速,MODBUS RTU,4x,487,实际转速，单位rpm；原昆仑变量:设备0_读写4WUB0487,16-bit Unsigned
4组_08号_实际转速,MODBUS RTU,4x,488,实际转速，单位rpm；原昆仑变量:设备0_读写4WUB0488,16-bit Unsigned
4组_09号_实际转速,MODBUS RTU,4x,489,实际转速，单位rpm；原昆仑变量:设备0_读写4WUB0489,16-bit Unsigned
4组_10号_实际转速,MODBUS RTU,4x,490,实际转速，单位rpm；原昆仑变量:设备0_读写4WUB0490,16-bit Unsigned
4组_11号_实际转速,MODBUS RTU,4x,491,实际转速，单位rpm；原昆仑变量:设备0_读写4WUB0491,16-bit Unsigned
4组_12号_实际转速,MODBUS RTU,4x,492,实际转速，单位rpm；原昆仑变量:设备0_读写4WUB0492,16-bit Unsigned
4组_13号_实际转速,MODBUS RTU,4x,493,实际转速，单位rpm；原昆仑变量:设备0_读写4WUB0493,16-bit Unsigned
4组_14号_实际转速,MODBUS RTU,4x,494,实际转速，单位rpm；原昆仑变量:设备0_读写4WUB0494,16-bit Unsigned
4组_15号_实际转速,MODBUS RTU,4x,495,实际转速，单位rpm；原昆仑变量:设备0_读写4WUB0495,16-bit Unsigned
4组_16号_实际转速,MODBUS RTU,4x,496,实际转速，单位rpm；原昆仑变量:设备0_读写4WUB0496,16-bit Unsigned
4组_17号_实际转速,MODBUS RTU,4x,497,实际转速，单位rpm；原昆仑变量:设备0_读写4WUB0497,16-bit Unsigned
4组_18号_实际转速,MODBUS RTU,4x,498,实际转速，单位rpm；原昆仑变量:设备0_读写4WUB0498,16-bit Unsigned
4组_19号_实际转速,MODBUS RTU,4x,499,实际转速，单位rpm；原昆仑变量:设备0_读写4WUB0499,16-bit Unsigned
4组_20号_实际转速,MODBUS RTU,4x,500,实际转速，单位rpm；原昆仑变量:设备0_读写4WUB0500,16-bit Unsigned
4组_21号_实际转速,MODBUS RTU,4x,501,实际转速，单位rpm；原昆仑变量:设备0_读写4WUB0501,16-bit Unsigned
4组_22号_实际转速,MODBUS RTU,4x,502,实际转速，单位rpm；原昆仑变量:设备0_读写4WUB0502,16-bit Unsigned
4组_23号_实际转速,MODBUS RTU,4x,503,实际转速，单位rpm；原昆仑变量:设备0_读写4WUB0503,16-bit Unsigned
4组_24号_实际转速,MODBUS RTU,4x,504,实际转速，单位rpm；原昆仑变量:设备0_读写4WUB0504,16-bit Unsigned
4组_25号_实际转速,MODBUS RTU,4x,505,实际转速，单位rpm；原昆仑变量:设备0_读写4WUB0505,16-bit Unsigned
4组_26号_实际转速,MODBUS RTU,4x,506,实际转速，单位rpm；原昆仑变量:设备0_读写4WUB0506,16-bit Unsigned
4组_27号_实际转速,MODBUS RTU,4x,507,实际转速，单位rpm；原昆仑变量:设备0_读写4WUB0507,16-bit Unsigned
4组_28号_实际转速,MODBUS RTU,4x,508,实际转速，单位rpm；原昆仑变量:设备0_读写4WUB0508,16-bit Unsigned
4组_29号_实际转速,MODBUS RTU,4x,509,实际转速，单位rpm；原昆仑变量:设备0_读写4WUB0509,16-bit Unsigned
4组_30号_实际转速,MODBUS RTU,4x,510,实际转速，单位rpm；原昆仑变量:设备0_读写4WUB0510,16-bit Unsigned
4组_31号_实际转速,MODBUS RTU,4x,511,实际转速，单位rpm；原昆仑变量:设备0_读写4WUB0511,16-bit Unsigned
4组_32号_实际转速,MODBUS RTU,4x,512,实际转速，单位rpm；原昆仑变量:设备0_读写4WUB0512,16-bit Unsigned
4组_33号_实际转速,MODBUS RTU,4x,513,实际转速，单位rpm；原昆仑变量:设备0_读写4WUB0513,16-bit Unsigned
4组_34号_实际转速,MODBUS RTU,4x,514,实际转速，单位rpm；原昆仑变量:设备0_读写4WUB0514,16-bit Unsigned
4组_35号_实际转速,MODBUS RTU,4x,515,实际转速，单位rpm；原昆仑变量:设备0_读写4WUB0515,16-bit Unsigned
4组_36号_实际转速,MODBUS RTU,4x,516,实际转速，单位rpm；原昆仑变量:设备0_读写4WUB0516,16-bit Unsigned
4组_37号_实际转速,MODBUS RTU,4x,517,实际转速，单位rpm；原昆仑变量:设备0_读写4WUB0517,16-bit Unsigned
4组_38号_实际转速,MODBUS RTU,4x,518,实际转速，单位rpm；原昆仑变量:设备0_读写4WUB0518,16-bit Unsigned
4组_39号_实际转速,MODBUS RTU,4x,519,实际转速，单位rpm；原昆仑变量:设备0_读写4WUB0519,16-bit Unsigned
4组_40号_实际转速,MODBUS RTU,4x,520,实际转速，单位rpm；原昆仑变量:设备0_读写4WUB0520,16-bit Unsigned
4组_41号_实际转速,MODBUS RTU,4x,521,实际转速，单位rpm；原昆仑变量:设备0_读写4WUB0521,16-bit Unsigned
4组_42号_实际转速,MODBUS RTU,4x,522,实际转速，单位rpm；原昆仑变量:设备0_读写4WUB0522,16-bit Unsigned
4组_43号_实际转速,MODBUS RTU,4x,523,实际转速，单位rpm；原昆仑变量:设备0_读写4WUB0523,16-bit Unsigned
4组_44号_实际转速,MODBUS RTU,4x,524,实际转速，单位rpm；原昆仑变量:设备0_读写4WUB0524,16-bit Unsigned
4组_45号_实际转速,MODBUS RTU,4x,525,实际转速，单位rpm；原昆仑变量:设备0_读写4WUB0525,16-bit Unsigned
4组_46号_实际转速,MODBUS RTU,4x,526,实际转速，单位rpm；原昆仑变量:设备0_读写4WUB0526,16-bit Unsigned
4组_47号_实际转速,MODBUS RTU,4x,527,实际转速，单位rpm；原昆仑变量:设备0_读写4WUB0527,16-bit Unsigned
4组_48号_实际转速,MODBUS RTU,4x,528,实际转速，单位rpm；原昆仑变量:设备0_读写4WUB0528,16-bit Unsigned
4组_49号_实际转速,MODBUS RTU,4x,529,实际转速，单位rpm；原昆仑变量:设备0_读写4WUB0529,16-bit Unsigned
4组_50号_实际转速,MODBUS RTU,4x,530,实际转速，单位rpm；原昆仑变量:设备0_读写4WUB0530,16-bit Unsigned
4组_51号_实际转速,MODBUS RTU,4x,531,实际转速，单位rpm；原昆仑变量:设备0_读写4WUB0531,16-bit Unsigned
4组_52号_实际转速,MODBUS RTU,4x,532,实际转速，单位rpm；原昆仑变量:设备0_读写4WUB0532,16-bit Unsigned
4组_53号_实际转速,MODBUS RTU,4x,533,实际转速，单位rpm；原昆仑变量:设备0_读写4WUB0533,16-bit Unsigned
4组_54号_实际转速,MODBUS RTU,4x,534,实际转速，单位rpm；原昆仑变量:设备0_读写4WUB0534,16-bit Unsigned
4组_55号_实际转速,MODBUS RTU,4x,535,实际转速，单位rpm；原昆仑变量:设备0_读写4WUB0535,16-bit Unsigned
4组_56号_实际转速,MODBUS RTU,4x,536,实际转速，单位rpm；原昆仑变量:设备0_读写4WUB0536,16-bit Unsigned
4组_57号_实际转速,MODBUS RTU,4x,537,实际转速，单位rpm；原昆仑变量:设备0_读写4WUB0537,16-bit Unsigned
4组_58号_实际转速,MODBUS RTU,4x,538,实际转速，单位rpm；原昆仑变量:设备0_读写4WUB0538,16-bit Unsigned
4组_59号_实际转速,MODBUS RTU,4x,539,实际转速，单位rpm；原昆仑变量:设备0_读写4WUB0539,16-bit Unsigned
4组_60号_实际转速,MODBUS RTU,4x,540,实际转速，单位rpm；原昆仑变量:设备0_读写4WUB0540,16-bit Unsigned
5组_01号_实际转速,MODBUS RTU,4x,541,实际转速，单位rpm；原昆仑变量:设备0_读写4WUB0541,16-bit Unsigned
5组_02号_实际转速,MODBUS RTU,4x,542,实际转速，单位rpm；原昆仑变量:设备0_读写4WUB0542,16-bit Unsigned
5组_03号_实际转速,MODBUS RTU,4x,543,实际转速，单位rpm；原昆仑变量:设备0_读写4WUB0543,16-bit Unsigned
5组_04号_实际转速,MODBUS RTU,4x,544,实际转速，单位rpm；原昆仑变量:设备0_读写4WUB0544,16-bit Unsigned
5组_05号_实际转速,MODBUS RTU,4x,545,实际转速，单位rpm；原昆仑变量:设备0_读写4WUB0545,16-bit Unsigned
5组_06号_实际转速,MODBUS RTU,4x,546,实际转速，单位rpm；原昆仑变量:设备0_读写4WUB0546,16-bit Unsigned
5组_07号_实际转速,MODBUS RTU,4x,547,实际转速，单位rpm；原昆仑变量:设备0_读写4WUB0547,16-bit Unsigned
5组_08号_实际转速,MODBUS RTU,4x,548,实际转速，单位rpm；原昆仑变量:设备0_读写4WUB0548,16-bit Unsigned
5组_09号_实际转速,MODBUS RTU,4x,549,实际转速，单位rpm；原昆仑变量:设备0_读写4WUB0549,16-bit Unsigned
5组_10号_实际转速,MODBUS RTU,4x,550,实际转速，单位rpm；原昆仑变量:设备0_读写4WUB0550,16-bit Unsigned
5组_11号_实际转速,MODBUS RTU,4x,551,实际转速，单位rpm；原昆仑变量:设备0_读写4WUB0551,16-bit Unsigned
5组_12号_实际转速,MODBUS RTU,4x,552,实际转速，单位rpm；原昆仑变量:设备0_读写4WUB0552,16-bit Unsigned
5组_13号_实际转速,MODBUS RTU,4x,553,实际转速，单位rpm；原昆仑变量:设备0_读写4WUB0553,16-bit Unsigned
5组_14号_实际转速,MODBUS RTU,4x,554,实际转速，单位rpm；原昆仑变量:设备0_读写4WUB0554,16-bit Unsigned
5组_15号_实际转速,MODBUS RTU,4x,555,实际转速，单位rpm；原昆仑变量:设备0_读写4WUB0555,16-bit Unsigned
5组_16号_实际转速,MODBUS RTU,4x,556,实际转速，单位rpm；原昆仑变量:设备0_读写4WUB0556,16-bit Unsigned
5组_17号_实际转速,MODBUS RTU,4x,557,实际转速，单位rpm；原昆仑变量:设备0_读写4WUB0557,16-bit Unsigned
5组_18号_实际转速,MODBUS RTU,4x,558,实际转速，单位rpm；原昆仑变量:设备0_读写4WUB0558,16-bit Unsigned
5组_19号_实际转速,MODBUS RTU,4x,559,实际转速，单位rpm；原昆仑变量:设备0_读写4WUB0559,16-bit Unsigned
5组_20号_实际转速,MODBUS RTU,4x,560,实际转速，单位rpm；原昆仑变量:设备0_读写4WUB0560,16-bit Unsigned
5组_21号_实际转速,MODBUS RTU,4x,561,实际转速，单位rpm；原昆仑变量:设备0_读写4WUB0561,16-bit Unsigned
5组_22号_实际转速,MODBUS RTU,4x,562,实际转速，单位rpm；原昆仑变量:设备0_读写4WUB0562,16-bit Unsigned
5组_23号_实际转速,MODBUS RTU,4x,563,实际转速，单位rpm；原昆仑变量:设备0_读写4WUB0563,16-bit Unsigned
5组_24号_实际转速,MODBUS RTU,4x,564,实际转速，单位rpm；原昆仑变量:设备0_读写4WUB0564,16-bit Unsigned
5组_25号_实际转速,MODBUS RTU,4x,565,实际转速，单位rpm；原昆仑变量:设备0_读写4WUB0565,16-bit Unsigned
5组_26号_实际转速,MODBUS RTU,4x,566,实际转速，单位rpm；原昆仑变量:设备0_读写4WUB0566,16-bit Unsigned
5组_27号_实际转速,MODBUS RTU,4x,567,实际转速，单位rpm；原昆仑变量:设备0_读写4WUB0567,16-bit Unsigned
5组_28号_实际转速,MODBUS RTU,4x,568,实际转速，单位rpm；原昆仑变量:设备0_读写4WUB0568,16-bit Unsigned
5组_29号_实际转速,MODBUS RTU,4x,569,实际转速，单位rpm；原昆仑变量:设备0_读写4WUB0569,16-bit Unsigned
5组_30号_实际转速,MODBUS RTU,4x,570,实际转速，单位rpm；原昆仑变量:设备0_读写4WUB0570,16-bit Unsigned
5组_31号_实际转速,MODBUS RTU,4x,571,实际转速，单位rpm；原昆仑变量:设备0_读写4WUB0571,16-bit Unsigned
5组_32号_实际转速,MODBUS RTU,4x,572,实际转速，单位rpm；原昆仑变量:设备0_读写4WUB0572,16-bit Unsigned
5组_33号_实际转速,MODBUS RTU,4x,573,实际转速，单位rpm；原昆仑变量:设备0_读写4WUB0573,16-bit Unsigned
5组_34号_实际转速,MODBUS RTU,4x,574,实际转速，单位rpm；原昆仑变量:设备0_读写4WUB0574,16-bit Unsigned
5组_35号_实际转速,MODBUS RTU,4x,575,实际转速，单位rpm；原昆仑变量:设备0_读写4WUB0575,16-bit Unsigned
5组_36号_实际转速,MODBUS RTU,4x,576,实际转速，单位rpm；原昆仑变量:设备0_读写4WUB0576,16-bit Unsigned
5组_37号_实际转速,MODBUS RTU,4x,577,实际转速，单位rpm；原昆仑变量:设备0_读写4WUB0577,16-bit Unsigned
5组_38号_实际转速,MODBUS RTU,4x,578,实际转速，单位rpm；原昆仑变量:设备0_读写4WUB0578,16-bit Unsigned
5组_39号_实际转速,MODBUS RTU,4x,579,实际转速，单位rpm；原昆仑变量:设备0_读写4WUB0579,16-bit Unsigned
5组_40号_实际转速,MODBUS RTU,4x,580,实际转速，单位rpm；原昆仑变量:设备0_读写4WUB0580,16-bit Unsigned
5组_41号_实际转速,MODBUS RTU,4x,581,实际转速，单位rpm；原昆仑变量:设备0_读写4WUB0581,16-bit Unsigned
5组_42号_实际转速,MODBUS RTU,4x,582,实际转速，单位rpm；原昆仑变量:设备0_读写4WUB0582,16-bit Unsigned
5组_43号_实际转速,MODBUS RTU,4x,583,实际转速，单位rpm；原昆仑变量:设备0_读写4WUB0583,16-bit Unsigned
5组_44号_实际转速,MODBUS RTU,4x,584,实际转速，单位rpm；原昆仑变量:设备0_读写4WUB0584,16-bit Unsigned
5组_45号_实际转速,MODBUS RTU,4x,585,实际转速，单位rpm；原昆仑变量:设备0_读写4WUB0585,16-bit Unsigned
5组_46号_实际转速,MODBUS RTU,4x,586,实际转速，单位rpm；原昆仑变量:设备0_读写4WUB0586,16-bit Unsigned
5组_47号_实际转速,MODBUS RTU,4x,587,实际转速，单位rpm；原昆仑变量:设备0_读写4WUB0587,16-bit Unsigned
5组_48号_实际转速,MODBUS RTU,4x,588,实际转速，单位rpm；原昆仑变量:设备0_读写4WUB0588,16-bit Unsigned
5组_49号_实际转速,MODBUS RTU,4x,589,实际转速，单位rpm；原昆仑变量:设备0_读写4WUB0589,16-bit Unsigned
5组_50号_实际转速,MODBUS RTU,4x,590,实际转速，单位rpm；原昆仑变量:设备0_读写4WUB0590,16-bit Unsigned
5组_51号_实际转速,MODBUS RTU,4x,591,实际转速，单位rpm；原昆仑变量:设备0_读写4WUB0591,16-bit Unsigned
5组_52号_实际转速,MODBUS RTU,4x,592,实际转速，单位rpm；原昆仑变量:设备0_读写4WUB0592,16-bit Unsigned
5组_53号_实际转速,MODBUS RTU,4x,593,实际转速，单位rpm；原昆仑变量:设备0_读写4WUB0593,16-bit Unsigned
5组_54号_实际转速,MODBUS RTU,4x,594,实际转速，单位rpm；原昆仑变量:设备0_读写4WUB0594,16-bit Unsigned
5组_55号_实际转速,MODBUS RTU,4x,595,实际转速，单位rpm；原昆仑变量:设备0_读写4WUB0595,16-bit Unsigned
5组_56号_实际转速,MODBUS RTU,4x,596,实际转速，单位rpm；原昆仑变量:设备0_读写4WUB0596,16-bit Unsigned
5组_57号_实际转速,MODBUS RTU,4x,597,实际转速，单位rpm；原昆仑变量:设备0_读写4WUB0597,16-bit Unsigned
5组_58号_实际转速,MODBUS RTU,4x,598,实际转速，单位rpm；原昆仑变量:设备0_读写4WUB0598,16-bit Unsigned
5组_59号_实际转速,MODBUS RTU,4x,599,实际转速，单位rpm；原昆仑变量:设备0_读写4WUB0599,16-bit Unsigned
5组_60号_实际转速,MODBUS RTU,4x,600,实际转速，单位rpm；原昆仑变量:设备0_读写4WUB0600,16-bit Unsigned
1组_01号_实际功率,MODBUS RTU,4x,601,实际功率，单位W；原昆仑变量:设备0_读写4WUB0601,16-bit Unsigned
1组_02号_实际功率,MODBUS RTU,4x,602,实际功率，单位W；原昆仑变量:设备0_读写4WUB0602,16-bit Unsigned
1组_03号_实际功率,MODBUS RTU,4x,603,实际功率，单位W；原昆仑变量:设备0_读写4WUB0603,16-bit Unsigned
1组_04号_实际功率,MODBUS RTU,4x,604,实际功率，单位W；原昆仑变量:设备0_读写4WUB0604,16-bit Unsigned
1组_05号_实际功率,MODBUS RTU,4x,605,实际功率，单位W；原昆仑变量:设备0_读写4WUB0605,16-bit Unsigned
1组_06号_实际功率,MODBUS RTU,4x,606,实际功率，单位W；原昆仑变量:设备0_读写4WUB0606,16-bit Unsigned
1组_07号_实际功率,MODBUS RTU,4x,607,实际功率，单位W；原昆仑变量:设备0_读写4WUB0607,16-bit Unsigned
1组_08号_实际功率,MODBUS RTU,4x,608,实际功率，单位W；原昆仑变量:设备0_读写4WUB0608,16-bit Unsigned
1组_09号_实际功率,MODBUS RTU,4x,609,实际功率，单位W；原昆仑变量:设备0_读写4WUB0609,16-bit Unsigned
1组_10号_实际功率,MODBUS RTU,4x,610,实际功率，单位W；原昆仑变量:设备0_读写4WUB0610,16-bit Unsigned
1组_11号_实际功率,MODBUS RTU,4x,611,实际功率，单位W；原昆仑变量:设备0_读写4WUB0611,16-bit Unsigned
1组_12号_实际功率,MODBUS RTU,4x,612,实际功率，单位W；原昆仑变量:设备0_读写4WUB0612,16-bit Unsigned
1组_13号_实际功率,MODBUS RTU,4x,613,实际功率，单位W；原昆仑变量:设备0_读写4WUB0613,16-bit Unsigned
1组_14号_实际功率,MODBUS RTU,4x,614,实际功率，单位W；原昆仑变量:设备0_读写4WUB0614,16-bit Unsigned
1组_15号_实际功率,MODBUS RTU,4x,615,实际功率，单位W；原昆仑变量:设备0_读写4WUB0615,16-bit Unsigned
1组_16号_实际功率,MODBUS RTU,4x,616,实际功率，单位W；原昆仑变量:设备0_读写4WUB0616,16-bit Unsigned
1组_17号_实际功率,MODBUS RTU,4x,617,实际功率，单位W；原昆仑变量:设备0_读写4WUB0617,16-bit Unsigned
1组_18号_实际功率,MODBUS RTU,4x,618,实际功率，单位W；原昆仑变量:设备0_读写4WUB0618,16-bit Unsigned
1组_19号_实际功率,MODBUS RTU,4x,619,实际功率，单位W；原昆仑变量:设备0_读写4WUB0619,16-bit Unsigned
1组_20号_实际功率,MODBUS RTU,4x,620,实际功率，单位W；原昆仑变量:设备0_读写4WUB0620,16-bit Unsigned
1组_21号_实际功率,MODBUS RTU,4x,621,实际功率，单位W；原昆仑变量:设备0_读写4WUB0621,16-bit Unsigned
1组_22号_实际功率,MODBUS RTU,4x,622,实际功率，单位W；原昆仑变量:设备0_读写4WUB0622,16-bit Unsigned
1组_23号_实际功率,MODBUS RTU,4x,623,实际功率，单位W；原昆仑变量:设备0_读写4WUB0623,16-bit Unsigned
1组_24号_实际功率,MODBUS RTU,4x,624,实际功率，单位W；原昆仑变量:设备0_读写4WUB0624,16-bit Unsigned
1组_25号_实际功率,MODBUS RTU,4x,625,实际功率，单位W；原昆仑变量:设备0_读写4WUB0625,16-bit Unsigned
1组_26号_实际功率,MODBUS RTU,4x,626,实际功率，单位W；原昆仑变量:设备0_读写4WUB0626,16-bit Unsigned
1组_27号_实际功率,MODBUS RTU,4x,627,实际功率，单位W；原昆仑变量:设备0_读写4WUB0627,16-bit Unsigned
1组_28号_实际功率,MODBUS RTU,4x,628,实际功率，单位W；原昆仑变量:设备0_读写4WUB0628,16-bit Unsigned
1组_29号_实际功率,MODBUS RTU,4x,629,实际功率，单位W；原昆仑变量:设备0_读写4WUB0629,16-bit Unsigned
1组_30号_实际功率,MODBUS RTU,4x,630,实际功率，单位W；原昆仑变量:设备0_读写4WUB0630,16-bit Unsigned
1组_31号_实际功率,MODBUS RTU,4x,631,实际功率，单位W；原昆仑变量:设备0_读写4WUB0631,16-bit Unsigned
1组_32号_实际功率,MODBUS RTU,4x,632,实际功率，单位W；原昆仑变量:设备0_读写4WUB0632,16-bit Unsigned
1组_33号_实际功率,MODBUS RTU,4x,633,实际功率，单位W；原昆仑变量:设备0_读写4WUB0633,16-bit Unsigned
1组_34号_实际功率,MODBUS RTU,4x,634,实际功率，单位W；原昆仑变量:设备0_读写4WUB0634,16-bit Unsigned
1组_35号_实际功率,MODBUS RTU,4x,635,实际功率，单位W；原昆仑变量:设备0_读写4WUB0635,16-bit Unsigned
1组_36号_实际功率,MODBUS RTU,4x,636,实际功率，单位W；原昆仑变量:设备0_读写4WUB0636,16-bit Unsigned
1组_37号_实际功率,MODBUS RTU,4x,637,实际功率，单位W；原昆仑变量:设备0_读写4WUB0637,16-bit Unsigned
1组_38号_实际功率,MODBUS RTU,4x,638,实际功率，单位W；原昆仑变量:设备0_读写4WUB0638,16-bit Unsigned
1组_39号_实际功率,MODBUS RTU,4x,639,实际功率，单位W；原昆仑变量:设备0_读写4WUB0639,16-bit Unsigned
1组_40号_实际功率,MODBUS RTU,4x,640,实际功率，单位W；原昆仑变量:设备0_读写4WUB0640,16-bit Unsigned
1组_41号_实际功率,MODBUS RTU,4x,641,实际功率，单位W；原昆仑变量:设备0_读写4WUB0641,16-bit Unsigned
1组_42号_实际功率,MODBUS RTU,4x,642,实际功率，单位W；原昆仑变量:设备0_读写4WUB0642,16-bit Unsigned
1组_43号_实际功率,MODBUS RTU,4x,643,实际功率，单位W；原昆仑变量:设备0_读写4WUB0643,16-bit Unsigned
1组_44号_实际功率,MODBUS RTU,4x,644,实际功率，单位W；原昆仑变量:设备0_读写4WUB0644,16-bit Unsigned
1组_45号_实际功率,MODBUS RTU,4x,645,实际功率，单位W；原昆仑变量:设备0_读写4WUB0645,16-bit Unsigned
1组_46号_实际功率,MODBUS RTU,4x,646,实际功率，单位W；原昆仑变量:设备0_读写4WUB0646,16-bit Unsigned
1组_47号_实际功率,MODBUS RTU,4x,647,实际功率，单位W；原昆仑变量:设备0_读写4WUB0647,16-bit Unsigned
1组_48号_实际功率,MODBUS RTU,4x,648,实际功率，单位W；原昆仑变量:设备0_读写4WUB0648,16-bit Unsigned
1组_49号_实际功率,MODBUS RTU,4x,649,实际功率，单位W；原昆仑变量:设备0_读写4WUB0649,16-bit Unsigned
1组_50号_实际功率,MODBUS RTU,4x,650,实际功率，单位W；原昆仑变量:设备0_读写4WUB0650,16-bit Unsigned
1组_51号_实际功率,MODBUS RTU,4x,651,实际功率，单位W；原昆仑变量:设备0_读写4WUB0651,16-bit Unsigned
1组_52号_实际功率,MODBUS RTU,4x,652,实际功率，单位W；原昆仑变量:设备0_读写4WUB0652,16-bit Unsigned
1组_53号_实际功率,MODBUS RTU,4x,653,实际功率，单位W；原昆仑变量:设备0_读写4WUB0653,16-bit Unsigned
1组_54号_实际功率,MODBUS RTU,4x,654,实际功率，单位W；原昆仑变量:设备0_读写4WUB0654,16-bit Unsigned
1组_55号_实际功率,MODBUS RTU,4x,655,实际功率，单位W；原昆仑变量:设备0_读写4WUB0655,16-bit Unsigned
1组_56号_实际功率,MODBUS RTU,4x,656,实际功率，单位W；原昆仑变量:设备0_读写4WUB0656,16-bit Unsigned
1组_57号_实际功率,MODBUS RTU,4x,657,实际功率，单位W；原昆仑变量:设备0_读写4WUB0657,16-bit Unsigned
1组_58号_实际功率,MODBUS RTU,4x,658,实际功率，单位W；原昆仑变量:设备0_读写4WUB0658,16-bit Unsigned
1组_59号_实际功率,MODBUS RTU,4x,659,实际功率，单位W；原昆仑变量:设备0_读写4WUB0659,16-bit Unsigned
1组_60号_实际功率,MODBUS RTU,4x,660,实际功率，单位W；原昆仑变量:设备0_读写4WUB0660,16-bit Unsigned
2组_01号_实际功率,MODBUS RTU,4x,661,实际功率，单位W；原昆仑变量:设备0_读写4WUB0661,16-bit Unsigned
2组_02号_实际功率,MODBUS RTU,4x,662,实际功率，单位W；原昆仑变量:设备0_读写4WUB0662,16-bit Unsigned
2组_03号_实际功率,MODBUS RTU,4x,663,实际功率，单位W；原昆仑变量:设备0_读写4WUB0663,16-bit Unsigned
2组_04号_实际功率,MODBUS RTU,4x,664,实际功率，单位W；原昆仑变量:设备0_读写4WUB0664,16-bit Unsigned
2组_05号_实际功率,MODBUS RTU,4x,665,实际功率，单位W；原昆仑变量:设备0_读写4WUB0665,16-bit Unsigned
2组_06号_实际功率,MODBUS RTU,4x,666,实际功率，单位W；原昆仑变量:设备0_读写4WUB0666,16-bit Unsigned
2组_07号_实际功率,MODBUS RTU,4x,667,实际功率，单位W；原昆仑变量:设备0_读写4WUB0667,16-bit Unsigned
2组_08号_实际功率,MODBUS RTU,4x,668,实际功率，单位W；原昆仑变量:设备0_读写4WUB0668,16-bit Unsigned
2组_09号_实际功率,MODBUS RTU,4x,669,实际功率，单位W；原昆仑变量:设备0_读写4WUB0669,16-bit Unsigned
2组_10号_实际功率,MODBUS RTU,4x,670,实际功率，单位W；原昆仑变量:设备0_读写4WUB0670,16-bit Unsigned
2组_11号_实际功率,MODBUS RTU,4x,671,实际功率，单位W；原昆仑变量:设备0_读写4WUB0671,16-bit Unsigned
2组_12号_实际功率,MODBUS RTU,4x,672,实际功率，单位W；原昆仑变量:设备0_读写4WUB0672,16-bit Unsigned
2组_13号_实际功率,MODBUS RTU,4x,673,实际功率，单位W；原昆仑变量:设备0_读写4WUB0673,16-bit Unsigned
2组_14号_实际功率,MODBUS RTU,4x,674,实际功率，单位W；原昆仑变量:设备0_读写4WUB0674,16-bit Unsigned
2组_15号_实际功率,MODBUS RTU,4x,675,实际功率，单位W；原昆仑变量:设备0_读写4WUB0675,16-bit Unsigned
2组_16号_实际功率,MODBUS RTU,4x,676,实际功率，单位W；原昆仑变量:设备0_读写4WUB0676,16-bit Unsigned
2组_17号_实际功率,MODBUS RTU,4x,677,实际功率，单位W；原昆仑变量:设备0_读写4WUB0677,16-bit Unsigned
2组_18号_实际功率,MODBUS RTU,4x,678,实际功率，单位W；原昆仑变量:设备0_读写4WUB0678,16-bit Unsigned
2组_19号_实际功率,MODBUS RTU,4x,679,实际功率，单位W；原昆仑变量:设备0_读写4WUB0679,16-bit Unsigned
2组_20号_实际功率,MODBUS RTU,4x,680,实际功率，单位W；原昆仑变量:设备0_读写4WUB0680,16-bit Unsigned
2组_21号_实际功率,MODBUS RTU,4x,681,实际功率，单位W；原昆仑变量:设备0_读写4WUB0681,16-bit Unsigned
2组_22号_实际功率,MODBUS RTU,4x,682,实际功率，单位W；原昆仑变量:设备0_读写4WUB0682,16-bit Unsigned
2组_23号_实际功率,MODBUS RTU,4x,683,实际功率，单位W；原昆仑变量:设备0_读写4WUB0683,16-bit Unsigned
2组_24号_实际功率,MODBUS RTU,4x,684,实际功率，单位W；原昆仑变量:设备0_读写4WUB0684,16-bit Unsigned
2组_25号_实际功率,MODBUS RTU,4x,685,实际功率，单位W；原昆仑变量:设备0_读写4WUB0685,16-bit Unsigned
2组_26号_实际功率,MODBUS RTU,4x,686,实际功率，单位W；原昆仑变量:设备0_读写4WUB0686,16-bit Unsigned
2组_27号_实际功率,MODBUS RTU,4x,687,实际功率，单位W；原昆仑变量:设备0_读写4WUB0687,16-bit Unsigned
2组_28号_实际功率,MODBUS RTU,4x,688,实际功率，单位W；原昆仑变量:设备0_读写4WUB0688,16-bit Unsigned
2组_29号_实际功率,MODBUS RTU,4x,689,实际功率，单位W；原昆仑变量:设备0_读写4WUB0689,16-bit Unsigned
2组_30号_实际功率,MODBUS RTU,4x,690,实际功率，单位W；原昆仑变量:设备0_读写4WUB0690,16-bit Unsigned
2组_31号_实际功率,MODBUS RTU,4x,691,实际功率，单位W；原昆仑变量:设备0_读写4WUB0691,16-bit Unsigned
2组_32号_实际功率,MODBUS RTU,4x,692,实际功率，单位W；原昆仑变量:设备0_读写4WUB0692,16-bit Unsigned
2组_33号_实际功率,MODBUS RTU,4x,693,实际功率，单位W；原昆仑变量:设备0_读写4WUB0693,16-bit Unsigned
2组_34号_实际功率,MODBUS RTU,4x,694,实际功率，单位W；原昆仑变量:设备0_读写4WUB0694,16-bit Unsigned
2组_35号_实际功率,MODBUS RTU,4x,695,实际功率，单位W；原昆仑变量:设备0_读写4WUB0695,16-bit Unsigned
2组_36号_实际功率,MODBUS RTU,4x,696,实际功率，单位W；原昆仑变量:设备0_读写4WUB0696,16-bit Unsigned
2组_37号_实际功率,MODBUS RTU,4x,697,实际功率，单位W；原昆仑变量:设备0_读写4WUB0697,16-bit Unsigned
2组_38号_实际功率,MODBUS RTU,4x,698,实际功率，单位W；原昆仑变量:设备0_读写4WUB0698,16-bit Unsigned
2组_39号_实际功率,MODBUS RTU,4x,699,实际功率，单位W；原昆仑变量:设备0_读写4WUB0699,16-bit Unsigned
2组_40号_实际功率,MODBUS RTU,4x,700,实际功率，单位W；原昆仑变量:设备0_读写4WUB0700,16-bit Unsigned
2组_41号_实际功率,MODBUS RTU,4x,701,实际功率，单位W；原昆仑变量:设备0_读写4WUB0701,16-bit Unsigned
2组_42号_实际功率,MODBUS RTU,4x,702,实际功率，单位W；原昆仑变量:设备0_读写4WUB0702,16-bit Unsigned
2组_43号_实际功率,MODBUS RTU,4x,703,实际功率，单位W；原昆仑变量:设备0_读写4WUB0703,16-bit Unsigned
2组_44号_实际功率,MODBUS RTU,4x,704,实际功率，单位W；原昆仑变量:设备0_读写4WUB0704,16-bit Unsigned
2组_45号_实际功率,MODBUS RTU,4x,705,实际功率，单位W；原昆仑变量:设备0_读写4WUB0705,16-bit Unsigned
2组_46号_实际功率,MODBUS RTU,4x,706,实际功率，单位W；原昆仑变量:设备0_读写4WUB0706,16-bit Unsigned
2组_47号_实际功率,MODBUS RTU,4x,707,实际功率，单位W；原昆仑变量:设备0_读写4WUB0707,16-bit Unsigned
2组_48号_实际功率,MODBUS RTU,4x,708,实际功率，单位W；原昆仑变量:设备0_读写4WUB0708,16-bit Unsigned
2组_49号_实际功率,MODBUS RTU,4x,709,实际功率，单位W；原昆仑变量:设备0_读写4WUB0709,16-bit Unsigned
2组_50号_实际功率,MODBUS RTU,4x,710,实际功率，单位W；原昆仑变量:设备0_读写4WUB0710,16-bit Unsigned
2组_51号_实际功率,MODBUS RTU,4x,711,实际功率，单位W；原昆仑变量:设备0_读写4WUB0711,16-bit Unsigned
2组_52号_实际功率,MODBUS RTU,4x,712,实际功率，单位W；原昆仑变量:设备0_读写4WUB0712,16-bit Unsigned
2组_53号_实际功率,MODBUS RTU,4x,713,实际功率，单位W；原昆仑变量:设备0_读写4WUB0713,16-bit Unsigned
2组_54号_实际功率,MODBUS RTU,4x,714,实际功率，单位W；原昆仑变量:设备0_读写4WUB0714,16-bit Unsigned
2组_55号_实际功率,MODBUS RTU,4x,715,实际功率，单位W；原昆仑变量:设备0_读写4WUB0715,16-bit Unsigned
2组_56号_实际功率,MODBUS RTU,4x,716,实际功率，单位W；原昆仑变量:设备0_读写4WUB0716,16-bit Unsigned
2组_57号_实际功率,MODBUS RTU,4x,717,实际功率，单位W；原昆仑变量:设备0_读写4WUB0717,16-bit Unsigned
2组_58号_实际功率,MODBUS RTU,4x,718,实际功率，单位W；原昆仑变量:设备0_读写4WUB0718,16-bit Unsigned
2组_59号_实际功率,MODBUS RTU,4x,719,实际功率，单位W；原昆仑变量:设备0_读写4WUB0719,16-bit Unsigned
2组_60号_实际功率,MODBUS RTU,4x,720,实际功率，单位W；原昆仑变量:设备0_读写4WUB0720,16-bit Unsigned
3组_01号_实际功率,MODBUS RTU,4x,721,实际功率，单位W；原昆仑变量:设备0_读写4WUB0721,16-bit Unsigned
3组_02号_实际功率,MODBUS RTU,4x,722,实际功率，单位W；原昆仑变量:设备0_读写4WUB0722,16-bit Unsigned
3组_03号_实际功率,MODBUS RTU,4x,723,实际功率，单位W；原昆仑变量:设备0_读写4WUB0723,16-bit Unsigned
3组_04号_实际功率,MODBUS RTU,4x,724,实际功率，单位W；原昆仑变量:设备0_读写4WUB0724,16-bit Unsigned
3组_05号_实际功率,MODBUS RTU,4x,725,实际功率，单位W；原昆仑变量:设备0_读写4WUB0725,16-bit Unsigned
3组_06号_实际功率,MODBUS RTU,4x,726,实际功率，单位W；原昆仑变量:设备0_读写4WUB0726,16-bit Unsigned
3组_07号_实际功率,MODBUS RTU,4x,727,实际功率，单位W；原昆仑变量:设备0_读写4WUB0727,16-bit Unsigned
3组_08号_实际功率,MODBUS RTU,4x,728,实际功率，单位W；原昆仑变量:设备0_读写4WUB0728,16-bit Unsigned
3组_09号_实际功率,MODBUS RTU,4x,729,实际功率，单位W；原昆仑变量:设备0_读写4WUB0729,16-bit Unsigned
3组_10号_实际功率,MODBUS RTU,4x,730,实际功率，单位W；原昆仑变量:设备0_读写4WUB0730,16-bit Unsigned
3组_11号_实际功率,MODBUS RTU,4x,731,实际功率，单位W；原昆仑变量:设备0_读写4WUB0731,16-bit Unsigned
3组_12号_实际功率,MODBUS RTU,4x,732,实际功率，单位W；原昆仑变量:设备0_读写4WUB0732,16-bit Unsigned
3组_13号_实际功率,MODBUS RTU,4x,733,实际功率，单位W；原昆仑变量:设备0_读写4WUB0733,16-bit Unsigned
3组_14号_实际功率,MODBUS RTU,4x,734,实际功率，单位W；原昆仑变量:设备0_读写4WUB0734,16-bit Unsigned
3组_15号_实际功率,MODBUS RTU,4x,735,实际功率，单位W；原昆仑变量:设备0_读写4WUB0735,16-bit Unsigned
3组_16号_实际功率,MODBUS RTU,4x,736,实际功率，单位W；原昆仑变量:设备0_读写4WUB0736,16-bit Unsigned
3组_17号_实际功率,MODBUS RTU,4x,737,实际功率，单位W；原昆仑变量:设备0_读写4WUB0737,16-bit Unsigned
3组_18号_实际功率,MODBUS RTU,4x,738,实际功率，单位W；原昆仑变量:设备0_读写4WUB0738,16-bit Unsigned
3组_19号_实际功率,MODBUS RTU,4x,739,实际功率，单位W；原昆仑变量:设备0_读写4WUB0739,16-bit Unsigned
3组_20号_实际功率,MODBUS RTU,4x,740,实际功率，单位W；原昆仑变量:设备0_读写4WUB0740,16-bit Unsigned
3组_21号_实际功率,MODBUS RTU,4x,741,实际功率，单位W；原昆仑变量:设备0_读写4WUB0741,16-bit Unsigned
3组_22号_实际功率,MODBUS RTU,4x,742,实际功率，单位W；原昆仑变量:设备0_读写4WUB0742,16-bit Unsigned
3组_23号_实际功率,MODBUS RTU,4x,743,实际功率，单位W；原昆仑变量:设备0_读写4WUB0743,16-bit Unsigned
3组_24号_实际功率,MODBUS RTU,4x,744,实际功率，单位W；原昆仑变量:设备0_读写4WUB0744,16-bit Unsigned
3组_25号_实际功率,MODBUS RTU,4x,745,实际功率，单位W；原昆仑变量:设备0_读写4WUB0745,16-bit Unsigned
3组_26号_实际功率,MODBUS RTU,4x,746,实际功率，单位W；原昆仑变量:设备0_读写4WUB0746,16-bit Unsigned
3组_27号_实际功率,MODBUS RTU,4x,747,实际功率，单位W；原昆仑变量:设备0_读写4WUB0747,16-bit Unsigned
3组_28号_实际功率,MODBUS RTU,4x,748,实际功率，单位W；原昆仑变量:设备0_读写4WUB0748,16-bit Unsigned
3组_29号_实际功率,MODBUS RTU,4x,749,实际功率，单位W；原昆仑变量:设备0_读写4WUB0749,16-bit Unsigned
3组_30号_实际功率,MODBUS RTU,4x,750,实际功率，单位W；原昆仑变量:设备0_读写4WUB0750,16-bit Unsigned
3组_31号_实际功率,MODBUS RTU,4x,751,实际功率，单位W；原昆仑变量:设备0_读写4WUB0751,16-bit Unsigned
3组_32号_实际功率,MODBUS RTU,4x,752,实际功率，单位W；原昆仑变量:设备0_读写4WUB0752,16-bit Unsigned
3组_33号_实际功率,MODBUS RTU,4x,753,实际功率，单位W；原昆仑变量:设备0_读写4WUB0753,16-bit Unsigned
3组_34号_实际功率,MODBUS RTU,4x,754,实际功率，单位W；原昆仑变量:设备0_读写4WUB0754,16-bit Unsigned
3组_35号_实际功率,MODBUS RTU,4x,755,实际功率，单位W；原昆仑变量:设备0_读写4WUB0755,16-bit Unsigned
3组_36号_实际功率,MODBUS RTU,4x,756,实际功率，单位W；原昆仑变量:设备0_读写4WUB0756,16-bit Unsigned
3组_37号_实际功率,MODBUS RTU,4x,757,实际功率，单位W；原昆仑变量:设备0_读写4WUB0757,16-bit Unsigned
3组_38号_实际功率,MODBUS RTU,4x,758,实际功率，单位W；原昆仑变量:设备0_读写4WUB0758,16-bit Unsigned
3组_39号_实际功率,MODBUS RTU,4x,759,实际功率，单位W；原昆仑变量:设备0_读写4WUB0759,16-bit Unsigned
3组_40号_实际功率,MODBUS RTU,4x,760,实际功率，单位W；原昆仑变量:设备0_读写4WUB0760,16-bit Unsigned
3组_41号_实际功率,MODBUS RTU,4x,761,实际功率，单位W；原昆仑变量:设备0_读写4WUB0761,16-bit Unsigned
3组_42号_实际功率,MODBUS RTU,4x,762,实际功率，单位W；原昆仑变量:设备0_读写4WUB0762,16-bit Unsigned
3组_43号_实际功率,MODBUS RTU,4x,763,实际功率，单位W；原昆仑变量:设备0_读写4WUB0763,16-bit Unsigned
3组_44号_实际功率,MODBUS RTU,4x,764,实际功率，单位W；原昆仑变量:设备0_读写4WUB0764,16-bit Unsigned
3组_45号_实际功率,MODBUS RTU,4x,765,实际功率，单位W；原昆仑变量:设备0_读写4WUB0765,16-bit Unsigned
3组_46号_实际功率,MODBUS RTU,4x,766,实际功率，单位W；原昆仑变量:设备0_读写4WUB0766,16-bit Unsigned
3组_47号_实际功率,MODBUS RTU,4x,767,实际功率，单位W；原昆仑变量:设备0_读写4WUB0767,16-bit Unsigned
3组_48号_实际功率,MODBUS RTU,4x,768,实际功率，单位W；原昆仑变量:设备0_读写4WUB0768,16-bit Unsigned
3组_49号_实际功率,MODBUS RTU,4x,769,实际功率，单位W；原昆仑变量:设备0_读写4WUB0769,16-bit Unsigned
3组_50号_实际功率,MODBUS RTU,4x,770,实际功率，单位W；原昆仑变量:设备0_读写4WUB0770,16-bit Unsigned
3组_51号_实际功率,MODBUS RTU,4x,771,实际功率，单位W；原昆仑变量:设备0_读写4WUB0771,16-bit Unsigned
3组_52号_实际功率,MODBUS RTU,4x,772,实际功率，单位W；原昆仑变量:设备0_读写4WUB0772,16-bit Unsigned
3组_53号_实际功率,MODBUS RTU,4x,773,实际功率，单位W；原昆仑变量:设备0_读写4WUB0773,16-bit Unsigned
3组_54号_实际功率,MODBUS RTU,4x,774,实际功率，单位W；原昆仑变量:设备0_读写4WUB0774,16-bit Unsigned
3组_55号_实际功率,MODBUS RTU,4x,775,实际功率，单位W；原昆仑变量:设备0_读写4WUB0775,16-bit Unsigned
3组_56号_实际功率,MODBUS RTU,4x,776,实际功率，单位W；原昆仑变量:设备0_读写4WUB0776,16-bit Unsigned
3组_57号_实际功率,MODBUS RTU,4x,777,实际功率，单位W；原昆仑变量:设备0_读写4WUB0777,16-bit Unsigned
3组_58号_实际功率,MODBUS RTU,4x,778,实际功率，单位W；原昆仑变量:设备0_读写4WUB0778,16-bit Unsigned
3组_59号_实际功率,MODBUS RTU,4x,779,实际功率，单位W；原昆仑变量:设备0_读写4WUB0779,16-bit Unsigned
3组_60号_实际功率,MODBUS RTU,4x,780,实际功率，单位W；原昆仑变量:设备0_读写4WUB0780,16-bit Unsigned
4组_01号_实际功率,MODBUS RTU,4x,781,实际功率，单位W；原昆仑变量:设备0_读写4WUB0781,16-bit Unsigned
4组_02号_实际功率,MODBUS RTU,4x,782,实际功率，单位W；原昆仑变量:设备0_读写4WUB0782,16-bit Unsigned
4组_03号_实际功率,MODBUS RTU,4x,783,实际功率，单位W；原昆仑变量:设备0_读写4WUB0783,16-bit Unsigned
4组_04号_实际功率,MODBUS RTU,4x,784,实际功率，单位W；原昆仑变量:设备0_读写4WUB0784,16-bit Unsigned
4组_05号_实际功率,MODBUS RTU,4x,785,实际功率，单位W；原昆仑变量:设备0_读写4WUB0785,16-bit Unsigned
4组_06号_实际功率,MODBUS RTU,4x,786,实际功率，单位W；原昆仑变量:设备0_读写4WUB0786,16-bit Unsigned
4组_07号_实际功率,MODBUS RTU,4x,787,实际功率，单位W；原昆仑变量:设备0_读写4WUB0787,16-bit Unsigned
4组_08号_实际功率,MODBUS RTU,4x,788,实际功率，单位W；原昆仑变量:设备0_读写4WUB0788,16-bit Unsigned
4组_09号_实际功率,MODBUS RTU,4x,789,实际功率，单位W；原昆仑变量:设备0_读写4WUB0789,16-bit Unsigned
4组_10号_实际功率,MODBUS RTU,4x,790,实际功率，单位W；原昆仑变量:设备0_读写4WUB0790,16-bit Unsigned
4组_11号_实际功率,MODBUS RTU,4x,791,实际功率，单位W；原昆仑变量:设备0_读写4WUB0791,16-bit Unsigned
4组_12号_实际功率,MODBUS RTU,4x,792,实际功率，单位W；原昆仑变量:设备0_读写4WUB0792,16-bit Unsigned
4组_13号_实际功率,MODBUS RTU,4x,793,实际功率，单位W；原昆仑变量:设备0_读写4WUB0793,16-bit Unsigned
4组_14号_实际功率,MODBUS RTU,4x,794,实际功率，单位W；原昆仑变量:设备0_读写4WUB0794,16-bit Unsigned
4组_15号_实际功率,MODBUS RTU,4x,795,实际功率，单位W；原昆仑变量:设备0_读写4WUB0795,16-bit Unsigned
4组_16号_实际功率,MODBUS RTU,4x,796,实际功率，单位W；原昆仑变量:设备0_读写4WUB0796,16-bit Unsigned
4组_17号_实际功率,MODBUS RTU,4x,797,实际功率，单位W；原昆仑变量:设备0_读写4WUB0797,16-bit Unsigned
4组_18号_实际功率,MODBUS RTU,4x,798,实际功率，单位W；原昆仑变量:设备0_读写4WUB0798,16-bit Unsigned
4组_19号_实际功率,MODBUS RTU,4x,799,实际功率，单位W；原昆仑变量:设备0_读写4WUB0799,16-bit Unsigned
4组_20号_实际功率,MODBUS RTU,4x,800,实际功率，单位W；原昆仑变量:设备0_读写4WUB0800,16-bit Unsigned
4组_21号_实际功率,MODBUS RTU,4x,801,实际功率，单位W；原昆仑变量:设备0_读写4WUB0801,16-bit Unsigned
4组_22号_实际功率,MODBUS RTU,4x,802,实际功率，单位W；原昆仑变量:设备0_读写4WUB0802,16-bit Unsigned
4组_23号_实际功率,MODBUS RTU,4x,803,实际功率，单位W；原昆仑变量:设备0_读写4WUB0803,16-bit Unsigned
4组_24号_实际功率,MODBUS RTU,4x,804,实际功率，单位W；原昆仑变量:设备0_读写4WUB0804,16-bit Unsigned
4组_25号_实际功率,MODBUS RTU,4x,805,实际功率，单位W；原昆仑变量:设备0_读写4WUB0805,16-bit Unsigned
4组_26号_实际功率,MODBUS RTU,4x,806,实际功率，单位W；原昆仑变量:设备0_读写4WUB0806,16-bit Unsigned
4组_27号_实际功率,MODBUS RTU,4x,807,实际功率，单位W；原昆仑变量:设备0_读写4WUB0807,16-bit Unsigned
4组_28号_实际功率,MODBUS RTU,4x,808,实际功率，单位W；原昆仑变量:设备0_读写4WUB0808,16-bit Unsigned
4组_29号_实际功率,MODBUS RTU,4x,809,实际功率，单位W；原昆仑变量:设备0_读写4WUB0809,16-bit Unsigned
4组_30号_实际功率,MODBUS RTU,4x,810,实际功率，单位W；原昆仑变量:设备0_读写4WUB0810,16-bit Unsigned
4组_31号_实际功率,MODBUS RTU,4x,811,实际功率，单位W；原昆仑变量:设备0_读写4WUB0811,16-bit Unsigned
4组_32号_实际功率,MODBUS RTU,4x,812,实际功率，单位W；原昆仑变量:设备0_读写4WUB0812,16-bit Unsigned
4组_33号_实际功率,MODBUS RTU,4x,813,实际功率，单位W；原昆仑变量:设备0_读写4WUB0813,16-bit Unsigned
4组_34号_实际功率,MODBUS RTU,4x,814,实际功率，单位W；原昆仑变量:设备0_读写4WUB0814,16-bit Unsigned
4组_35号_实际功率,MODBUS RTU,4x,815,实际功率，单位W；原昆仑变量:设备0_读写4WUB0815,16-bit Unsigned
4组_36号_实际功率,MODBUS RTU,4x,816,实际功率，单位W；原昆仑变量:设备0_读写4WUB0816,16-bit Unsigned
4组_37号_实际功率,MODBUS RTU,4x,817,实际功率，单位W；原昆仑变量:设备0_读写4WUB0817,16-bit Unsigned
4组_38号_实际功率,MODBUS RTU,4x,818,实际功率，单位W；原昆仑变量:设备0_读写4WUB0818,16-bit Unsigned
4组_39号_实际功率,MODBUS RTU,4x,819,实际功率，单位W；原昆仑变量:设备0_读写4WUB0819,16-bit Unsigned
4组_40号_实际功率,MODBUS RTU,4x,820,实际功率，单位W；原昆仑变量:设备0_读写4WUB0820,16-bit Unsigned
4组_41号_实际功率,MODBUS RTU,4x,821,实际功率，单位W；原昆仑变量:设备0_读写4WUB0821,16-bit Unsigned
4组_42号_实际功率,MODBUS RTU,4x,822,实际功率，单位W；原昆仑变量:设备0_读写4WUB0822,16-bit Unsigned
4组_43号_实际功率,MODBUS RTU,4x,823,实际功率，单位W；原昆仑变量:设备0_读写4WUB0823,16-bit Unsigned
4组_44号_实际功率,MODBUS RTU,4x,824,实际功率，单位W；原昆仑变量:设备0_读写4WUB0824,16-bit Unsigned
4组_45号_实际功率,MODBUS RTU,4x,825,实际功率，单位W；原昆仑变量:设备0_读写4WUB0825,16-bit Unsigned
4组_46号_实际功率,MODBUS RTU,4x,826,实际功率，单位W；原昆仑变量:设备0_读写4WUB0826,16-bit Unsigned
4组_47号_实际功率,MODBUS RTU,4x,827,实际功率，单位W；原昆仑变量:设备0_读写4WUB0827,16-bit Unsigned
4组_48号_实际功率,MODBUS RTU,4x,828,实际功率，单位W；原昆仑变量:设备0_读写4WUB0828,16-bit Unsigned
4组_49号_实际功率,MODBUS RTU,4x,829,实际功率，单位W；原昆仑变量:设备0_读写4WUB0829,16-bit Unsigned
4组_50号_实际功率,MODBUS RTU,4x,830,实际功率，单位W；原昆仑变量:设备0_读写4WUB0830,16-bit Unsigned
4组_51号_实际功率,MODBUS RTU,4x,831,实际功率，单位W；原昆仑变量:设备0_读写4WUB0831,16-bit Unsigned
4组_52号_实际功率,MODBUS RTU,4x,832,实际功率，单位W；原昆仑变量:设备0_读写4WUB0832,16-bit Unsigned
4组_53号_实际功率,MODBUS RTU,4x,833,实际功率，单位W；原昆仑变量:设备0_读写4WUB0833,16-bit Unsigned
4组_54号_实际功率,MODBUS RTU,4x,834,实际功率，单位W；原昆仑变量:设备0_读写4WUB0834,16-bit Unsigned
4组_55号_实际功率,MODBUS RTU,4x,835,实际功率，单位W；原昆仑变量:设备0_读写4WUB0835,16-bit Unsigned
4组_56号_实际功率,MODBUS RTU,4x,836,实际功率，单位W；原昆仑变量:设备0_读写4WUB0836,16-bit Unsigned
4组_57号_实际功率,MODBUS RTU,4x,837,实际功率，单位W；原昆仑变量:设备0_读写4WUB0837,16-bit Unsigned
4组_58号_实际功率,MODBUS RTU,4x,838,实际功率，单位W；原昆仑变量:设备0_读写4WUB0838,16-bit Unsigned
4组_59号_实际功率,MODBUS RTU,4x,839,实际功率，单位W；原昆仑变量:设备0_读写4WUB0839,16-bit Unsigned
4组_60号_实际功率,MODBUS RTU,4x,840,实际功率，单位W；原昆仑变量:设备0_读写4WUB0840,16-bit Unsigned
5组_01号_实际功率,MODBUS RTU,4x,841,实际功率，单位W；原昆仑变量:设备0_读写4WUB0841,16-bit Unsigned
5组_02号_实际功率,MODBUS RTU,4x,842,实际功率，单位W；原昆仑变量:设备0_读写4WUB0842,16-bit Unsigned
5组_03号_实际功率,MODBUS RTU,4x,843,实际功率，单位W；原昆仑变量:设备0_读写4WUB0843,16-bit Unsigned
5组_04号_实际功率,MODBUS RTU,4x,844,实际功率，单位W；原昆仑变量:设备0_读写4WUB0844,16-bit Unsigned
5组_05号_实际功率,MODBUS RTU,4x,845,实际功率，单位W；原昆仑变量:设备0_读写4WUB0845,16-bit Unsigned
5组_06号_实际功率,MODBUS RTU,4x,846,实际功率，单位W；原昆仑变量:设备0_读写4WUB0846,16-bit Unsigned
5组_07号_实际功率,MODBUS RTU,4x,847,实际功率，单位W；原昆仑变量:设备0_读写4WUB0847,16-bit Unsigned
5组_08号_实际功率,MODBUS RTU,4x,848,实际功率，单位W；原昆仑变量:设备0_读写4WUB0848,16-bit Unsigned
5组_09号_实际功率,MODBUS RTU,4x,849,实际功率，单位W；原昆仑变量:设备0_读写4WUB0849,16-bit Unsigned
5组_10号_实际功率,MODBUS RTU,4x,850,实际功率，单位W；原昆仑变量:设备0_读写4WUB0850,16-bit Unsigned
5组_11号_实际功率,MODBUS RTU,4x,851,实际功率，单位W；原昆仑变量:设备0_读写4WUB0851,16-bit Unsigned
5组_12号_实际功率,MODBUS RTU,4x,852,实际功率，单位W；原昆仑变量:设备0_读写4WUB0852,16-bit Unsigned
5组_13号_实际功率,MODBUS RTU,4x,853,实际功率，单位W；原昆仑变量:设备0_读写4WUB0853,16-bit Unsigned
5组_14号_实际功率,MODBUS RTU,4x,854,实际功率，单位W；原昆仑变量:设备0_读写4WUB0854,16-bit Unsigned
5组_15号_实际功率,MODBUS RTU,4x,855,实际功率，单位W；原昆仑变量:设备0_读写4WUB0855,16-bit Unsigned
5组_16号_实际功率,MODBUS RTU,4x,856,实际功率，单位W；原昆仑变量:设备0_读写4WUB0856,16-bit Unsigned
5组_17号_实际功率,MODBUS RTU,4x,857,实际功率，单位W；原昆仑变量:设备0_读写4WUB0857,16-bit Unsigned
5组_18号_实际功率,MODBUS RTU,4x,858,实际功率，单位W；原昆仑变量:设备0_读写4WUB0858,16-bit Unsigned
5组_19号_实际功率,MODBUS RTU,4x,859,实际功率，单位W；原昆仑变量:设备0_读写4WUB0859,16-bit Unsigned
5组_20号_实际功率,MODBUS RTU,4x,860,实际功率，单位W；原昆仑变量:设备0_读写4WUB0860,16-bit Unsigned
5组_21号_实际功率,MODBUS RTU,4x,861,实际功率，单位W；原昆仑变量:设备0_读写4WUB0861,16-bit Unsigned
5组_22号_实际功率,MODBUS RTU,4x,862,实际功率，单位W；原昆仑变量:设备0_读写4WUB0862,16-bit Unsigned
5组_23号_实际功率,MODBUS RTU,4x,863,实际功率，单位W；原昆仑变量:设备0_读写4WUB0863,16-bit Unsigned
5组_24号_实际功率,MODBUS RTU,4x,864,实际功率，单位W；原昆仑变量:设备0_读写4WUB0864,16-bit Unsigned
5组_25号_实际功率,MODBUS RTU,4x,865,实际功率，单位W；原昆仑变量:设备0_读写4WUB0865,16-bit Unsigned
5组_26号_实际功率,MODBUS RTU,4x,866,实际功率，单位W；原昆仑变量:设备0_读写4WUB0866,16-bit Unsigned
5组_27号_实际功率,MODBUS RTU,4x,867,实际功率，单位W；原昆仑变量:设备0_读写4WUB0867,16-bit Unsigned
5组_28号_实际功率,MODBUS RTU,4x,868,实际功率，单位W；原昆仑变量:设备0_读写4WUB0868,16-bit Unsigned
5组_29号_实际功率,MODBUS RTU,4x,869,实际功率，单位W；原昆仑变量:设备0_读写4WUB0869,16-bit Unsigned
5组_30号_实际功率,MODBUS RTU,4x,870,实际功率，单位W；原昆仑变量:设备0_读写4WUB0870,16-bit Unsigned
5组_31号_实际功率,MODBUS RTU,4x,871,实际功率，单位W；原昆仑变量:设备0_读写4WUB0871,16-bit Unsigned
5组_32号_实际功率,MODBUS RTU,4x,872,实际功率，单位W；原昆仑变量:设备0_读写4WUB0872,16-bit Unsigned
5组_33号_实际功率,MODBUS RTU,4x,873,实际功率，单位W；原昆仑变量:设备0_读写4WUB0873,16-bit Unsigned
5组_34号_实际功率,MODBUS RTU,4x,874,实际功率，单位W；原昆仑变量:设备0_读写4WUB0874,16-bit Unsigned
5组_35号_实际功率,MODBUS RTU,4x,875,实际功率，单位W；原昆仑变量:设备0_读写4WUB0875,16-bit Unsigned
5组_36号_实际功率,MODBUS RTU,4x,876,实际功率，单位W；原昆仑变量:设备0_读写4WUB0876,16-bit Unsigned
5组_37号_实际功率,MODBUS RTU,4x,877,实际功率，单位W；原昆仑变量:设备0_读写4WUB0877,16-bit Unsigned
5组_38号_实际功率,MODBUS RTU,4x,878,实际功率，单位W；原昆仑变量:设备0_读写4WUB0878,16-bit Unsigned
5组_39号_实际功率,MODBUS RTU,4x,879,实际功率，单位W；原昆仑变量:设备0_读写4WUB0879,16-bit Unsigned
5组_40号_实际功率,MODBUS RTU,4x,880,实际功率，单位W；原昆仑变量:设备0_读写4WUB0880,16-bit Unsigned
5组_41号_实际功率,MODBUS RTU,4x,881,实际功率，单位W；原昆仑变量:设备0_读写4WUB0881,16-bit Unsigned
5组_42号_实际功率,MODBUS RTU,4x,882,实际功率，单位W；原昆仑变量:设备0_读写4WUB0882,16-bit Unsigned
5组_43号_实际功率,MODBUS RTU,4x,883,实际功率，单位W；原昆仑变量:设备0_读写4WUB0883,16-bit Unsigned
5组_44号_实际功率,MODBUS RTU,4x,884,实际功率，单位W；原昆仑变量:设备0_读写4WUB0884,16-bit Unsigned
5组_45号_实际功率,MODBUS RTU,4x,885,实际功率，单位W；原昆仑变量:设备0_读写4WUB0885,16-bit Unsigned
5组_46号_实际功率,MODBUS RTU,4x,886,实际功率，单位W；原昆仑变量:设备0_读写4WUB0886,16-bit Unsigned
5组_47号_实际功率,MODBUS RTU,4x,887,实际功率，单位W；原昆仑变量:设备0_读写4WUB0887,16-bit Unsigned
5组_48号_实际功率,MODBUS RTU,4x,888,实际功率，单位W；原昆仑变量:设备0_读写4WUB0888,16-bit Unsigned
5组_49号_实际功率,MODBUS RTU,4x,889,实际功率，单位W；原昆仑变量:设备0_读写4WUB0889,16-bit Unsigned
5组_50号_实际功率,MODBUS RTU,4x,890,实际功率，单位W；原昆仑变量:设备0_读写4WUB0890,16-bit Unsigned
5组_51号_实际功率,MODBUS RTU,4x,891,实际功率，单位W；原昆仑变量:设备0_读写4WUB0891,16-bit Unsigned
5组_52号_实际功率,MODBUS RTU,4x,892,实际功率，单位W；原昆仑变量:设备0_读写4WUB0892,16-bit Unsigned
5组_53号_实际功率,MODBUS RTU,4x,893,实际功率，单位W；原昆仑变量:设备0_读写4WUB0893,16-bit Unsigned
5组_54号_实际功率,MODBUS RTU,4x,894,实际功率，单位W；原昆仑变量:设备0_读写4WUB0894,16-bit Unsigned
5组_55号_实际功率,MODBUS RTU,4x,895,实际功率，单位W；原昆仑变量:设备0_读写4WUB0895,16-bit Unsigned
5组_56号_实际功率,MODBUS RTU,4x,896,实际功率，单位W；原昆仑变量:设备0_读写4WUB0896,16-bit Unsigned
5组_57号_实际功率,MODBUS RTU,4x,897,实际功率，单位W；原昆仑变量:设备0_读写4WUB0897,16-bit Unsigned
5组_58号_实际功率,MODBUS RTU,4x,898,实际功率，单位W；原昆仑变量:设备0_读写4WUB0898,16-bit Unsigned
5组_59号_实际功率,MODBUS RTU,4x,899,实际功率，单位W；原昆仑变量:设备0_读写4WUB0899,16-bit Unsigned
5组_60号_实际功率,MODBUS RTU,4x,900,实际功率，单位W；原昆仑变量:设备0_读写4WUB0900,16-bit Unsigned
中继器_1至5组_协议号,MODBUS RTU,4x,1199,昆仑ModbusRTU迁移地址；原昆仑变量:中继1_5组协议号,16-bit Unsigned
中继器_1至5组_版本号,MODBUS RTU,4x,1200,昆仑ModbusRTU迁移地址；原昆仑变量:中继1_5组版本号,16-bit Unsigned
FFU_机地址,MODBUS RTU,6x,1221,昆仑ModbusRTU迁移地址；原昆仑变量:机地址,16-bit Unsigned
FFU_组地址模式,MODBUS RTU,6x,1222,昆仑ModbusRTU迁移地址；原昆仑变量:组地址模式,16-bit Unsigned
FFU_地址写模式1,MODBUS RTU,6x,1223,昆仑ModbusRTU迁移地址；原昆仑变量:地址写模式1,16-bit Unsigned
FFU_自动写地址使能,MODBUS RTU,6x,1224,昆仑ModbusRTU迁移地址；原昆仑变量:自动写地址使能,16-bit Unsigned
FFU_传感器使能,MODBUS RTU,6x,1225,昆仑ModbusRTU迁移地址；原昆仑变量:传感器使能,16-bit Unsigned
1组_风机台数,MODBUS RTU,6x,1226,组/端口风机台数设定；原昆仑变量:Anub,16-bit Unsigned
2组_风机台数,MODBUS RTU,6x,1227,组/端口风机台数设定；原昆仑变量:Bnub,16-bit Unsigned
3组_风机台数,MODBUS RTU,6x,1228,组/端口风机台数设定；原昆仑变量:Cnub,16-bit Unsigned
4组_风机台数,MODBUS RTU,6x,1229,组/端口风机台数设定；原昆仑变量:Dnub,16-bit Unsigned
5组_风机台数,MODBUS RTU,6x,1230,组/端口风机台数设定；原昆仑变量:Enub,16-bit Unsigned
1组_01号_转速设定,MODBUS RTU,6x,1231,风机转速设定；原昆仑变量:ASV1,16-bit Unsigned
1组_02号_转速设定,MODBUS RTU,6x,1232,风机转速设定；原昆仑变量:ASV2,16-bit Unsigned
1组_03号_转速设定,MODBUS RTU,6x,1233,风机转速设定；原昆仑变量:ASV3,16-bit Unsigned
1组_04号_转速设定,MODBUS RTU,6x,1234,风机转速设定；原昆仑变量:ASV4,16-bit Unsigned
1组_05号_转速设定,MODBUS RTU,6x,1235,风机转速设定；原昆仑变量:ASV5,16-bit Unsigned
1组_06号_转速设定,MODBUS RTU,6x,1236,风机转速设定；原昆仑变量:ASV6,16-bit Unsigned
1组_07号_转速设定,MODBUS RTU,6x,1237,风机转速设定；原昆仑变量:ASV7,16-bit Unsigned
1组_08号_转速设定,MODBUS RTU,6x,1238,风机转速设定；原昆仑变量:ASV8,16-bit Unsigned
1组_09号_转速设定,MODBUS RTU,6x,1239,风机转速设定；原昆仑变量:ASV9,16-bit Unsigned
1组_10号_转速设定,MODBUS RTU,6x,1240,风机转速设定；原昆仑变量:ASV10,16-bit Unsigned
1组_11号_转速设定,MODBUS RTU,6x,1241,风机转速设定；原昆仑变量:ASV11,16-bit Unsigned
1组_12号_转速设定,MODBUS RTU,6x,1242,风机转速设定；原昆仑变量:ASV12,16-bit Unsigned
1组_13号_转速设定,MODBUS RTU,6x,1243,风机转速设定；原昆仑变量:ASV13,16-bit Unsigned
1组_14号_转速设定,MODBUS RTU,6x,1244,风机转速设定；原昆仑变量:ASV14,16-bit Unsigned
1组_15号_转速设定,MODBUS RTU,6x,1245,风机转速设定；原昆仑变量:ASV15,16-bit Unsigned
1组_16号_转速设定,MODBUS RTU,6x,1246,风机转速设定；原昆仑变量:ASV16,16-bit Unsigned
1组_17号_转速设定,MODBUS RTU,6x,1247,风机转速设定；原昆仑变量:ASV17,16-bit Unsigned
1组_18号_转速设定,MODBUS RTU,6x,1248,风机转速设定；原昆仑变量:ASV18,16-bit Unsigned
1组_19号_转速设定,MODBUS RTU,6x,1249,风机转速设定；原昆仑变量:ASV19,16-bit Unsigned
1组_20号_转速设定,MODBUS RTU,6x,1250,风机转速设定；原昆仑变量:ASV20,16-bit Unsigned
1组_21号_转速设定,MODBUS RTU,6x,1251,风机转速设定；原昆仑变量:ASV21,16-bit Unsigned
1组_22号_转速设定,MODBUS RTU,6x,1252,风机转速设定；原昆仑变量:ASV22,16-bit Unsigned
1组_23号_转速设定,MODBUS RTU,6x,1253,风机转速设定；原昆仑变量:ASV23,16-bit Unsigned
1组_24号_转速设定,MODBUS RTU,6x,1254,风机转速设定；原昆仑变量:ASV24,16-bit Unsigned
1组_25号_转速设定,MODBUS RTU,6x,1255,风机转速设定；原昆仑变量:ASV25,16-bit Unsigned
1组_26号_转速设定,MODBUS RTU,6x,1256,风机转速设定；原昆仑变量:ASV26,16-bit Unsigned
1组_27号_转速设定,MODBUS RTU,6x,1257,风机转速设定；原昆仑变量:ASV27,16-bit Unsigned
1组_28号_转速设定,MODBUS RTU,6x,1258,风机转速设定；原昆仑变量:ASV28,16-bit Unsigned
1组_29号_转速设定,MODBUS RTU,6x,1259,风机转速设定；原昆仑变量:ASV29,16-bit Unsigned
1组_30号_转速设定,MODBUS RTU,6x,1260,风机转速设定；原昆仑变量:ASV30,16-bit Unsigned
1组_31号_转速设定,MODBUS RTU,6x,1261,风机转速设定；原昆仑变量:ASV31,16-bit Unsigned
1组_32号_转速设定,MODBUS RTU,6x,1262,风机转速设定；原昆仑变量:ASV32,16-bit Unsigned
1组_33号_转速设定,MODBUS RTU,6x,1263,风机转速设定；原昆仑变量:ASV33,16-bit Unsigned
1组_34号_转速设定,MODBUS RTU,6x,1264,风机转速设定；原昆仑变量:ASV34,16-bit Unsigned
1组_35号_转速设定,MODBUS RTU,6x,1265,风机转速设定；原昆仑变量:ASV35,16-bit Unsigned
1组_36号_转速设定,MODBUS RTU,6x,1266,风机转速设定；原昆仑变量:ASV36,16-bit Unsigned
1组_37号_转速设定,MODBUS RTU,6x,1267,风机转速设定；原昆仑变量:ASV37,16-bit Unsigned
1组_38号_转速设定,MODBUS RTU,6x,1268,风机转速设定；原昆仑变量:ASV38,16-bit Unsigned
1组_39号_转速设定,MODBUS RTU,6x,1269,风机转速设定；原昆仑变量:ASV39,16-bit Unsigned
1组_40号_转速设定,MODBUS RTU,6x,1270,风机转速设定；原昆仑变量:ASV40,16-bit Unsigned
1组_41号_转速设定,MODBUS RTU,6x,1271,风机转速设定；原昆仑变量:ASV41,16-bit Unsigned
1组_42号_转速设定,MODBUS RTU,6x,1272,风机转速设定；原昆仑变量:ASV42,16-bit Unsigned
1组_43号_转速设定,MODBUS RTU,6x,1273,风机转速设定；原昆仑变量:ASV43,16-bit Unsigned
1组_44号_转速设定,MODBUS RTU,6x,1274,风机转速设定；原昆仑变量:ASV44,16-bit Unsigned
1组_45号_转速设定,MODBUS RTU,6x,1275,风机转速设定；原昆仑变量:ASV45,16-bit Unsigned
1组_46号_转速设定,MODBUS RTU,6x,1276,风机转速设定；原昆仑变量:ASV46,16-bit Unsigned
1组_47号_转速设定,MODBUS RTU,6x,1277,风机转速设定；原昆仑变量:ASV47,16-bit Unsigned
1组_48号_转速设定,MODBUS RTU,6x,1278,风机转速设定；原昆仑变量:ASV48,16-bit Unsigned
1组_49号_转速设定,MODBUS RTU,6x,1279,风机转速设定；原昆仑变量:ASV49,16-bit Unsigned
1组_50号_转速设定,MODBUS RTU,6x,1280,风机转速设定；原昆仑变量:ASV50,16-bit Unsigned
1组_51号_转速设定,MODBUS RTU,6x,1281,风机转速设定；原昆仑变量:ASV51,16-bit Unsigned
1组_52号_转速设定,MODBUS RTU,6x,1282,风机转速设定；原昆仑变量:ASV52,16-bit Unsigned
1组_53号_转速设定,MODBUS RTU,6x,1283,风机转速设定；原昆仑变量:ASV53,16-bit Unsigned
1组_54号_转速设定,MODBUS RTU,6x,1284,风机转速设定；原昆仑变量:ASV54,16-bit Unsigned
1组_55号_转速设定,MODBUS RTU,6x,1285,风机转速设定；原昆仑变量:ASV55,16-bit Unsigned
1组_56号_转速设定,MODBUS RTU,6x,1286,风机转速设定；原昆仑变量:ASV56,16-bit Unsigned
1组_57号_转速设定,MODBUS RTU,6x,1287,风机转速设定；原昆仑变量:ASV57,16-bit Unsigned
1组_58号_转速设定,MODBUS RTU,6x,1288,风机转速设定；原昆仑变量:ASV58,16-bit Unsigned
1组_59号_转速设定,MODBUS RTU,6x,1289,风机转速设定；原昆仑变量:ASV59,16-bit Unsigned
1组_60号_转速设定,MODBUS RTU,6x,1290,风机转速设定；原昆仑变量:ASV60,16-bit Unsigned
2组_01号_转速设定,MODBUS RTU,6x,1291,风机转速设定；原昆仑变量:BSV1,16-bit Unsigned
2组_02号_转速设定,MODBUS RTU,6x,1292,风机转速设定；原昆仑变量:BSV2,16-bit Unsigned
2组_03号_转速设定,MODBUS RTU,6x,1293,风机转速设定；原昆仑变量:BSV3,16-bit Unsigned
2组_04号_转速设定,MODBUS RTU,6x,1294,风机转速设定；原昆仑变量:BSV4,16-bit Unsigned
2组_05号_转速设定,MODBUS RTU,6x,1295,风机转速设定；原昆仑变量:BSV5,16-bit Unsigned
2组_06号_转速设定,MODBUS RTU,6x,1296,风机转速设定；原昆仑变量:BSV6,16-bit Unsigned
2组_07号_转速设定,MODBUS RTU,6x,1297,风机转速设定；原昆仑变量:BSV7,16-bit Unsigned
2组_08号_转速设定,MODBUS RTU,6x,1298,风机转速设定；原昆仑变量:BSV8,16-bit Unsigned
2组_09号_转速设定,MODBUS RTU,6x,1299,风机转速设定；原昆仑变量:BSV9,16-bit Unsigned
2组_10号_转速设定,MODBUS RTU,6x,1300,风机转速设定；原昆仑变量:BSV10,16-bit Unsigned
2组_11号_转速设定,MODBUS RTU,6x,1301,风机转速设定；原昆仑变量:BSV11,16-bit Unsigned
2组_12号_转速设定,MODBUS RTU,6x,1302,风机转速设定；原昆仑变量:BSV12,16-bit Unsigned
2组_13号_转速设定,MODBUS RTU,6x,1303,风机转速设定；原昆仑变量:BSV13,16-bit Unsigned
2组_14号_转速设定,MODBUS RTU,6x,1304,风机转速设定；原昆仑变量:BSV14,16-bit Unsigned
2组_15号_转速设定,MODBUS RTU,6x,1305,风机转速设定；原昆仑变量:BSV15,16-bit Unsigned
2组_16号_转速设定,MODBUS RTU,6x,1306,风机转速设定；原昆仑变量:BSV16,16-bit Unsigned
2组_17号_转速设定,MODBUS RTU,6x,1307,风机转速设定；原昆仑变量:BSV17,16-bit Unsigned
2组_18号_转速设定,MODBUS RTU,6x,1308,风机转速设定；原昆仑变量:BSV18,16-bit Unsigned
2组_19号_转速设定,MODBUS RTU,6x,1309,风机转速设定；原昆仑变量:BSV19,16-bit Unsigned
2组_20号_转速设定,MODBUS RTU,6x,1310,风机转速设定；原昆仑变量:BSV20,16-bit Unsigned
2组_21号_转速设定,MODBUS RTU,6x,1311,风机转速设定；原昆仑变量:BSV21,16-bit Unsigned
2组_22号_转速设定,MODBUS RTU,6x,1312,风机转速设定；原昆仑变量:BSV22,16-bit Unsigned
2组_23号_转速设定,MODBUS RTU,6x,1313,风机转速设定；原昆仑变量:BSV23,16-bit Unsigned
2组_24号_转速设定,MODBUS RTU,6x,1314,风机转速设定；原昆仑变量:BSV24,16-bit Unsigned
2组_25号_转速设定,MODBUS RTU,6x,1315,风机转速设定；原昆仑变量:BSV25,16-bit Unsigned
2组_26号_转速设定,MODBUS RTU,6x,1316,风机转速设定；原昆仑变量:BSV26,16-bit Unsigned
2组_27号_转速设定,MODBUS RTU,6x,1317,风机转速设定；原昆仑变量:BSV27,16-bit Unsigned
2组_28号_转速设定,MODBUS RTU,6x,1318,风机转速设定；原昆仑变量:BSV28,16-bit Unsigned
2组_29号_转速设定,MODBUS RTU,6x,1319,风机转速设定；原昆仑变量:BSV29,16-bit Unsigned
2组_30号_转速设定,MODBUS RTU,6x,1320,风机转速设定；原昆仑变量:BSV30,16-bit Unsigned
2组_31号_转速设定,MODBUS RTU,6x,1321,风机转速设定；原昆仑变量:BSV31,16-bit Unsigned
2组_32号_转速设定,MODBUS RTU,6x,1322,风机转速设定；原昆仑变量:BSV32,16-bit Unsigned
2组_33号_转速设定,MODBUS RTU,6x,1323,风机转速设定；原昆仑变量:BSV33,16-bit Unsigned
2组_34号_转速设定,MODBUS RTU,6x,1324,风机转速设定；原昆仑变量:BSV34,16-bit Unsigned
2组_35号_转速设定,MODBUS RTU,6x,1325,风机转速设定；原昆仑变量:BSV35,16-bit Unsigned
2组_36号_转速设定,MODBUS RTU,6x,1326,风机转速设定；原昆仑变量:BSV36,16-bit Unsigned
2组_37号_转速设定,MODBUS RTU,6x,1327,风机转速设定；原昆仑变量:BSV37,16-bit Unsigned
2组_38号_转速设定,MODBUS RTU,6x,1328,风机转速设定；原昆仑变量:BSV38,16-bit Unsigned
2组_39号_转速设定,MODBUS RTU,6x,1329,风机转速设定；原昆仑变量:BSV39,16-bit Unsigned
2组_40号_转速设定,MODBUS RTU,6x,1330,风机转速设定；原昆仑变量:BSV40,16-bit Unsigned
2组_41号_转速设定,MODBUS RTU,6x,1331,风机转速设定；原昆仑变量:BSV41,16-bit Unsigned
2组_42号_转速设定,MODBUS RTU,6x,1332,风机转速设定；原昆仑变量:BSV42,16-bit Unsigned
2组_43号_转速设定,MODBUS RTU,6x,1333,风机转速设定；原昆仑变量:BSV43,16-bit Unsigned
2组_44号_转速设定,MODBUS RTU,6x,1334,风机转速设定；原昆仑变量:BSV44,16-bit Unsigned
2组_45号_转速设定,MODBUS RTU,6x,1335,风机转速设定；原昆仑变量:BSV45,16-bit Unsigned
2组_46号_转速设定,MODBUS RTU,6x,1336,风机转速设定；原昆仑变量:BSV46,16-bit Unsigned
2组_47号_转速设定,MODBUS RTU,6x,1337,风机转速设定；原昆仑变量:BSV47,16-bit Unsigned
2组_48号_转速设定,MODBUS RTU,6x,1338,风机转速设定；原昆仑变量:BSV48,16-bit Unsigned
2组_49号_转速设定,MODBUS RTU,6x,1339,风机转速设定；原昆仑变量:BSV49,16-bit Unsigned
2组_50号_转速设定,MODBUS RTU,6x,1340,风机转速设定；原昆仑变量:BSV50,16-bit Unsigned
2组_51号_转速设定,MODBUS RTU,6x,1341,风机转速设定；原昆仑变量:BSV51,16-bit Unsigned
2组_52号_转速设定,MODBUS RTU,6x,1342,风机转速设定；原昆仑变量:BSV52,16-bit Unsigned
2组_53号_转速设定,MODBUS RTU,6x,1343,风机转速设定；原昆仑变量:BSV53,16-bit Unsigned
2组_54号_转速设定,MODBUS RTU,6x,1344,风机转速设定；原昆仑变量:BSV54,16-bit Unsigned
2组_55号_转速设定,MODBUS RTU,6x,1345,风机转速设定；原昆仑变量:BSV55,16-bit Unsigned
2组_56号_转速设定,MODBUS RTU,6x,1346,风机转速设定；原昆仑变量:BSV56,16-bit Unsigned
2组_57号_转速设定,MODBUS RTU,6x,1347,风机转速设定；原昆仑变量:BSV57,16-bit Unsigned
2组_58号_转速设定,MODBUS RTU,6x,1348,风机转速设定；原昆仑变量:BSV58,16-bit Unsigned
2组_59号_转速设定,MODBUS RTU,6x,1349,风机转速设定；原昆仑变量:BSV59,16-bit Unsigned
2组_60号_转速设定,MODBUS RTU,6x,1350,风机转速设定；原昆仑变量:BSV60,16-bit Unsigned
3组_01号_转速设定,MODBUS RTU,6x,1351,风机转速设定；原昆仑变量:CSV1,16-bit Unsigned
3组_02号_转速设定,MODBUS RTU,6x,1352,风机转速设定；原昆仑变量:CSV2,16-bit Unsigned
3组_03号_转速设定,MODBUS RTU,6x,1353,风机转速设定；原昆仑变量:CSV3,16-bit Unsigned
3组_04号_转速设定,MODBUS RTU,6x,1354,风机转速设定；原昆仑变量:CSV4,16-bit Unsigned
3组_05号_转速设定,MODBUS RTU,6x,1355,风机转速设定；原昆仑变量:CSV5,16-bit Unsigned
3组_06号_转速设定,MODBUS RTU,6x,1356,风机转速设定；原昆仑变量:CSV6,16-bit Unsigned
3组_07号_转速设定,MODBUS RTU,6x,1357,风机转速设定；原昆仑变量:CSV7,16-bit Unsigned
3组_08号_转速设定,MODBUS RTU,6x,1358,风机转速设定；原昆仑变量:CSV8,16-bit Unsigned
3组_09号_转速设定,MODBUS RTU,6x,1359,风机转速设定；原昆仑变量:CSV9,16-bit Unsigned
3组_10号_转速设定,MODBUS RTU,6x,1360,风机转速设定；原昆仑变量:CSV10,16-bit Unsigned
3组_11号_转速设定,MODBUS RTU,6x,1361,风机转速设定；原昆仑变量:CSV11,16-bit Unsigned
3组_12号_转速设定,MODBUS RTU,6x,1362,风机转速设定；原昆仑变量:CSV12,16-bit Unsigned
3组_13号_转速设定,MODBUS RTU,6x,1363,风机转速设定；原昆仑变量:CSV13,16-bit Unsigned
3组_14号_转速设定,MODBUS RTU,6x,1364,风机转速设定；原昆仑变量:CSV14,16-bit Unsigned
3组_15号_转速设定,MODBUS RTU,6x,1365,风机转速设定；原昆仑变量:CSV15,16-bit Unsigned
3组_16号_转速设定,MODBUS RTU,6x,1366,风机转速设定；原昆仑变量:CSV16,16-bit Unsigned
3组_17号_转速设定,MODBUS RTU,6x,1367,风机转速设定；原昆仑变量:CSV17,16-bit Unsigned
3组_18号_转速设定,MODBUS RTU,6x,1368,风机转速设定；原昆仑变量:CSV18,16-bit Unsigned
3组_19号_转速设定,MODBUS RTU,6x,1369,风机转速设定；原昆仑变量:CSV19,16-bit Unsigned
3组_20号_转速设定,MODBUS RTU,6x,1370,风机转速设定；原昆仑变量:CSV20,16-bit Unsigned
3组_21号_转速设定,MODBUS RTU,6x,1371,风机转速设定；原昆仑变量:CSV21,16-bit Unsigned
3组_22号_转速设定,MODBUS RTU,6x,1372,风机转速设定；原昆仑变量:CSV22,16-bit Unsigned
3组_23号_转速设定,MODBUS RTU,6x,1373,风机转速设定；原昆仑变量:CSV23,16-bit Unsigned
3组_24号_转速设定,MODBUS RTU,6x,1374,风机转速设定；原昆仑变量:CSV24,16-bit Unsigned
3组_25号_转速设定,MODBUS RTU,6x,1375,风机转速设定；原昆仑变量:CSV25,16-bit Unsigned
3组_26号_转速设定,MODBUS RTU,6x,1376,风机转速设定；原昆仑变量:CSV26,16-bit Unsigned
3组_27号_转速设定,MODBUS RTU,6x,1377,风机转速设定；原昆仑变量:CSV27,16-bit Unsigned
3组_28号_转速设定,MODBUS RTU,6x,1378,风机转速设定；原昆仑变量:CSV28,16-bit Unsigned
3组_29号_转速设定,MODBUS RTU,6x,1379,风机转速设定；原昆仑变量:CSV29,16-bit Unsigned
3组_30号_转速设定,MODBUS RTU,6x,1380,风机转速设定；原昆仑变量:CSV30,16-bit Unsigned
3组_31号_转速设定,MODBUS RTU,6x,1381,风机转速设定；原昆仑变量:CSV31,16-bit Unsigned
3组_32号_转速设定,MODBUS RTU,6x,1382,风机转速设定；原昆仑变量:CSV32,16-bit Unsigned
3组_33号_转速设定,MODBUS RTU,6x,1383,风机转速设定；原昆仑变量:CSV33,16-bit Unsigned
3组_34号_转速设定,MODBUS RTU,6x,1384,风机转速设定；原昆仑变量:CSV34,16-bit Unsigned
3组_35号_转速设定,MODBUS RTU,6x,1385,风机转速设定；原昆仑变量:CSV35,16-bit Unsigned
3组_36号_转速设定,MODBUS RTU,6x,1386,风机转速设定；原昆仑变量:CSV36,16-bit Unsigned
3组_37号_转速设定,MODBUS RTU,6x,1387,风机转速设定；原昆仑变量:CSV37,16-bit Unsigned
3组_38号_转速设定,MODBUS RTU,6x,1388,风机转速设定；原昆仑变量:CSV38,16-bit Unsigned
3组_39号_转速设定,MODBUS RTU,6x,1389,风机转速设定；原昆仑变量:CSV39,16-bit Unsigned
3组_40号_转速设定,MODBUS RTU,6x,1390,风机转速设定；原昆仑变量:CSV40,16-bit Unsigned
3组_41号_转速设定,MODBUS RTU,6x,1391,风机转速设定；原昆仑变量:CSV41,16-bit Unsigned
3组_42号_转速设定,MODBUS RTU,6x,1392,风机转速设定；原昆仑变量:CSV42,16-bit Unsigned
3组_43号_转速设定,MODBUS RTU,6x,1393,风机转速设定；原昆仑变量:CSV43,16-bit Unsigned
3组_44号_转速设定,MODBUS RTU,6x,1394,风机转速设定；原昆仑变量:CSV44,16-bit Unsigned
3组_45号_转速设定,MODBUS RTU,6x,1395,风机转速设定；原昆仑变量:CSV45,16-bit Unsigned
3组_46号_转速设定,MODBUS RTU,6x,1396,风机转速设定；原昆仑变量:CSV46,16-bit Unsigned
3组_47号_转速设定,MODBUS RTU,6x,1397,风机转速设定；原昆仑变量:CSV47,16-bit Unsigned
3组_48号_转速设定,MODBUS RTU,6x,1398,风机转速设定；原昆仑变量:CSV48,16-bit Unsigned
3组_49号_转速设定,MODBUS RTU,6x,1399,风机转速设定；原昆仑变量:CSV49,16-bit Unsigned
3组_50号_转速设定,MODBUS RTU,6x,1400,风机转速设定；原昆仑变量:CSV50,16-bit Unsigned
3组_51号_转速设定,MODBUS RTU,6x,1401,风机转速设定；原昆仑变量:CSV51,16-bit Unsigned
3组_52号_转速设定,MODBUS RTU,6x,1402,风机转速设定；原昆仑变量:CSV52,16-bit Unsigned
3组_53号_转速设定,MODBUS RTU,6x,1403,风机转速设定；原昆仑变量:CSV53,16-bit Unsigned
3组_54号_转速设定,MODBUS RTU,6x,1404,风机转速设定；原昆仑变量:CSV54,16-bit Unsigned
3组_55号_转速设定,MODBUS RTU,6x,1405,风机转速设定；原昆仑变量:CSV55,16-bit Unsigned
3组_56号_转速设定,MODBUS RTU,6x,1406,风机转速设定；原昆仑变量:CSV56,16-bit Unsigned
3组_57号_转速设定,MODBUS RTU,6x,1407,风机转速设定；原昆仑变量:CSV57,16-bit Unsigned
3组_58号_转速设定,MODBUS RTU,6x,1408,风机转速设定；原昆仑变量:CSV58,16-bit Unsigned
3组_59号_转速设定,MODBUS RTU,6x,1409,风机转速设定；原昆仑变量:CSV59,16-bit Unsigned
3组_60号_转速设定,MODBUS RTU,6x,1410,风机转速设定；原昆仑变量:CSV60,16-bit Unsigned
4组_01号_转速设定,MODBUS RTU,6x,1411,风机转速设定；原昆仑变量:DSV1,16-bit Unsigned
4组_02号_转速设定,MODBUS RTU,6x,1412,风机转速设定；原昆仑变量:DSV2,16-bit Unsigned
4组_03号_转速设定,MODBUS RTU,6x,1413,风机转速设定；原昆仑变量:DSV3,16-bit Unsigned
4组_04号_转速设定,MODBUS RTU,6x,1414,风机转速设定；原昆仑变量:DSV4,16-bit Unsigned
4组_05号_转速设定,MODBUS RTU,6x,1415,风机转速设定；原昆仑变量:DSV5,16-bit Unsigned
4组_06号_转速设定,MODBUS RTU,6x,1416,风机转速设定；原昆仑变量:DSV6,16-bit Unsigned
4组_07号_转速设定,MODBUS RTU,6x,1417,风机转速设定；原昆仑变量:DSV7,16-bit Unsigned
4组_08号_转速设定,MODBUS RTU,6x,1418,风机转速设定；原昆仑变量:DSV8,16-bit Unsigned
4组_09号_转速设定,MODBUS RTU,6x,1419,风机转速设定；原昆仑变量:DSV9,16-bit Unsigned
4组_10号_转速设定,MODBUS RTU,6x,1420,风机转速设定；原昆仑变量:DSV10,16-bit Unsigned
4组_11号_转速设定,MODBUS RTU,6x,1421,风机转速设定；原昆仑变量:DSV11,16-bit Unsigned
4组_12号_转速设定,MODBUS RTU,6x,1422,风机转速设定；原昆仑变量:DSV12,16-bit Unsigned
4组_13号_转速设定,MODBUS RTU,6x,1423,风机转速设定；原昆仑变量:DSV13,16-bit Unsigned
4组_14号_转速设定,MODBUS RTU,6x,1424,风机转速设定；原昆仑变量:DSV14,16-bit Unsigned
4组_15号_转速设定,MODBUS RTU,6x,1425,风机转速设定；原昆仑变量:DSV15,16-bit Unsigned
4组_16号_转速设定,MODBUS RTU,6x,1426,风机转速设定；原昆仑变量:DSV16,16-bit Unsigned
4组_17号_转速设定,MODBUS RTU,6x,1427,风机转速设定；原昆仑变量:DSV17,16-bit Unsigned
4组_18号_转速设定,MODBUS RTU,6x,1428,风机转速设定；原昆仑变量:DSV18,16-bit Unsigned
4组_19号_转速设定,MODBUS RTU,6x,1429,风机转速设定；原昆仑变量:DSV19,16-bit Unsigned
4组_20号_转速设定,MODBUS RTU,6x,1430,风机转速设定；原昆仑变量:DSV20,16-bit Unsigned
4组_21号_转速设定,MODBUS RTU,6x,1431,风机转速设定；原昆仑变量:DSV21,16-bit Unsigned
4组_22号_转速设定,MODBUS RTU,6x,1432,风机转速设定；原昆仑变量:DSV22,16-bit Unsigned
4组_23号_转速设定,MODBUS RTU,6x,1433,风机转速设定；原昆仑变量:DSV23,16-bit Unsigned
4组_24号_转速设定,MODBUS RTU,6x,1434,风机转速设定；原昆仑变量:DSV24,16-bit Unsigned
4组_25号_转速设定,MODBUS RTU,6x,1435,风机转速设定；原昆仑变量:DSV25,16-bit Unsigned
4组_26号_转速设定,MODBUS RTU,6x,1436,风机转速设定；原昆仑变量:DSV26,16-bit Unsigned
4组_27号_转速设定,MODBUS RTU,6x,1437,风机转速设定；原昆仑变量:DSV27,16-bit Unsigned
4组_28号_转速设定,MODBUS RTU,6x,1438,风机转速设定；原昆仑变量:DSV28,16-bit Unsigned
4组_29号_转速设定,MODBUS RTU,6x,1439,风机转速设定；原昆仑变量:DSV29,16-bit Unsigned
4组_30号_转速设定,MODBUS RTU,6x,1440,风机转速设定；原昆仑变量:DSV30,16-bit Unsigned
4组_31号_转速设定,MODBUS RTU,6x,1441,风机转速设定；原昆仑变量:DSV31,16-bit Unsigned
4组_32号_转速设定,MODBUS RTU,6x,1442,风机转速设定；原昆仑变量:DSV32,16-bit Unsigned
4组_33号_转速设定,MODBUS RTU,6x,1443,风机转速设定；原昆仑变量:DSV33,16-bit Unsigned
4组_34号_转速设定,MODBUS RTU,6x,1444,风机转速设定；原昆仑变量:DSV34,16-bit Unsigned
4组_35号_转速设定,MODBUS RTU,6x,1445,风机转速设定；原昆仑变量:DSV35,16-bit Unsigned
4组_36号_转速设定,MODBUS RTU,6x,1446,风机转速设定；原昆仑变量:DSV36,16-bit Unsigned
4组_37号_转速设定,MODBUS RTU,6x,1447,风机转速设定；原昆仑变量:DSV37,16-bit Unsigned
4组_38号_转速设定,MODBUS RTU,6x,1448,风机转速设定；原昆仑变量:DSV38,16-bit Unsigned
4组_39号_转速设定,MODBUS RTU,6x,1449,风机转速设定；原昆仑变量:DSV39,16-bit Unsigned
4组_40号_转速设定,MODBUS RTU,6x,1450,风机转速设定；原昆仑变量:DSV40,16-bit Unsigned
4组_41号_转速设定,MODBUS RTU,6x,1451,风机转速设定；原昆仑变量:DSV41,16-bit Unsigned
4组_42号_转速设定,MODBUS RTU,6x,1452,风机转速设定；原昆仑变量:DSV42,16-bit Unsigned
4组_43号_转速设定,MODBUS RTU,6x,1453,风机转速设定；原昆仑变量:DSV43,16-bit Unsigned
4组_44号_转速设定,MODBUS RTU,6x,1454,风机转速设定；原昆仑变量:DSV44,16-bit Unsigned
4组_45号_转速设定,MODBUS RTU,6x,1455,风机转速设定；原昆仑变量:DSV45,16-bit Unsigned
4组_46号_转速设定,MODBUS RTU,6x,1456,风机转速设定；原昆仑变量:DSV46,16-bit Unsigned
4组_47号_转速设定,MODBUS RTU,6x,1457,风机转速设定；原昆仑变量:DSV47,16-bit Unsigned
4组_48号_转速设定,MODBUS RTU,6x,1458,风机转速设定；原昆仑变量:DSV48,16-bit Unsigned
4组_49号_转速设定,MODBUS RTU,6x,1459,风机转速设定；原昆仑变量:DSV49,16-bit Unsigned
4组_50号_转速设定,MODBUS RTU,6x,1460,风机转速设定；原昆仑变量:DSV50,16-bit Unsigned
4组_51号_转速设定,MODBUS RTU,6x,1461,风机转速设定；原昆仑变量:DSV51,16-bit Unsigned
4组_52号_转速设定,MODBUS RTU,6x,1462,风机转速设定；原昆仑变量:DSV52,16-bit Unsigned
4组_53号_转速设定,MODBUS RTU,6x,1463,风机转速设定；原昆仑变量:DSV53,16-bit Unsigned
4组_54号_转速设定,MODBUS RTU,6x,1464,风机转速设定；原昆仑变量:DSV54,16-bit Unsigned
4组_55号_转速设定,MODBUS RTU,6x,1465,风机转速设定；原昆仑变量:DSV55,16-bit Unsigned
4组_56号_转速设定,MODBUS RTU,6x,1466,风机转速设定；原昆仑变量:DSV56,16-bit Unsigned
4组_57号_转速设定,MODBUS RTU,6x,1467,风机转速设定；原昆仑变量:DSV57,16-bit Unsigned
4组_58号_转速设定,MODBUS RTU,6x,1468,风机转速设定；原昆仑变量:DSV58,16-bit Unsigned
4组_59号_转速设定,MODBUS RTU,6x,1469,风机转速设定；原昆仑变量:DSV59,16-bit Unsigned
4组_60号_转速设定,MODBUS RTU,6x,1470,风机转速设定；原昆仑变量:DSV60,16-bit Unsigned
5组_01号_转速设定,MODBUS RTU,6x,1471,风机转速设定；原昆仑变量:ESV1,16-bit Unsigned
5组_02号_转速设定,MODBUS RTU,6x,1472,风机转速设定；原昆仑变量:ESV2,16-bit Unsigned
5组_03号_转速设定,MODBUS RTU,6x,1473,风机转速设定；原昆仑变量:ESV3,16-bit Unsigned
5组_04号_转速设定,MODBUS RTU,6x,1474,风机转速设定；原昆仑变量:ESV4,16-bit Unsigned
5组_05号_转速设定,MODBUS RTU,6x,1475,风机转速设定；原昆仑变量:ESV5,16-bit Unsigned
5组_06号_转速设定,MODBUS RTU,6x,1476,风机转速设定；原昆仑变量:ESV6,16-bit Unsigned
5组_07号_转速设定,MODBUS RTU,6x,1477,风机转速设定；原昆仑变量:ESV7,16-bit Unsigned
5组_08号_转速设定,MODBUS RTU,6x,1478,风机转速设定；原昆仑变量:ESV8,16-bit Unsigned
5组_09号_转速设定,MODBUS RTU,6x,1479,风机转速设定；原昆仑变量:ESV9,16-bit Unsigned
5组_10号_转速设定,MODBUS RTU,6x,1480,风机转速设定；原昆仑变量:ESV10,16-bit Unsigned
5组_11号_转速设定,MODBUS RTU,6x,1481,风机转速设定；原昆仑变量:ESV11,16-bit Unsigned
5组_12号_转速设定,MODBUS RTU,6x,1482,风机转速设定；原昆仑变量:ESV12,16-bit Unsigned
5组_13号_转速设定,MODBUS RTU,6x,1483,风机转速设定；原昆仑变量:ESV13,16-bit Unsigned
5组_14号_转速设定,MODBUS RTU,6x,1484,风机转速设定；原昆仑变量:ESV14,16-bit Unsigned
5组_15号_转速设定,MODBUS RTU,6x,1485,风机转速设定；原昆仑变量:ESV15,16-bit Unsigned
5组_16号_转速设定,MODBUS RTU,6x,1486,风机转速设定；原昆仑变量:ESV16,16-bit Unsigned
5组_17号_转速设定,MODBUS RTU,6x,1487,风机转速设定；原昆仑变量:ESV17,16-bit Unsigned
5组_18号_转速设定,MODBUS RTU,6x,1488,风机转速设定；原昆仑变量:ESV18,16-bit Unsigned
5组_19号_转速设定,MODBUS RTU,6x,1489,风机转速设定；原昆仑变量:ESV19,16-bit Unsigned
5组_20号_转速设定,MODBUS RTU,6x,1490,风机转速设定；原昆仑变量:ESV20,16-bit Unsigned
5组_21号_转速设定,MODBUS RTU,6x,1491,风机转速设定；原昆仑变量:ESV21,16-bit Unsigned
5组_22号_转速设定,MODBUS RTU,6x,1492,风机转速设定；原昆仑变量:ESV22,16-bit Unsigned
5组_23号_转速设定,MODBUS RTU,6x,1493,风机转速设定；原昆仑变量:ESV23,16-bit Unsigned
5组_24号_转速设定,MODBUS RTU,6x,1494,风机转速设定；原昆仑变量:ESV24,16-bit Unsigned
5组_25号_转速设定,MODBUS RTU,6x,1495,风机转速设定；原昆仑变量:ESV25,16-bit Unsigned
5组_26号_转速设定,MODBUS RTU,6x,1496,风机转速设定；原昆仑变量:ESV26,16-bit Unsigned
5组_27号_转速设定,MODBUS RTU,6x,1497,风机转速设定；原昆仑变量:ESV27,16-bit Unsigned
5组_28号_转速设定,MODBUS RTU,6x,1498,风机转速设定；原昆仑变量:ESV28,16-bit Unsigned
5组_29号_转速设定,MODBUS RTU,6x,1499,风机转速设定；原昆仑变量:ESV29,16-bit Unsigned
5组_30号_转速设定,MODBUS RTU,6x,1500,风机转速设定；原昆仑变量:ESV30,16-bit Unsigned
5组_31号_转速设定,MODBUS RTU,6x,1501,风机转速设定；原昆仑变量:ESV31,16-bit Unsigned
5组_32号_转速设定,MODBUS RTU,6x,1502,风机转速设定；原昆仑变量:ESV32,16-bit Unsigned
5组_33号_转速设定,MODBUS RTU,6x,1503,风机转速设定；原昆仑变量:ESV33,16-bit Unsigned
5组_34号_转速设定,MODBUS RTU,6x,1504,风机转速设定；原昆仑变量:ESV34,16-bit Unsigned
5组_35号_转速设定,MODBUS RTU,6x,1505,风机转速设定；原昆仑变量:ESV35,16-bit Unsigned
5组_36号_转速设定,MODBUS RTU,6x,1506,风机转速设定；原昆仑变量:ESV36,16-bit Unsigned
5组_37号_转速设定,MODBUS RTU,6x,1507,风机转速设定；原昆仑变量:ESV37,16-bit Unsigned
5组_38号_转速设定,MODBUS RTU,6x,1508,风机转速设定；原昆仑变量:ESV38,16-bit Unsigned
5组_39号_转速设定,MODBUS RTU,6x,1509,风机转速设定；原昆仑变量:ESV39,16-bit Unsigned
5组_40号_转速设定,MODBUS RTU,6x,1510,风机转速设定；原昆仑变量:ESV40,16-bit Unsigned
5组_41号_转速设定,MODBUS RTU,6x,1511,风机转速设定；原昆仑变量:ESV41,16-bit Unsigned
5组_42号_转速设定,MODBUS RTU,6x,1512,风机转速设定；原昆仑变量:ESV42,16-bit Unsigned
5组_43号_转速设定,MODBUS RTU,6x,1513,风机转速设定；原昆仑变量:ESV43,16-bit Unsigned
5组_44号_转速设定,MODBUS RTU,6x,1514,风机转速设定；原昆仑变量:ESV44,16-bit Unsigned
5组_45号_转速设定,MODBUS RTU,6x,1515,风机转速设定；原昆仑变量:ESV45,16-bit Unsigned
5组_46号_转速设定,MODBUS RTU,6x,1516,风机转速设定；原昆仑变量:ESV46,16-bit Unsigned
5组_47号_转速设定,MODBUS RTU,6x,1517,风机转速设定；原昆仑变量:ESV47,16-bit Unsigned
5组_48号_转速设定,MODBUS RTU,6x,1518,风机转速设定；原昆仑变量:ESV48,16-bit Unsigned
5组_49号_转速设定,MODBUS RTU,6x,1519,风机转速设定；原昆仑变量:ESV49,16-bit Unsigned
5组_50号_转速设定,MODBUS RTU,6x,1520,风机转速设定；原昆仑变量:ESV50,16-bit Unsigned
5组_51号_转速设定,MODBUS RTU,6x,1521,风机转速设定；原昆仑变量:ESV51,16-bit Unsigned
5组_52号_转速设定,MODBUS RTU,6x,1522,风机转速设定；原昆仑变量:ESV52,16-bit Unsigned
5组_53号_转速设定,MODBUS RTU,6x,1523,风机转速设定；原昆仑变量:ESV53,16-bit Unsigned
5组_54号_转速设定,MODBUS RTU,6x,1524,风机转速设定；原昆仑变量:ESV54,16-bit Unsigned
5组_55号_转速设定,MODBUS RTU,6x,1525,风机转速设定；原昆仑变量:ESV55,16-bit Unsigned
5组_56号_转速设定,MODBUS RTU,6x,1526,风机转速设定；原昆仑变量:ESV56,16-bit Unsigned
5组_57号_转速设定,MODBUS RTU,6x,1527,风机转速设定；原昆仑变量:ESV57,16-bit Unsigned
5组_58号_转速设定,MODBUS RTU,6x,1528,风机转速设定；原昆仑变量:ESV58,16-bit Unsigned
5组_59号_转速设定,MODBUS RTU,6x,1529,风机转速设定；原昆仑变量:ESV59,16-bit Unsigned
5组_60号_转速设定,MODBUS RTU,6x,1530,风机转速设定；原昆仑变量:ESV60,16-bit Unsigned
1组_转速显示设定,MODBUS RTU,6x,1531,昆仑ModbusRTU迁移地址；原昆仑变量:组号_disp1,16-bit Unsigned
2组_转速显示设定,MODBUS RTU,6x,1532,昆仑ModbusRTU迁移地址；原昆仑变量:组号_disp2,16-bit Unsigned
3组_转速显示设定,MODBUS RTU,6x,1533,昆仑ModbusRTU迁移地址；原昆仑变量:组号_disp3,16-bit Unsigned
4组_转速显示设定,MODBUS RTU,6x,1534,昆仑ModbusRTU迁移地址；原昆仑变量:组号_disp4,16-bit Unsigned
5组_转速显示设定,MODBUS RTU,6x,1535,昆仑ModbusRTU迁移地址；原昆仑变量:组号_disp5,16-bit Unsigned
1至5组_最大转速设定,MODBUS RTU,6x,1536,昆仑ModbusRTU迁移地址；原昆仑变量:SPEED_MAX,16-bit Unsigned
通讯协议标识,MODBUS RTU,6x,1541,昆仑ModbusRTU迁移地址；原昆仑变量:通讯协议标识,16-bit Unsigned
通讯协议号,MODBUS RTU,6x,1542,昆仑ModbusRTU迁移地址；原昆仑变量:通讯协议号,16-bit Unsigned
保留地址_1543,MODBUS RTU,6x,1543,昆仑ModbusRTU迁移地址；原昆仑变量:读写4WUB1543,16-bit Unsigned
保留地址_1544,MODBUS RTU,6x,1544,昆仑ModbusRTU迁移地址；原昆仑变量:读写4WUB1544,16-bit Unsigned
保留地址_1545,MODBUS RTU,6x,1545,昆仑ModbusRTU迁移地址；原昆仑变量:读写4WUB1545,16-bit Unsigned
保留地址_1546,MODBUS RTU,6x,1546,昆仑ModbusRTU迁移地址；原昆仑变量:读写4WUB1546,16-bit Unsigned
保留地址_1547,MODBUS RTU,6x,1547,昆仑ModbusRTU迁移地址；原昆仑变量:读写4WUB1547,16-bit Unsigned
保留地址_1548,MODBUS RTU,6x,1548,昆仑ModbusRTU迁移地址；原昆仑变量:读写4WUB1548,16-bit Unsigned
保留地址_1549,MODBUS RTU,6x,1549,昆仑ModbusRTU迁移地址；原昆仑变量:读写4WUB1549,16-bit Unsigned
保留地址_1550,MODBUS RTU,6x,1550,昆仑ModbusRTU迁移地址；原昆仑变量:读写4WUB1550,16-bit Unsigned
1组_01号_开关设定,MODBUS RTU,6x,1601,单机开关：写1启动，写0停止；原昆仑变量:开关_1组_01,16-bit Unsigned
1组_02号_开关设定,MODBUS RTU,6x,1602,单机开关：写1启动，写0停止；原昆仑变量:开关_1组_02,16-bit Unsigned
1组_03号_开关设定,MODBUS RTU,6x,1603,单机开关：写1启动，写0停止；原昆仑变量:开关_1组_03,16-bit Unsigned
1组_04号_开关设定,MODBUS RTU,6x,1604,单机开关：写1启动，写0停止；原昆仑变量:开关_1组_04,16-bit Unsigned
1组_05号_开关设定,MODBUS RTU,6x,1605,单机开关：写1启动，写0停止；原昆仑变量:开关_1组_05,16-bit Unsigned
1组_06号_开关设定,MODBUS RTU,6x,1606,单机开关：写1启动，写0停止；原昆仑变量:开关_1组_06,16-bit Unsigned
1组_07号_开关设定,MODBUS RTU,6x,1607,单机开关：写1启动，写0停止；原昆仑变量:开关_1组_07,16-bit Unsigned
1组_08号_开关设定,MODBUS RTU,6x,1608,单机开关：写1启动，写0停止；原昆仑变量:开关_1组_08,16-bit Unsigned
1组_09号_开关设定,MODBUS RTU,6x,1609,单机开关：写1启动，写0停止；原昆仑变量:开关_1组_09,16-bit Unsigned
1组_10号_开关设定,MODBUS RTU,6x,1610,单机开关：写1启动，写0停止；原昆仑变量:开关_1组_10,16-bit Unsigned
1组_11号_开关设定,MODBUS RTU,6x,1611,单机开关：写1启动，写0停止；原昆仑变量:开关_1组_11,16-bit Unsigned
1组_12号_开关设定,MODBUS RTU,6x,1612,单机开关：写1启动，写0停止；原昆仑变量:开关_1组_12,16-bit Unsigned
1组_13号_开关设定,MODBUS RTU,6x,1613,单机开关：写1启动，写0停止；原昆仑变量:开关_1组_13,16-bit Unsigned
1组_14号_开关设定,MODBUS RTU,6x,1614,单机开关：写1启动，写0停止；原昆仑变量:开关_1组_14,16-bit Unsigned
1组_15号_开关设定,MODBUS RTU,6x,1615,单机开关：写1启动，写0停止；原昆仑变量:开关_1组_15,16-bit Unsigned
1组_16号_开关设定,MODBUS RTU,6x,1616,单机开关：写1启动，写0停止；原昆仑变量:开关_1组_16,16-bit Unsigned
1组_17号_开关设定,MODBUS RTU,6x,1617,单机开关：写1启动，写0停止；原昆仑变量:开关_1组_17,16-bit Unsigned
1组_18号_开关设定,MODBUS RTU,6x,1618,单机开关：写1启动，写0停止；原昆仑变量:开关_1组_18,16-bit Unsigned
1组_19号_开关设定,MODBUS RTU,6x,1619,单机开关：写1启动，写0停止；原昆仑变量:开关_1组_19,16-bit Unsigned
1组_20号_开关设定,MODBUS RTU,6x,1620,单机开关：写1启动，写0停止；原昆仑变量:开关_1组_20,16-bit Unsigned
1组_21号_开关设定,MODBUS RTU,6x,1621,单机开关：写1启动，写0停止；原昆仑变量:开关_1组_21,16-bit Unsigned
1组_22号_开关设定,MODBUS RTU,6x,1622,单机开关：写1启动，写0停止；原昆仑变量:开关_1组_22,16-bit Unsigned
1组_23号_开关设定,MODBUS RTU,6x,1623,单机开关：写1启动，写0停止；原昆仑变量:开关_1组_23,16-bit Unsigned
1组_24号_开关设定,MODBUS RTU,6x,1624,单机开关：写1启动，写0停止；原昆仑变量:开关_1组_24,16-bit Unsigned
1组_25号_开关设定,MODBUS RTU,6x,1625,单机开关：写1启动，写0停止；原昆仑变量:开关_1组_25,16-bit Unsigned
1组_26号_开关设定,MODBUS RTU,6x,1626,单机开关：写1启动，写0停止；原昆仑变量:开关_1组_26,16-bit Unsigned
1组_27号_开关设定,MODBUS RTU,6x,1627,单机开关：写1启动，写0停止；原昆仑变量:开关_1组_27,16-bit Unsigned
1组_28号_开关设定,MODBUS RTU,6x,1628,单机开关：写1启动，写0停止；原昆仑变量:开关_1组_28,16-bit Unsigned
1组_29号_开关设定,MODBUS RTU,6x,1629,单机开关：写1启动，写0停止；原昆仑变量:开关_1组_29,16-bit Unsigned
1组_30号_开关设定,MODBUS RTU,6x,1630,单机开关：写1启动，写0停止；原昆仑变量:开关_1组_30,16-bit Unsigned
1组_31号_开关设定,MODBUS RTU,6x,1631,单机开关：写1启动，写0停止；原昆仑变量:开关_1组_31,16-bit Unsigned
1组_32号_开关设定,MODBUS RTU,6x,1632,单机开关：写1启动，写0停止；原昆仑变量:开关_1组_32,16-bit Unsigned
1组_33号_开关设定,MODBUS RTU,6x,1633,单机开关：写1启动，写0停止；原昆仑变量:开关_1组_33,16-bit Unsigned
1组_34号_开关设定,MODBUS RTU,6x,1634,单机开关：写1启动，写0停止；原昆仑变量:开关_1组_34,16-bit Unsigned
1组_35号_开关设定,MODBUS RTU,6x,1635,单机开关：写1启动，写0停止；原昆仑变量:开关_1组_35,16-bit Unsigned
1组_36号_开关设定,MODBUS RTU,6x,1636,单机开关：写1启动，写0停止；原昆仑变量:开关_1组_36,16-bit Unsigned
1组_37号_开关设定,MODBUS RTU,6x,1637,单机开关：写1启动，写0停止；原昆仑变量:开关_1组_37,16-bit Unsigned
1组_38号_开关设定,MODBUS RTU,6x,1638,单机开关：写1启动，写0停止；原昆仑变量:开关_1组_38,16-bit Unsigned
1组_39号_开关设定,MODBUS RTU,6x,1639,单机开关：写1启动，写0停止；原昆仑变量:开关_1组_39,16-bit Unsigned
1组_40号_开关设定,MODBUS RTU,6x,1640,单机开关：写1启动，写0停止；原昆仑变量:开关_1组_40,16-bit Unsigned
1组_41号_开关设定,MODBUS RTU,6x,1641,单机开关：写1启动，写0停止；原昆仑变量:开关_1组_41,16-bit Unsigned
1组_42号_开关设定,MODBUS RTU,6x,1642,单机开关：写1启动，写0停止；原昆仑变量:开关_1组_42,16-bit Unsigned
1组_43号_开关设定,MODBUS RTU,6x,1643,单机开关：写1启动，写0停止；原昆仑变量:开关_1组_43,16-bit Unsigned
1组_44号_开关设定,MODBUS RTU,6x,1644,单机开关：写1启动，写0停止；原昆仑变量:开关_1组_44,16-bit Unsigned
1组_45号_开关设定,MODBUS RTU,6x,1645,单机开关：写1启动，写0停止；原昆仑变量:开关_1组_45,16-bit Unsigned
1组_46号_开关设定,MODBUS RTU,6x,1646,单机开关：写1启动，写0停止；原昆仑变量:开关_1组_46,16-bit Unsigned
1组_47号_开关设定,MODBUS RTU,6x,1647,单机开关：写1启动，写0停止；原昆仑变量:开关_1组_47,16-bit Unsigned
1组_48号_开关设定,MODBUS RTU,6x,1648,单机开关：写1启动，写0停止；原昆仑变量:开关_1组_48,16-bit Unsigned
1组_49号_开关设定,MODBUS RTU,6x,1649,单机开关：写1启动，写0停止；原昆仑变量:开关_1组_49,16-bit Unsigned
1组_50号_开关设定,MODBUS RTU,6x,1650,单机开关：写1启动，写0停止；原昆仑变量:开关_1组_50,16-bit Unsigned
1组_51号_开关设定,MODBUS RTU,6x,1651,单机开关：写1启动，写0停止；原昆仑变量:开关_1组_51,16-bit Unsigned
1组_52号_开关设定,MODBUS RTU,6x,1652,单机开关：写1启动，写0停止；原昆仑变量:开关_1组_52,16-bit Unsigned
1组_53号_开关设定,MODBUS RTU,6x,1653,单机开关：写1启动，写0停止；原昆仑变量:开关_1组_53,16-bit Unsigned
1组_54号_开关设定,MODBUS RTU,6x,1654,单机开关：写1启动，写0停止；原昆仑变量:开关_1组_54,16-bit Unsigned
1组_55号_开关设定,MODBUS RTU,6x,1655,单机开关：写1启动，写0停止；原昆仑变量:开关_1组_55,16-bit Unsigned
1组_56号_开关设定,MODBUS RTU,6x,1656,单机开关：写1启动，写0停止；原昆仑变量:开关_1组_56,16-bit Unsigned
1组_57号_开关设定,MODBUS RTU,6x,1657,单机开关：写1启动，写0停止；原昆仑变量:开关_1组_57,16-bit Unsigned
1组_58号_开关设定,MODBUS RTU,6x,1658,单机开关：写1启动，写0停止；原昆仑变量:开关_1组_58,16-bit Unsigned
1组_59号_开关设定,MODBUS RTU,6x,1659,单机开关：写1启动，写0停止；原昆仑变量:开关_1组_59,16-bit Unsigned
1组_60号_开关设定,MODBUS RTU,6x,1660,单机开关：写1启动，写0停止；原昆仑变量:开关_1组_60,16-bit Unsigned
2组_01号_开关设定,MODBUS RTU,6x,1661,单机开关：写1启动，写0停止；原昆仑变量:开关_2组_01,16-bit Unsigned
2组_02号_开关设定,MODBUS RTU,6x,1662,单机开关：写1启动，写0停止；原昆仑变量:开关_2组_02,16-bit Unsigned
2组_03号_开关设定,MODBUS RTU,6x,1663,单机开关：写1启动，写0停止；原昆仑变量:开关_2组_03,16-bit Unsigned
2组_04号_开关设定,MODBUS RTU,6x,1664,单机开关：写1启动，写0停止；原昆仑变量:开关_2组_04,16-bit Unsigned
2组_05号_开关设定,MODBUS RTU,6x,1665,单机开关：写1启动，写0停止；原昆仑变量:开关_2组_05,16-bit Unsigned
2组_06号_开关设定,MODBUS RTU,6x,1666,单机开关：写1启动，写0停止；原昆仑变量:开关_2组_06,16-bit Unsigned
2组_07号_开关设定,MODBUS RTU,6x,1667,单机开关：写1启动，写0停止；原昆仑变量:开关_2组_07,16-bit Unsigned
2组_08号_开关设定,MODBUS RTU,6x,1668,单机开关：写1启动，写0停止；原昆仑变量:开关_2组_08,16-bit Unsigned
2组_09号_开关设定,MODBUS RTU,6x,1669,单机开关：写1启动，写0停止；原昆仑变量:开关_2组_09,16-bit Unsigned
2组_10号_开关设定,MODBUS RTU,6x,1670,单机开关：写1启动，写0停止；原昆仑变量:开关_2组_10,16-bit Unsigned
2组_11号_开关设定,MODBUS RTU,6x,1671,单机开关：写1启动，写0停止；原昆仑变量:开关_2组_11,16-bit Unsigned
2组_12号_开关设定,MODBUS RTU,6x,1672,单机开关：写1启动，写0停止；原昆仑变量:开关_2组_12,16-bit Unsigned
2组_13号_开关设定,MODBUS RTU,6x,1673,单机开关：写1启动，写0停止；原昆仑变量:开关_2组_13,16-bit Unsigned
2组_14号_开关设定,MODBUS RTU,6x,1674,单机开关：写1启动，写0停止；原昆仑变量:开关_2组_14,16-bit Unsigned
2组_15号_开关设定,MODBUS RTU,6x,1675,单机开关：写1启动，写0停止；原昆仑变量:开关_2组_15,16-bit Unsigned
2组_16号_开关设定,MODBUS RTU,6x,1676,单机开关：写1启动，写0停止；原昆仑变量:开关_2组_16,16-bit Unsigned
2组_17号_开关设定,MODBUS RTU,6x,1677,单机开关：写1启动，写0停止；原昆仑变量:开关_2组_17,16-bit Unsigned
2组_18号_开关设定,MODBUS RTU,6x,1678,单机开关：写1启动，写0停止；原昆仑变量:开关_2组_18,16-bit Unsigned
2组_19号_开关设定,MODBUS RTU,6x,1679,单机开关：写1启动，写0停止；原昆仑变量:开关_2组_19,16-bit Unsigned
2组_20号_开关设定,MODBUS RTU,6x,1680,单机开关：写1启动，写0停止；原昆仑变量:开关_2组_20,16-bit Unsigned
2组_21号_开关设定,MODBUS RTU,6x,1681,单机开关：写1启动，写0停止；原昆仑变量:开关_2组_21,16-bit Unsigned
2组_22号_开关设定,MODBUS RTU,6x,1682,单机开关：写1启动，写0停止；原昆仑变量:开关_2组_22,16-bit Unsigned
2组_23号_开关设定,MODBUS RTU,6x,1683,单机开关：写1启动，写0停止；原昆仑变量:开关_2组_23,16-bit Unsigned
2组_24号_开关设定,MODBUS RTU,6x,1684,单机开关：写1启动，写0停止；原昆仑变量:开关_2组_24,16-bit Unsigned
2组_25号_开关设定,MODBUS RTU,6x,1685,单机开关：写1启动，写0停止；原昆仑变量:开关_2组_25,16-bit Unsigned
2组_26号_开关设定,MODBUS RTU,6x,1686,单机开关：写1启动，写0停止；原昆仑变量:开关_2组_26,16-bit Unsigned
2组_27号_开关设定,MODBUS RTU,6x,1687,单机开关：写1启动，写0停止；原昆仑变量:开关_2组_27,16-bit Unsigned
2组_28号_开关设定,MODBUS RTU,6x,1688,单机开关：写1启动，写0停止；原昆仑变量:开关_2组_28,16-bit Unsigned
2组_29号_开关设定,MODBUS RTU,6x,1689,单机开关：写1启动，写0停止；原昆仑变量:开关_2组_29,16-bit Unsigned
2组_30号_开关设定,MODBUS RTU,6x,1690,单机开关：写1启动，写0停止；原昆仑变量:开关_2组_30,16-bit Unsigned
2组_31号_开关设定,MODBUS RTU,6x,1691,单机开关：写1启动，写0停止；原昆仑变量:开关_2组_31,16-bit Unsigned
2组_32号_开关设定,MODBUS RTU,6x,1692,单机开关：写1启动，写0停止；原昆仑变量:开关_2组_32,16-bit Unsigned
2组_33号_开关设定,MODBUS RTU,6x,1693,单机开关：写1启动，写0停止；原昆仑变量:开关_2组_33,16-bit Unsigned
2组_34号_开关设定,MODBUS RTU,6x,1694,单机开关：写1启动，写0停止；原昆仑变量:开关_2组_34,16-bit Unsigned
2组_35号_开关设定,MODBUS RTU,6x,1695,单机开关：写1启动，写0停止；原昆仑变量:开关_2组_35,16-bit Unsigned
2组_36号_开关设定,MODBUS RTU,6x,1696,单机开关：写1启动，写0停止；原昆仑变量:开关_2组_36,16-bit Unsigned
2组_37号_开关设定,MODBUS RTU,6x,1697,单机开关：写1启动，写0停止；原昆仑变量:开关_2组_37,16-bit Unsigned
2组_38号_开关设定,MODBUS RTU,6x,1698,单机开关：写1启动，写0停止；原昆仑变量:开关_2组_38,16-bit Unsigned
2组_39号_开关设定,MODBUS RTU,6x,1699,单机开关：写1启动，写0停止；原昆仑变量:开关_2组_39,16-bit Unsigned
2组_40号_开关设定,MODBUS RTU,6x,1700,单机开关：写1启动，写0停止；原昆仑变量:开关_2组_40,16-bit Unsigned
2组_41号_开关设定,MODBUS RTU,6x,1701,单机开关：写1启动，写0停止；原昆仑变量:开关_2组_41,16-bit Unsigned
2组_42号_开关设定,MODBUS RTU,6x,1702,单机开关：写1启动，写0停止；原昆仑变量:开关_2组_42,16-bit Unsigned
2组_43号_开关设定,MODBUS RTU,6x,1703,单机开关：写1启动，写0停止；原昆仑变量:开关_2组_43,16-bit Unsigned
2组_44号_开关设定,MODBUS RTU,6x,1704,单机开关：写1启动，写0停止；原昆仑变量:开关_2组_44,16-bit Unsigned
2组_45号_开关设定,MODBUS RTU,6x,1705,单机开关：写1启动，写0停止；原昆仑变量:开关_2组_45,16-bit Unsigned
2组_46号_开关设定,MODBUS RTU,6x,1706,单机开关：写1启动，写0停止；原昆仑变量:开关_2组_46,16-bit Unsigned
2组_47号_开关设定,MODBUS RTU,6x,1707,单机开关：写1启动，写0停止；原昆仑变量:开关_2组_47,16-bit Unsigned
2组_48号_开关设定,MODBUS RTU,6x,1708,单机开关：写1启动，写0停止；原昆仑变量:开关_2组_48,16-bit Unsigned
2组_49号_开关设定,MODBUS RTU,6x,1709,单机开关：写1启动，写0停止；原昆仑变量:开关_2组_49,16-bit Unsigned
2组_50号_开关设定,MODBUS RTU,6x,1710,单机开关：写1启动，写0停止；原昆仑变量:开关_2组_50,16-bit Unsigned
2组_51号_开关设定,MODBUS RTU,6x,1711,单机开关：写1启动，写0停止；原昆仑变量:开关_2组_51,16-bit Unsigned
2组_52号_开关设定,MODBUS RTU,6x,1712,单机开关：写1启动，写0停止；原昆仑变量:开关_2组_52,16-bit Unsigned
2组_53号_开关设定,MODBUS RTU,6x,1713,单机开关：写1启动，写0停止；原昆仑变量:开关_2组_53,16-bit Unsigned
2组_54号_开关设定,MODBUS RTU,6x,1714,单机开关：写1启动，写0停止；原昆仑变量:开关_2组_54,16-bit Unsigned
2组_55号_开关设定,MODBUS RTU,6x,1715,单机开关：写1启动，写0停止；原昆仑变量:开关_2组_55,16-bit Unsigned
2组_56号_开关设定,MODBUS RTU,6x,1716,单机开关：写1启动，写0停止；原昆仑变量:开关_2组_56,16-bit Unsigned
2组_57号_开关设定,MODBUS RTU,6x,1717,单机开关：写1启动，写0停止；原昆仑变量:开关_2组_57,16-bit Unsigned
2组_58号_开关设定,MODBUS RTU,6x,1718,单机开关：写1启动，写0停止；原昆仑变量:开关_2组_58,16-bit Unsigned
2组_59号_开关设定,MODBUS RTU,6x,1719,单机开关：写1启动，写0停止；原昆仑变量:开关_2组_59,16-bit Unsigned
2组_60号_开关设定,MODBUS RTU,6x,1720,单机开关：写1启动，写0停止；原昆仑变量:开关_2组_60,16-bit Unsigned
3组_01号_开关设定,MODBUS RTU,6x,1721,单机开关：写1启动，写0停止；原昆仑变量:开关_3组_01,16-bit Unsigned
3组_02号_开关设定,MODBUS RTU,6x,1722,单机开关：写1启动，写0停止；原昆仑变量:开关_3组_02,16-bit Unsigned
3组_03号_开关设定,MODBUS RTU,6x,1723,单机开关：写1启动，写0停止；原昆仑变量:开关_3组_03,16-bit Unsigned
3组_04号_开关设定,MODBUS RTU,6x,1724,单机开关：写1启动，写0停止；原昆仑变量:开关_3组_04,16-bit Unsigned
3组_05号_开关设定,MODBUS RTU,6x,1725,单机开关：写1启动，写0停止；原昆仑变量:开关_3组_05,16-bit Unsigned
3组_06号_开关设定,MODBUS RTU,6x,1726,单机开关：写1启动，写0停止；原昆仑变量:开关_3组_06,16-bit Unsigned
3组_07号_开关设定,MODBUS RTU,6x,1727,单机开关：写1启动，写0停止；原昆仑变量:开关_3组_07,16-bit Unsigned
3组_08号_开关设定,MODBUS RTU,6x,1728,单机开关：写1启动，写0停止；原昆仑变量:开关_3组_08,16-bit Unsigned
3组_09号_开关设定,MODBUS RTU,6x,1729,单机开关：写1启动，写0停止；原昆仑变量:开关_3组_09,16-bit Unsigned
3组_10号_开关设定,MODBUS RTU,6x,1730,单机开关：写1启动，写0停止；原昆仑变量:开关_3组_10,16-bit Unsigned
3组_11号_开关设定,MODBUS RTU,6x,1731,单机开关：写1启动，写0停止；原昆仑变量:开关_3组_11,16-bit Unsigned
3组_12号_开关设定,MODBUS RTU,6x,1732,单机开关：写1启动，写0停止；原昆仑变量:开关_3组_12,16-bit Unsigned
3组_13号_开关设定,MODBUS RTU,6x,1733,单机开关：写1启动，写0停止；原昆仑变量:开关_3组_13,16-bit Unsigned
3组_14号_开关设定,MODBUS RTU,6x,1734,单机开关：写1启动，写0停止；原昆仑变量:开关_3组_14,16-bit Unsigned
3组_15号_开关设定,MODBUS RTU,6x,1735,单机开关：写1启动，写0停止；原昆仑变量:开关_3组_15,16-bit Unsigned
3组_16号_开关设定,MODBUS RTU,6x,1736,单机开关：写1启动，写0停止；原昆仑变量:开关_3组_16,16-bit Unsigned
3组_17号_开关设定,MODBUS RTU,6x,1737,单机开关：写1启动，写0停止；原昆仑变量:开关_3组_17,16-bit Unsigned
3组_18号_开关设定,MODBUS RTU,6x,1738,单机开关：写1启动，写0停止；原昆仑变量:开关_3组_18,16-bit Unsigned
3组_19号_开关设定,MODBUS RTU,6x,1739,单机开关：写1启动，写0停止；原昆仑变量:开关_3组_19,16-bit Unsigned
3组_20号_开关设定,MODBUS RTU,6x,1740,单机开关：写1启动，写0停止；原昆仑变量:开关_3组_20,16-bit Unsigned
3组_21号_开关设定,MODBUS RTU,6x,1741,单机开关：写1启动，写0停止；原昆仑变量:开关_3组_21,16-bit Unsigned
3组_22号_开关设定,MODBUS RTU,6x,1742,单机开关：写1启动，写0停止；原昆仑变量:开关_3组_22,16-bit Unsigned
3组_23号_开关设定,MODBUS RTU,6x,1743,单机开关：写1启动，写0停止；原昆仑变量:开关_3组_23,16-bit Unsigned
3组_24号_开关设定,MODBUS RTU,6x,1744,单机开关：写1启动，写0停止；原昆仑变量:开关_3组_24,16-bit Unsigned
3组_25号_开关设定,MODBUS RTU,6x,1745,单机开关：写1启动，写0停止；原昆仑变量:开关_3组_25,16-bit Unsigned
3组_26号_开关设定,MODBUS RTU,6x,1746,单机开关：写1启动，写0停止；原昆仑变量:开关_3组_26,16-bit Unsigned
3组_27号_开关设定,MODBUS RTU,6x,1747,单机开关：写1启动，写0停止；原昆仑变量:开关_3组_27,16-bit Unsigned
3组_28号_开关设定,MODBUS RTU,6x,1748,单机开关：写1启动，写0停止；原昆仑变量:开关_3组_28,16-bit Unsigned
3组_29号_开关设定,MODBUS RTU,6x,1749,单机开关：写1启动，写0停止；原昆仑变量:开关_3组_29,16-bit Unsigned
3组_30号_开关设定,MODBUS RTU,6x,1750,单机开关：写1启动，写0停止；原昆仑变量:开关_3组_30,16-bit Unsigned
3组_31号_开关设定,MODBUS RTU,6x,1751,单机开关：写1启动，写0停止；原昆仑变量:开关_3组_31,16-bit Unsigned
3组_32号_开关设定,MODBUS RTU,6x,1752,单机开关：写1启动，写0停止；原昆仑变量:开关_3组_32,16-bit Unsigned
3组_33号_开关设定,MODBUS RTU,6x,1753,单机开关：写1启动，写0停止；原昆仑变量:开关_3组_33,16-bit Unsigned
3组_34号_开关设定,MODBUS RTU,6x,1754,单机开关：写1启动，写0停止；原昆仑变量:开关_3组_34,16-bit Unsigned
3组_35号_开关设定,MODBUS RTU,6x,1755,单机开关：写1启动，写0停止；原昆仑变量:开关_3组_35,16-bit Unsigned
3组_36号_开关设定,MODBUS RTU,6x,1756,单机开关：写1启动，写0停止；原昆仑变量:开关_3组_36,16-bit Unsigned
3组_37号_开关设定,MODBUS RTU,6x,1757,单机开关：写1启动，写0停止；原昆仑变量:开关_3组_37,16-bit Unsigned
3组_38号_开关设定,MODBUS RTU,6x,1758,单机开关：写1启动，写0停止；原昆仑变量:开关_3组_38,16-bit Unsigned
3组_39号_开关设定,MODBUS RTU,6x,1759,单机开关：写1启动，写0停止；原昆仑变量:开关_3组_39,16-bit Unsigned
3组_40号_开关设定,MODBUS RTU,6x,1760,单机开关：写1启动，写0停止；原昆仑变量:开关_3组_40,16-bit Unsigned
3组_41号_开关设定,MODBUS RTU,6x,1761,单机开关：写1启动，写0停止；原昆仑变量:开关_3组_41,16-bit Unsigned
3组_42号_开关设定,MODBUS RTU,6x,1762,单机开关：写1启动，写0停止；原昆仑变量:开关_3组_42,16-bit Unsigned
3组_43号_开关设定,MODBUS RTU,6x,1763,单机开关：写1启动，写0停止；原昆仑变量:开关_3组_43,16-bit Unsigned
3组_44号_开关设定,MODBUS RTU,6x,1764,单机开关：写1启动，写0停止；原昆仑变量:开关_3组_44,16-bit Unsigned
3组_45号_开关设定,MODBUS RTU,6x,1765,单机开关：写1启动，写0停止；原昆仑变量:开关_3组_45,16-bit Unsigned
3组_46号_开关设定,MODBUS RTU,6x,1766,单机开关：写1启动，写0停止；原昆仑变量:开关_3组_46,16-bit Unsigned
3组_47号_开关设定,MODBUS RTU,6x,1767,单机开关：写1启动，写0停止；原昆仑变量:开关_3组_47,16-bit Unsigned
3组_48号_开关设定,MODBUS RTU,6x,1768,单机开关：写1启动，写0停止；原昆仑变量:开关_3组_48,16-bit Unsigned
3组_49号_开关设定,MODBUS RTU,6x,1769,单机开关：写1启动，写0停止；原昆仑变量:开关_3组_49,16-bit Unsigned
3组_50号_开关设定,MODBUS RTU,6x,1770,单机开关：写1启动，写0停止；原昆仑变量:开关_3组_50,16-bit Unsigned
3组_51号_开关设定,MODBUS RTU,6x,1771,单机开关：写1启动，写0停止；原昆仑变量:开关_3组_51,16-bit Unsigned
3组_52号_开关设定,MODBUS RTU,6x,1772,单机开关：写1启动，写0停止；原昆仑变量:开关_3组_52,16-bit Unsigned
3组_53号_开关设定,MODBUS RTU,6x,1773,单机开关：写1启动，写0停止；原昆仑变量:开关_3组_53,16-bit Unsigned
3组_54号_开关设定,MODBUS RTU,6x,1774,单机开关：写1启动，写0停止；原昆仑变量:开关_3组_54,16-bit Unsigned
3组_55号_开关设定,MODBUS RTU,6x,1775,单机开关：写1启动，写0停止；原昆仑变量:开关_3组_55,16-bit Unsigned
3组_56号_开关设定,MODBUS RTU,6x,1776,单机开关：写1启动，写0停止；原昆仑变量:开关_3组_56,16-bit Unsigned
3组_57号_开关设定,MODBUS RTU,6x,1777,单机开关：写1启动，写0停止；原昆仑变量:开关_3组_57,16-bit Unsigned
3组_58号_开关设定,MODBUS RTU,6x,1778,单机开关：写1启动，写0停止；原昆仑变量:开关_3组_58,16-bit Unsigned
3组_59号_开关设定,MODBUS RTU,6x,1779,单机开关：写1启动，写0停止；原昆仑变量:开关_3组_59,16-bit Unsigned
3组_60号_开关设定,MODBUS RTU,6x,1780,单机开关：写1启动，写0停止；原昆仑变量:开关_3组_60,16-bit Unsigned
4组_01号_开关设定,MODBUS RTU,6x,1781,单机开关：写1启动，写0停止；原昆仑变量:开关_4组_01,16-bit Unsigned
4组_02号_开关设定,MODBUS RTU,6x,1782,单机开关：写1启动，写0停止；原昆仑变量:开关_4组_02,16-bit Unsigned
4组_03号_开关设定,MODBUS RTU,6x,1783,单机开关：写1启动，写0停止；原昆仑变量:开关_4组_03,16-bit Unsigned
4组_04号_开关设定,MODBUS RTU,6x,1784,单机开关：写1启动，写0停止；原昆仑变量:开关_4组_04,16-bit Unsigned
4组_05号_开关设定,MODBUS RTU,6x,1785,单机开关：写1启动，写0停止；原昆仑变量:开关_4组_05,16-bit Unsigned
4组_06号_开关设定,MODBUS RTU,6x,1786,单机开关：写1启动，写0停止；原昆仑变量:开关_4组_06,16-bit Unsigned
4组_07号_开关设定,MODBUS RTU,6x,1787,单机开关：写1启动，写0停止；原昆仑变量:开关_4组_07,16-bit Unsigned
4组_08号_开关设定,MODBUS RTU,6x,1788,单机开关：写1启动，写0停止；原昆仑变量:开关_4组_08,16-bit Unsigned
4组_09号_开关设定,MODBUS RTU,6x,1789,单机开关：写1启动，写0停止；原昆仑变量:开关_4组_09,16-bit Unsigned
4组_10号_开关设定,MODBUS RTU,6x,1790,单机开关：写1启动，写0停止；原昆仑变量:开关_4组_10,16-bit Unsigned
4组_11号_开关设定,MODBUS RTU,6x,1791,单机开关：写1启动，写0停止；原昆仑变量:开关_4组_11,16-bit Unsigned
4组_12号_开关设定,MODBUS RTU,6x,1792,单机开关：写1启动，写0停止；原昆仑变量:开关_4组_12,16-bit Unsigned
4组_13号_开关设定,MODBUS RTU,6x,1793,单机开关：写1启动，写0停止；原昆仑变量:开关_4组_13,16-bit Unsigned
4组_14号_开关设定,MODBUS RTU,6x,1794,单机开关：写1启动，写0停止；原昆仑变量:开关_4组_14,16-bit Unsigned
4组_15号_开关设定,MODBUS RTU,6x,1795,单机开关：写1启动，写0停止；原昆仑变量:开关_4组_15,16-bit Unsigned
4组_16号_开关设定,MODBUS RTU,6x,1796,单机开关：写1启动，写0停止；原昆仑变量:开关_4组_16,16-bit Unsigned
4组_17号_开关设定,MODBUS RTU,6x,1797,单机开关：写1启动，写0停止；原昆仑变量:开关_4组_17,16-bit Unsigned
4组_18号_开关设定,MODBUS RTU,6x,1798,单机开关：写1启动，写0停止；原昆仑变量:开关_4组_18,16-bit Unsigned
4组_19号_开关设定,MODBUS RTU,6x,1799,单机开关：写1启动，写0停止；原昆仑变量:开关_4组_19,16-bit Unsigned
4组_20号_开关设定,MODBUS RTU,6x,1800,单机开关：写1启动，写0停止；原昆仑变量:开关_4组_20,16-bit Unsigned
4组_21号_开关设定,MODBUS RTU,6x,1801,单机开关：写1启动，写0停止；原昆仑变量:开关_4组_21,16-bit Unsigned
4组_22号_开关设定,MODBUS RTU,6x,1802,单机开关：写1启动，写0停止；原昆仑变量:开关_4组_22,16-bit Unsigned
4组_23号_开关设定,MODBUS RTU,6x,1803,单机开关：写1启动，写0停止；原昆仑变量:开关_4组_23,16-bit Unsigned
4组_24号_开关设定,MODBUS RTU,6x,1804,单机开关：写1启动，写0停止；原昆仑变量:开关_4组_24,16-bit Unsigned
4组_25号_开关设定,MODBUS RTU,6x,1805,单机开关：写1启动，写0停止；原昆仑变量:开关_4组_25,16-bit Unsigned
4组_26号_开关设定,MODBUS RTU,6x,1806,单机开关：写1启动，写0停止；原昆仑变量:开关_4组_26,16-bit Unsigned
4组_27号_开关设定,MODBUS RTU,6x,1807,单机开关：写1启动，写0停止；原昆仑变量:开关_4组_27,16-bit Unsigned
4组_28号_开关设定,MODBUS RTU,6x,1808,单机开关：写1启动，写0停止；原昆仑变量:开关_4组_28,16-bit Unsigned
4组_29号_开关设定,MODBUS RTU,6x,1809,单机开关：写1启动，写0停止；原昆仑变量:开关_4组_29,16-bit Unsigned
4组_30号_开关设定,MODBUS RTU,6x,1810,单机开关：写1启动，写0停止；原昆仑变量:开关_4组_30,16-bit Unsigned
4组_31号_开关设定,MODBUS RTU,6x,1811,单机开关：写1启动，写0停止；原昆仑变量:开关_4组_31,16-bit Unsigned
4组_32号_开关设定,MODBUS RTU,6x,1812,单机开关：写1启动，写0停止；原昆仑变量:开关_4组_32,16-bit Unsigned
4组_33号_开关设定,MODBUS RTU,6x,1813,单机开关：写1启动，写0停止；原昆仑变量:开关_4组_33,16-bit Unsigned
4组_34号_开关设定,MODBUS RTU,6x,1814,单机开关：写1启动，写0停止；原昆仑变量:开关_4组_34,16-bit Unsigned
4组_35号_开关设定,MODBUS RTU,6x,1815,单机开关：写1启动，写0停止；原昆仑变量:开关_4组_35,16-bit Unsigned
4组_36号_开关设定,MODBUS RTU,6x,1816,单机开关：写1启动，写0停止；原昆仑变量:开关_4组_36,16-bit Unsigned
4组_37号_开关设定,MODBUS RTU,6x,1817,单机开关：写1启动，写0停止；原昆仑变量:开关_4组_37,16-bit Unsigned
4组_38号_开关设定,MODBUS RTU,6x,1818,单机开关：写1启动，写0停止；原昆仑变量:开关_4组_38,16-bit Unsigned
4组_39号_开关设定,MODBUS RTU,6x,1819,单机开关：写1启动，写0停止；原昆仑变量:开关_4组_39,16-bit Unsigned
4组_40号_开关设定,MODBUS RTU,6x,1820,单机开关：写1启动，写0停止；原昆仑变量:开关_4组_40,16-bit Unsigned
4组_41号_开关设定,MODBUS RTU,6x,1821,单机开关：写1启动，写0停止；原昆仑变量:开关_4组_41,16-bit Unsigned
4组_42号_开关设定,MODBUS RTU,6x,1822,单机开关：写1启动，写0停止；原昆仑变量:开关_4组_42,16-bit Unsigned
4组_43号_开关设定,MODBUS RTU,6x,1823,单机开关：写1启动，写0停止；原昆仑变量:开关_4组_43,16-bit Unsigned
4组_44号_开关设定,MODBUS RTU,6x,1824,单机开关：写1启动，写0停止；原昆仑变量:开关_4组_44,16-bit Unsigned
4组_45号_开关设定,MODBUS RTU,6x,1825,单机开关：写1启动，写0停止；原昆仑变量:开关_4组_45,16-bit Unsigned
4组_46号_开关设定,MODBUS RTU,6x,1826,单机开关：写1启动，写0停止；原昆仑变量:开关_4组_46,16-bit Unsigned
4组_47号_开关设定,MODBUS RTU,6x,1827,单机开关：写1启动，写0停止；原昆仑变量:开关_4组_47,16-bit Unsigned
4组_48号_开关设定,MODBUS RTU,6x,1828,单机开关：写1启动，写0停止；原昆仑变量:开关_4组_48,16-bit Unsigned
4组_49号_开关设定,MODBUS RTU,6x,1829,单机开关：写1启动，写0停止；原昆仑变量:开关_4组_49,16-bit Unsigned
4组_50号_开关设定,MODBUS RTU,6x,1830,单机开关：写1启动，写0停止；原昆仑变量:开关_4组_50,16-bit Unsigned
4组_51号_开关设定,MODBUS RTU,6x,1831,单机开关：写1启动，写0停止；原昆仑变量:开关_4组_51,16-bit Unsigned
4组_52号_开关设定,MODBUS RTU,6x,1832,单机开关：写1启动，写0停止；原昆仑变量:开关_4组_52,16-bit Unsigned
4组_53号_开关设定,MODBUS RTU,6x,1833,单机开关：写1启动，写0停止；原昆仑变量:开关_4组_53,16-bit Unsigned
4组_54号_开关设定,MODBUS RTU,6x,1834,单机开关：写1启动，写0停止；原昆仑变量:开关_4组_54,16-bit Unsigned
4组_55号_开关设定,MODBUS RTU,6x,1835,单机开关：写1启动，写0停止；原昆仑变量:开关_4组_55,16-bit Unsigned
4组_56号_开关设定,MODBUS RTU,6x,1836,单机开关：写1启动，写0停止；原昆仑变量:开关_4组_56,16-bit Unsigned
4组_57号_开关设定,MODBUS RTU,6x,1837,单机开关：写1启动，写0停止；原昆仑变量:开关_4组_57,16-bit Unsigned
4组_58号_开关设定,MODBUS RTU,6x,1838,单机开关：写1启动，写0停止；原昆仑变量:开关_4组_58,16-bit Unsigned
4组_59号_开关设定,MODBUS RTU,6x,1839,单机开关：写1启动，写0停止；原昆仑变量:开关_4组_59,16-bit Unsigned
4组_60号_开关设定,MODBUS RTU,6x,1840,单机开关：写1启动，写0停止；原昆仑变量:开关_4组_60,16-bit Unsigned
5组_01号_开关设定,MODBUS RTU,6x,1841,单机开关：写1启动，写0停止；原昆仑变量:开关_5组_01,16-bit Unsigned
5组_02号_开关设定,MODBUS RTU,6x,1842,单机开关：写1启动，写0停止；原昆仑变量:开关_5组_02,16-bit Unsigned
5组_03号_开关设定,MODBUS RTU,6x,1843,单机开关：写1启动，写0停止；原昆仑变量:开关_5组_03,16-bit Unsigned
5组_04号_开关设定,MODBUS RTU,6x,1844,单机开关：写1启动，写0停止；原昆仑变量:开关_5组_04,16-bit Unsigned
5组_05号_开关设定,MODBUS RTU,6x,1845,单机开关：写1启动，写0停止；原昆仑变量:开关_5组_05,16-bit Unsigned
5组_06号_开关设定,MODBUS RTU,6x,1846,单机开关：写1启动，写0停止；原昆仑变量:开关_5组_06,16-bit Unsigned
5组_07号_开关设定,MODBUS RTU,6x,1847,单机开关：写1启动，写0停止；原昆仑变量:开关_5组_07,16-bit Unsigned
5组_08号_开关设定,MODBUS RTU,6x,1848,单机开关：写1启动，写0停止；原昆仑变量:开关_5组_08,16-bit Unsigned
5组_09号_开关设定,MODBUS RTU,6x,1849,单机开关：写1启动，写0停止；原昆仑变量:开关_5组_09,16-bit Unsigned
5组_10号_开关设定,MODBUS RTU,6x,1850,单机开关：写1启动，写0停止；原昆仑变量:开关_5组_10,16-bit Unsigned
5组_11号_开关设定,MODBUS RTU,6x,1851,单机开关：写1启动，写0停止；原昆仑变量:开关_5组_11,16-bit Unsigned
5组_12号_开关设定,MODBUS RTU,6x,1852,单机开关：写1启动，写0停止；原昆仑变量:开关_5组_12,16-bit Unsigned
5组_13号_开关设定,MODBUS RTU,6x,1853,单机开关：写1启动，写0停止；原昆仑变量:开关_5组_13,16-bit Unsigned
5组_14号_开关设定,MODBUS RTU,6x,1854,单机开关：写1启动，写0停止；原昆仑变量:开关_5组_14,16-bit Unsigned
5组_15号_开关设定,MODBUS RTU,6x,1855,单机开关：写1启动，写0停止；原昆仑变量:开关_5组_15,16-bit Unsigned
5组_16号_开关设定,MODBUS RTU,6x,1856,单机开关：写1启动，写0停止；原昆仑变量:开关_5组_16,16-bit Unsigned
5组_17号_开关设定,MODBUS RTU,6x,1857,单机开关：写1启动，写0停止；原昆仑变量:开关_5组_17,16-bit Unsigned
5组_18号_开关设定,MODBUS RTU,6x,1858,单机开关：写1启动，写0停止；原昆仑变量:开关_5组_18,16-bit Unsigned
5组_19号_开关设定,MODBUS RTU,6x,1859,单机开关：写1启动，写0停止；原昆仑变量:开关_5组_19,16-bit Unsigned
5组_20号_开关设定,MODBUS RTU,6x,1860,单机开关：写1启动，写0停止；原昆仑变量:开关_5组_20,16-bit Unsigned
5组_21号_开关设定,MODBUS RTU,6x,1861,单机开关：写1启动，写0停止；原昆仑变量:开关_5组_21,16-bit Unsigned
5组_22号_开关设定,MODBUS RTU,6x,1862,单机开关：写1启动，写0停止；原昆仑变量:开关_5组_22,16-bit Unsigned
5组_23号_开关设定,MODBUS RTU,6x,1863,单机开关：写1启动，写0停止；原昆仑变量:开关_5组_23,16-bit Unsigned
5组_24号_开关设定,MODBUS RTU,6x,1864,单机开关：写1启动，写0停止；原昆仑变量:开关_5组_24,16-bit Unsigned
5组_25号_开关设定,MODBUS RTU,6x,1865,单机开关：写1启动，写0停止；原昆仑变量:开关_5组_25,16-bit Unsigned
5组_26号_开关设定,MODBUS RTU,6x,1866,单机开关：写1启动，写0停止；原昆仑变量:开关_5组_26,16-bit Unsigned
5组_27号_开关设定,MODBUS RTU,6x,1867,单机开关：写1启动，写0停止；原昆仑变量:开关_5组_27,16-bit Unsigned
5组_28号_开关设定,MODBUS RTU,6x,1868,单机开关：写1启动，写0停止；原昆仑变量:开关_5组_28,16-bit Unsigned
5组_29号_开关设定,MODBUS RTU,6x,1869,单机开关：写1启动，写0停止；原昆仑变量:开关_5组_29,16-bit Unsigned
5组_30号_开关设定,MODBUS RTU,6x,1870,单机开关：写1启动，写0停止；原昆仑变量:开关_5组_30,16-bit Unsigned
5组_31号_开关设定,MODBUS RTU,6x,1871,单机开关：写1启动，写0停止；原昆仑变量:开关_5组_31,16-bit Unsigned
5组_32号_开关设定,MODBUS RTU,6x,1872,单机开关：写1启动，写0停止；原昆仑变量:开关_5组_32,16-bit Unsigned
5组_33号_开关设定,MODBUS RTU,6x,1873,单机开关：写1启动，写0停止；原昆仑变量:开关_5组_33,16-bit Unsigned
5组_34号_开关设定,MODBUS RTU,6x,1874,单机开关：写1启动，写0停止；原昆仑变量:开关_5组_34,16-bit Unsigned
5组_35号_开关设定,MODBUS RTU,6x,1875,单机开关：写1启动，写0停止；原昆仑变量:开关_5组_35,16-bit Unsigned
5组_36号_开关设定,MODBUS RTU,6x,1876,单机开关：写1启动，写0停止；原昆仑变量:开关_5组_36,16-bit Unsigned
5组_37号_开关设定,MODBUS RTU,6x,1877,单机开关：写1启动，写0停止；原昆仑变量:开关_5组_37,16-bit Unsigned
5组_38号_开关设定,MODBUS RTU,6x,1878,单机开关：写1启动，写0停止；原昆仑变量:开关_5组_38,16-bit Unsigned
5组_39号_开关设定,MODBUS RTU,6x,1879,单机开关：写1启动，写0停止；原昆仑变量:开关_5组_39,16-bit Unsigned
5组_40号_开关设定,MODBUS RTU,6x,1880,单机开关：写1启动，写0停止；原昆仑变量:开关_5组_40,16-bit Unsigned
5组_41号_开关设定,MODBUS RTU,6x,1881,单机开关：写1启动，写0停止；原昆仑变量:开关_5组_41,16-bit Unsigned
5组_42号_开关设定,MODBUS RTU,6x,1882,单机开关：写1启动，写0停止；原昆仑变量:开关_5组_42,16-bit Unsigned
5组_43号_开关设定,MODBUS RTU,6x,1883,单机开关：写1启动，写0停止；原昆仑变量:开关_5组_43,16-bit Unsigned
5组_44号_开关设定,MODBUS RTU,6x,1884,单机开关：写1启动，写0停止；原昆仑变量:开关_5组_44,16-bit Unsigned
5组_45号_开关设定,MODBUS RTU,6x,1885,单机开关：写1启动，写0停止；原昆仑变量:开关_5组_45,16-bit Unsigned
5组_46号_开关设定,MODBUS RTU,6x,1886,单机开关：写1启动，写0停止；原昆仑变量:开关_5组_46,16-bit Unsigned
5组_47号_开关设定,MODBUS RTU,6x,1887,单机开关：写1启动，写0停止；原昆仑变量:开关_5组_47,16-bit Unsigned
5组_48号_开关设定,MODBUS RTU,6x,1888,单机开关：写1启动，写0停止；原昆仑变量:开关_5组_48,16-bit Unsigned
5组_49号_开关设定,MODBUS RTU,6x,1889,单机开关：写1启动，写0停止；原昆仑变量:开关_5组_49,16-bit Unsigned
5组_50号_开关设定,MODBUS RTU,6x,1890,单机开关：写1启动，写0停止；原昆仑变量:开关_5组_50,16-bit Unsigned
5组_51号_开关设定,MODBUS RTU,6x,1891,单机开关：写1启动，写0停止；原昆仑变量:开关_5组_51,16-bit Unsigned
5组_52号_开关设定,MODBUS RTU,6x,1892,单机开关：写1启动，写0停止；原昆仑变量:开关_5组_52,16-bit Unsigned
5组_53号_开关设定,MODBUS RTU,6x,1893,单机开关：写1启动，写0停止；原昆仑变量:开关_5组_53,16-bit Unsigned
5组_54号_开关设定,MODBUS RTU,6x,1894,单机开关：写1启动，写0停止；原昆仑变量:开关_5组_54,16-bit Unsigned
5组_55号_开关设定,MODBUS RTU,6x,1895,单机开关：写1启动，写0停止；原昆仑变量:开关_5组_55,16-bit Unsigned
5组_56号_开关设定,MODBUS RTU,6x,1896,单机开关：写1启动，写0停止；原昆仑变量:开关_5组_56,16-bit Unsigned
5组_57号_开关设定,MODBUS RTU,6x,1897,单机开关：写1启动，写0停止；原昆仑变量:开关_5组_57,16-bit Unsigned
5组_58号_开关设定,MODBUS RTU,6x,1898,单机开关：写1启动，写0停止；原昆仑变量:开关_5组_58,16-bit Unsigned
5组_59号_开关设定,MODBUS RTU,6x,1899,单机开关：写1启动，写0停止；原昆仑变量:开关_5组_59,16-bit Unsigned
5组_60号_开关设定,MODBUS RTU,6x,1900,单机开关：写1启动，写0停止；原昆仑变量:开关_5组_60,16-bit Unsigned
1组_01号_运行时间,MODBUS RTU,4x,2001,运行时间数据；原昆仑变量:运行时间001,16-bit Unsigned
1组_02号_运行时间,MODBUS RTU,4x,2002,运行时间数据；原昆仑变量:运行时间002,16-bit Unsigned
1组_03号_运行时间,MODBUS RTU,4x,2003,运行时间数据；原昆仑变量:运行时间003,16-bit Unsigned
1组_04号_运行时间,MODBUS RTU,4x,2004,运行时间数据；原昆仑变量:运行时间004,16-bit Unsigned
1组_05号_运行时间,MODBUS RTU,4x,2005,运行时间数据；原昆仑变量:运行时间005,16-bit Unsigned
1组_06号_运行时间,MODBUS RTU,4x,2006,运行时间数据；原昆仑变量:运行时间006,16-bit Unsigned
1组_07号_运行时间,MODBUS RTU,4x,2007,运行时间数据；原昆仑变量:运行时间007,16-bit Unsigned
1组_08号_运行时间,MODBUS RTU,4x,2008,运行时间数据；原昆仑变量:运行时间008,16-bit Unsigned
1组_09号_运行时间,MODBUS RTU,4x,2009,运行时间数据；原昆仑变量:运行时间009,16-bit Unsigned
1组_10号_运行时间,MODBUS RTU,4x,2010,运行时间数据；原昆仑变量:运行时间010,16-bit Unsigned
1组_11号_运行时间,MODBUS RTU,4x,2011,运行时间数据；原昆仑变量:运行时间011,16-bit Unsigned
1组_12号_运行时间,MODBUS RTU,4x,2012,运行时间数据；原昆仑变量:运行时间012,16-bit Unsigned
1组_13号_运行时间,MODBUS RTU,4x,2013,运行时间数据；原昆仑变量:运行时间013,16-bit Unsigned
1组_14号_运行时间,MODBUS RTU,4x,2014,运行时间数据；原昆仑变量:运行时间014,16-bit Unsigned
1组_15号_运行时间,MODBUS RTU,4x,2015,运行时间数据；原昆仑变量:运行时间015,16-bit Unsigned
1组_16号_运行时间,MODBUS RTU,4x,2016,运行时间数据；原昆仑变量:运行时间016,16-bit Unsigned
1组_17号_运行时间,MODBUS RTU,4x,2017,运行时间数据；原昆仑变量:运行时间017,16-bit Unsigned
1组_18号_运行时间,MODBUS RTU,4x,2018,运行时间数据；原昆仑变量:运行时间018,16-bit Unsigned
1组_19号_运行时间,MODBUS RTU,4x,2019,运行时间数据；原昆仑变量:运行时间019,16-bit Unsigned
1组_20号_运行时间,MODBUS RTU,4x,2020,运行时间数据；原昆仑变量:运行时间020,16-bit Unsigned
1组_21号_运行时间,MODBUS RTU,4x,2021,运行时间数据；原昆仑变量:运行时间021,16-bit Unsigned
1组_22号_运行时间,MODBUS RTU,4x,2022,运行时间数据；原昆仑变量:运行时间022,16-bit Unsigned
1组_23号_运行时间,MODBUS RTU,4x,2023,运行时间数据；原昆仑变量:运行时间023,16-bit Unsigned
1组_24号_运行时间,MODBUS RTU,4x,2024,运行时间数据；原昆仑变量:运行时间024,16-bit Unsigned
1组_25号_运行时间,MODBUS RTU,4x,2025,运行时间数据；原昆仑变量:运行时间025,16-bit Unsigned
1组_26号_运行时间,MODBUS RTU,4x,2026,运行时间数据；原昆仑变量:运行时间026,16-bit Unsigned
1组_27号_运行时间,MODBUS RTU,4x,2027,运行时间数据；原昆仑变量:运行时间027,16-bit Unsigned
1组_28号_运行时间,MODBUS RTU,4x,2028,运行时间数据；原昆仑变量:运行时间028,16-bit Unsigned
1组_29号_运行时间,MODBUS RTU,4x,2029,运行时间数据；原昆仑变量:运行时间029,16-bit Unsigned
1组_30号_运行时间,MODBUS RTU,4x,2030,运行时间数据；原昆仑变量:运行时间030,16-bit Unsigned
1组_31号_运行时间,MODBUS RTU,4x,2031,运行时间数据；原昆仑变量:运行时间031,16-bit Unsigned
1组_32号_运行时间,MODBUS RTU,4x,2032,运行时间数据；原昆仑变量:运行时间032,16-bit Unsigned
1组_33号_运行时间,MODBUS RTU,4x,2033,运行时间数据；原昆仑变量:运行时间033,16-bit Unsigned
1组_34号_运行时间,MODBUS RTU,4x,2034,运行时间数据；原昆仑变量:运行时间034,16-bit Unsigned
1组_35号_运行时间,MODBUS RTU,4x,2035,运行时间数据；原昆仑变量:运行时间035,16-bit Unsigned
1组_36号_运行时间,MODBUS RTU,4x,2036,运行时间数据；原昆仑变量:运行时间036,16-bit Unsigned
1组_37号_运行时间,MODBUS RTU,4x,2037,运行时间数据；原昆仑变量:运行时间037,16-bit Unsigned
1组_38号_运行时间,MODBUS RTU,4x,2038,运行时间数据；原昆仑变量:运行时间038,16-bit Unsigned
1组_39号_运行时间,MODBUS RTU,4x,2039,运行时间数据；原昆仑变量:运行时间039,16-bit Unsigned
1组_40号_运行时间,MODBUS RTU,4x,2040,运行时间数据；原昆仑变量:运行时间040,16-bit Unsigned
1组_41号_运行时间,MODBUS RTU,4x,2041,运行时间数据；原昆仑变量:运行时间041,16-bit Unsigned
1组_42号_运行时间,MODBUS RTU,4x,2042,运行时间数据；原昆仑变量:运行时间042,16-bit Unsigned
1组_43号_运行时间,MODBUS RTU,4x,2043,运行时间数据；原昆仑变量:运行时间043,16-bit Unsigned
1组_44号_运行时间,MODBUS RTU,4x,2044,运行时间数据；原昆仑变量:运行时间044,16-bit Unsigned
1组_45号_运行时间,MODBUS RTU,4x,2045,运行时间数据；原昆仑变量:运行时间045,16-bit Unsigned
1组_46号_运行时间,MODBUS RTU,4x,2046,运行时间数据；原昆仑变量:运行时间046,16-bit Unsigned
1组_47号_运行时间,MODBUS RTU,4x,2047,运行时间数据；原昆仑变量:运行时间047,16-bit Unsigned
1组_48号_运行时间,MODBUS RTU,4x,2048,运行时间数据；原昆仑变量:运行时间048,16-bit Unsigned
1组_49号_运行时间,MODBUS RTU,4x,2049,运行时间数据；原昆仑变量:运行时间049,16-bit Unsigned
1组_50号_运行时间,MODBUS RTU,4x,2050,运行时间数据；原昆仑变量:运行时间050,16-bit Unsigned
1组_51号_运行时间,MODBUS RTU,4x,2051,运行时间数据；原昆仑变量:运行时间051,16-bit Unsigned
1组_52号_运行时间,MODBUS RTU,4x,2052,运行时间数据；原昆仑变量:运行时间052,16-bit Unsigned
1组_53号_运行时间,MODBUS RTU,4x,2053,运行时间数据；原昆仑变量:运行时间053,16-bit Unsigned
1组_54号_运行时间,MODBUS RTU,4x,2054,运行时间数据；原昆仑变量:运行时间054,16-bit Unsigned
1组_55号_运行时间,MODBUS RTU,4x,2055,运行时间数据；原昆仑变量:运行时间055,16-bit Unsigned
1组_56号_运行时间,MODBUS RTU,4x,2056,运行时间数据；原昆仑变量:运行时间056,16-bit Unsigned
1组_57号_运行时间,MODBUS RTU,4x,2057,运行时间数据；原昆仑变量:运行时间057,16-bit Unsigned
1组_58号_运行时间,MODBUS RTU,4x,2058,运行时间数据；原昆仑变量:运行时间058,16-bit Unsigned
1组_59号_运行时间,MODBUS RTU,4x,2059,运行时间数据；原昆仑变量:运行时间059,16-bit Unsigned
1组_60号_运行时间,MODBUS RTU,4x,2060,运行时间数据；原昆仑变量:运行时间060,16-bit Unsigned
2组_01号_运行时间,MODBUS RTU,4x,2061,运行时间数据；原昆仑变量:运行时间061,16-bit Unsigned
2组_02号_运行时间,MODBUS RTU,4x,2062,运行时间数据；原昆仑变量:运行时间062,16-bit Unsigned
2组_03号_运行时间,MODBUS RTU,4x,2063,运行时间数据；原昆仑变量:运行时间063,16-bit Unsigned
2组_04号_运行时间,MODBUS RTU,4x,2064,运行时间数据；原昆仑变量:运行时间064,16-bit Unsigned
2组_05号_运行时间,MODBUS RTU,4x,2065,运行时间数据；原昆仑变量:运行时间065,16-bit Unsigned
2组_06号_运行时间,MODBUS RTU,4x,2066,运行时间数据；原昆仑变量:运行时间066,16-bit Unsigned
2组_07号_运行时间,MODBUS RTU,4x,2067,运行时间数据；原昆仑变量:运行时间067,16-bit Unsigned
2组_08号_运行时间,MODBUS RTU,4x,2068,运行时间数据；原昆仑变量:运行时间068,16-bit Unsigned
2组_09号_运行时间,MODBUS RTU,4x,2069,运行时间数据；原昆仑变量:运行时间069,16-bit Unsigned
2组_10号_运行时间,MODBUS RTU,4x,2070,运行时间数据；原昆仑变量:运行时间070,16-bit Unsigned
2组_11号_运行时间,MODBUS RTU,4x,2071,运行时间数据；原昆仑变量:运行时间071,16-bit Unsigned
2组_12号_运行时间,MODBUS RTU,4x,2072,运行时间数据；原昆仑变量:运行时间072,16-bit Unsigned
2组_13号_运行时间,MODBUS RTU,4x,2073,运行时间数据；原昆仑变量:运行时间073,16-bit Unsigned
2组_14号_运行时间,MODBUS RTU,4x,2074,运行时间数据；原昆仑变量:运行时间074,16-bit Unsigned
2组_15号_运行时间,MODBUS RTU,4x,2075,运行时间数据；原昆仑变量:运行时间075,16-bit Unsigned
2组_16号_运行时间,MODBUS RTU,4x,2076,运行时间数据；原昆仑变量:运行时间076,16-bit Unsigned
2组_17号_运行时间,MODBUS RTU,4x,2077,运行时间数据；原昆仑变量:运行时间077,16-bit Unsigned
2组_18号_运行时间,MODBUS RTU,4x,2078,运行时间数据；原昆仑变量:运行时间078,16-bit Unsigned
2组_19号_运行时间,MODBUS RTU,4x,2079,运行时间数据；原昆仑变量:运行时间079,16-bit Unsigned
2组_20号_运行时间,MODBUS RTU,4x,2080,运行时间数据；原昆仑变量:运行时间080,16-bit Unsigned
2组_21号_运行时间,MODBUS RTU,4x,2081,运行时间数据；原昆仑变量:运行时间081,16-bit Unsigned
2组_22号_运行时间,MODBUS RTU,4x,2082,运行时间数据；原昆仑变量:运行时间082,16-bit Unsigned
2组_23号_运行时间,MODBUS RTU,4x,2083,运行时间数据；原昆仑变量:运行时间083,16-bit Unsigned
2组_24号_运行时间,MODBUS RTU,4x,2084,运行时间数据；原昆仑变量:运行时间084,16-bit Unsigned
2组_25号_运行时间,MODBUS RTU,4x,2085,运行时间数据；原昆仑变量:运行时间085,16-bit Unsigned
2组_26号_运行时间,MODBUS RTU,4x,2086,运行时间数据；原昆仑变量:运行时间086,16-bit Unsigned
2组_27号_运行时间,MODBUS RTU,4x,2087,运行时间数据；原昆仑变量:运行时间087,16-bit Unsigned
2组_28号_运行时间,MODBUS RTU,4x,2088,运行时间数据；原昆仑变量:运行时间088,16-bit Unsigned
2组_29号_运行时间,MODBUS RTU,4x,2089,运行时间数据；原昆仑变量:运行时间089,16-bit Unsigned
2组_30号_运行时间,MODBUS RTU,4x,2090,运行时间数据；原昆仑变量:运行时间090,16-bit Unsigned
2组_31号_运行时间,MODBUS RTU,4x,2091,运行时间数据；原昆仑变量:运行时间091,16-bit Unsigned
2组_32号_运行时间,MODBUS RTU,4x,2092,运行时间数据；原昆仑变量:运行时间092,16-bit Unsigned
2组_33号_运行时间,MODBUS RTU,4x,2093,运行时间数据；原昆仑变量:运行时间093,16-bit Unsigned
2组_34号_运行时间,MODBUS RTU,4x,2094,运行时间数据；原昆仑变量:运行时间094,16-bit Unsigned
2组_35号_运行时间,MODBUS RTU,4x,2095,运行时间数据；原昆仑变量:运行时间095,16-bit Unsigned
2组_36号_运行时间,MODBUS RTU,4x,2096,运行时间数据；原昆仑变量:运行时间096,16-bit Unsigned
2组_37号_运行时间,MODBUS RTU,4x,2097,运行时间数据；原昆仑变量:运行时间097,16-bit Unsigned
2组_38号_运行时间,MODBUS RTU,4x,2098,运行时间数据；原昆仑变量:运行时间098,16-bit Unsigned
2组_39号_运行时间,MODBUS RTU,4x,2099,运行时间数据；原昆仑变量:运行时间099,16-bit Unsigned
2组_40号_运行时间,MODBUS RTU,4x,2100,运行时间数据；原昆仑变量:运行时间100,16-bit Unsigned
2组_41号_运行时间,MODBUS RTU,4x,2101,运行时间数据；原昆仑变量:运行时间101,16-bit Unsigned
2组_42号_运行时间,MODBUS RTU,4x,2102,运行时间数据；原昆仑变量:运行时间102,16-bit Unsigned
2组_43号_运行时间,MODBUS RTU,4x,2103,运行时间数据；原昆仑变量:运行时间103,16-bit Unsigned
2组_44号_运行时间,MODBUS RTU,4x,2104,运行时间数据；原昆仑变量:运行时间104,16-bit Unsigned
2组_45号_运行时间,MODBUS RTU,4x,2105,运行时间数据；原昆仑变量:运行时间105,16-bit Unsigned
2组_46号_运行时间,MODBUS RTU,4x,2106,运行时间数据；原昆仑变量:运行时间106,16-bit Unsigned
2组_47号_运行时间,MODBUS RTU,4x,2107,运行时间数据；原昆仑变量:运行时间107,16-bit Unsigned
2组_48号_运行时间,MODBUS RTU,4x,2108,运行时间数据；原昆仑变量:运行时间108,16-bit Unsigned
2组_49号_运行时间,MODBUS RTU,4x,2109,运行时间数据；原昆仑变量:运行时间109,16-bit Unsigned
2组_50号_运行时间,MODBUS RTU,4x,2110,运行时间数据；原昆仑变量:运行时间110,16-bit Unsigned
2组_51号_运行时间,MODBUS RTU,4x,2111,运行时间数据；原昆仑变量:运行时间111,16-bit Unsigned
2组_52号_运行时间,MODBUS RTU,4x,2112,运行时间数据；原昆仑变量:运行时间112,16-bit Unsigned
2组_53号_运行时间,MODBUS RTU,4x,2113,运行时间数据；原昆仑变量:运行时间113,16-bit Unsigned
2组_54号_运行时间,MODBUS RTU,4x,2114,运行时间数据；原昆仑变量:运行时间114,16-bit Unsigned
2组_55号_运行时间,MODBUS RTU,4x,2115,运行时间数据；原昆仑变量:运行时间115,16-bit Unsigned
2组_56号_运行时间,MODBUS RTU,4x,2116,运行时间数据；原昆仑变量:运行时间116,16-bit Unsigned
2组_57号_运行时间,MODBUS RTU,4x,2117,运行时间数据；原昆仑变量:运行时间117,16-bit Unsigned
2组_58号_运行时间,MODBUS RTU,4x,2118,运行时间数据；原昆仑变量:运行时间118,16-bit Unsigned
2组_59号_运行时间,MODBUS RTU,4x,2119,运行时间数据；原昆仑变量:运行时间119,16-bit Unsigned
2组_60号_运行时间,MODBUS RTU,4x,2120,运行时间数据；原昆仑变量:运行时间120,16-bit Unsigned
3组_01号_运行时间,MODBUS RTU,4x,2121,运行时间数据；原昆仑变量:运行时间121,16-bit Unsigned
3组_02号_运行时间,MODBUS RTU,4x,2122,运行时间数据；原昆仑变量:运行时间122,16-bit Unsigned
3组_03号_运行时间,MODBUS RTU,4x,2123,运行时间数据；原昆仑变量:运行时间123,16-bit Unsigned
3组_04号_运行时间,MODBUS RTU,4x,2124,运行时间数据；原昆仑变量:运行时间124,16-bit Unsigned
3组_05号_运行时间,MODBUS RTU,4x,2125,运行时间数据；原昆仑变量:运行时间125,16-bit Unsigned
3组_06号_运行时间,MODBUS RTU,4x,2126,运行时间数据；原昆仑变量:运行时间126,16-bit Unsigned
3组_07号_运行时间,MODBUS RTU,4x,2127,运行时间数据；原昆仑变量:运行时间127,16-bit Unsigned
3组_08号_运行时间,MODBUS RTU,4x,2128,运行时间数据；原昆仑变量:运行时间128,16-bit Unsigned
3组_09号_运行时间,MODBUS RTU,4x,2129,运行时间数据；原昆仑变量:运行时间129,16-bit Unsigned
3组_10号_运行时间,MODBUS RTU,4x,2130,运行时间数据；原昆仑变量:运行时间130,16-bit Unsigned
3组_11号_运行时间,MODBUS RTU,4x,2131,运行时间数据；原昆仑变量:运行时间131,16-bit Unsigned
3组_12号_运行时间,MODBUS RTU,4x,2132,运行时间数据；原昆仑变量:运行时间132,16-bit Unsigned
3组_13号_运行时间,MODBUS RTU,4x,2133,运行时间数据；原昆仑变量:运行时间133,16-bit Unsigned
3组_14号_运行时间,MODBUS RTU,4x,2134,运行时间数据；原昆仑变量:运行时间134,16-bit Unsigned
3组_15号_运行时间,MODBUS RTU,4x,2135,运行时间数据；原昆仑变量:运行时间135,16-bit Unsigned
3组_16号_运行时间,MODBUS RTU,4x,2136,运行时间数据；原昆仑变量:运行时间136,16-bit Unsigned
3组_17号_运行时间,MODBUS RTU,4x,2137,运行时间数据；原昆仑变量:运行时间137,16-bit Unsigned
3组_18号_运行时间,MODBUS RTU,4x,2138,运行时间数据；原昆仑变量:运行时间138,16-bit Unsigned
3组_19号_运行时间,MODBUS RTU,4x,2139,运行时间数据；原昆仑变量:运行时间139,16-bit Unsigned
3组_20号_运行时间,MODBUS RTU,4x,2140,运行时间数据；原昆仑变量:运行时间140,16-bit Unsigned
3组_21号_运行时间,MODBUS RTU,4x,2141,运行时间数据；原昆仑变量:运行时间141,16-bit Unsigned
3组_22号_运行时间,MODBUS RTU,4x,2142,运行时间数据；原昆仑变量:运行时间142,16-bit Unsigned
3组_23号_运行时间,MODBUS RTU,4x,2143,运行时间数据；原昆仑变量:运行时间143,16-bit Unsigned
3组_24号_运行时间,MODBUS RTU,4x,2144,运行时间数据；原昆仑变量:运行时间144,16-bit Unsigned
3组_25号_运行时间,MODBUS RTU,4x,2145,运行时间数据；原昆仑变量:运行时间145,16-bit Unsigned
3组_26号_运行时间,MODBUS RTU,4x,2146,运行时间数据；原昆仑变量:运行时间146,16-bit Unsigned
3组_27号_运行时间,MODBUS RTU,4x,2147,运行时间数据；原昆仑变量:运行时间147,16-bit Unsigned
3组_28号_运行时间,MODBUS RTU,4x,2148,运行时间数据；原昆仑变量:运行时间148,16-bit Unsigned
3组_29号_运行时间,MODBUS RTU,4x,2149,运行时间数据；原昆仑变量:运行时间149,16-bit Unsigned
3组_30号_运行时间,MODBUS RTU,4x,2150,运行时间数据；原昆仑变量:运行时间150,16-bit Unsigned
3组_31号_运行时间,MODBUS RTU,4x,2151,运行时间数据；原昆仑变量:运行时间151,16-bit Unsigned
3组_32号_运行时间,MODBUS RTU,4x,2152,运行时间数据；原昆仑变量:运行时间152,16-bit Unsigned
3组_33号_运行时间,MODBUS RTU,4x,2153,运行时间数据；原昆仑变量:运行时间153,16-bit Unsigned
3组_34号_运行时间,MODBUS RTU,4x,2154,运行时间数据；原昆仑变量:运行时间154,16-bit Unsigned
3组_35号_运行时间,MODBUS RTU,4x,2155,运行时间数据；原昆仑变量:运行时间155,16-bit Unsigned
3组_36号_运行时间,MODBUS RTU,4x,2156,运行时间数据；原昆仑变量:运行时间156,16-bit Unsigned
3组_37号_运行时间,MODBUS RTU,4x,2157,运行时间数据；原昆仑变量:运行时间157,16-bit Unsigned
3组_38号_运行时间,MODBUS RTU,4x,2158,运行时间数据；原昆仑变量:运行时间158,16-bit Unsigned
3组_39号_运行时间,MODBUS RTU,4x,2159,运行时间数据；原昆仑变量:运行时间159,16-bit Unsigned
3组_40号_运行时间,MODBUS RTU,4x,2160,运行时间数据；原昆仑变量:运行时间160,16-bit Unsigned
3组_41号_运行时间,MODBUS RTU,4x,2161,运行时间数据；原昆仑变量:运行时间161,16-bit Unsigned
3组_42号_运行时间,MODBUS RTU,4x,2162,运行时间数据；原昆仑变量:运行时间162,16-bit Unsigned
3组_43号_运行时间,MODBUS RTU,4x,2163,运行时间数据；原昆仑变量:运行时间163,16-bit Unsigned
3组_44号_运行时间,MODBUS RTU,4x,2164,运行时间数据；原昆仑变量:运行时间164,16-bit Unsigned
3组_45号_运行时间,MODBUS RTU,4x,2165,运行时间数据；原昆仑变量:运行时间165,16-bit Unsigned
3组_46号_运行时间,MODBUS RTU,4x,2166,运行时间数据；原昆仑变量:运行时间166,16-bit Unsigned
3组_47号_运行时间,MODBUS RTU,4x,2167,运行时间数据；原昆仑变量:运行时间167,16-bit Unsigned
3组_48号_运行时间,MODBUS RTU,4x,2168,运行时间数据；原昆仑变量:运行时间168,16-bit Unsigned
3组_49号_运行时间,MODBUS RTU,4x,2169,运行时间数据；原昆仑变量:运行时间169,16-bit Unsigned
3组_50号_运行时间,MODBUS RTU,4x,2170,运行时间数据；原昆仑变量:运行时间170,16-bit Unsigned
3组_51号_运行时间,MODBUS RTU,4x,2171,运行时间数据；原昆仑变量:运行时间171,16-bit Unsigned
3组_52号_运行时间,MODBUS RTU,4x,2172,运行时间数据；原昆仑变量:运行时间172,16-bit Unsigned
3组_53号_运行时间,MODBUS RTU,4x,2173,运行时间数据；原昆仑变量:运行时间173,16-bit Unsigned
3组_54号_运行时间,MODBUS RTU,4x,2174,运行时间数据；原昆仑变量:运行时间174,16-bit Unsigned
3组_55号_运行时间,MODBUS RTU,4x,2175,运行时间数据；原昆仑变量:运行时间175,16-bit Unsigned
3组_56号_运行时间,MODBUS RTU,4x,2176,运行时间数据；原昆仑变量:运行时间176,16-bit Unsigned
3组_57号_运行时间,MODBUS RTU,4x,2177,运行时间数据；原昆仑变量:运行时间177,16-bit Unsigned
3组_58号_运行时间,MODBUS RTU,4x,2178,运行时间数据；原昆仑变量:运行时间178,16-bit Unsigned
3组_59号_运行时间,MODBUS RTU,4x,2179,运行时间数据；原昆仑变量:运行时间179,16-bit Unsigned
3组_60号_运行时间,MODBUS RTU,4x,2180,运行时间数据；原昆仑变量:运行时间180,16-bit Unsigned
4组_01号_运行时间,MODBUS RTU,4x,2181,运行时间数据；原昆仑变量:运行时间181,16-bit Unsigned
4组_02号_运行时间,MODBUS RTU,4x,2182,运行时间数据；原昆仑变量:运行时间182,16-bit Unsigned
4组_03号_运行时间,MODBUS RTU,4x,2183,运行时间数据；原昆仑变量:运行时间183,16-bit Unsigned
4组_04号_运行时间,MODBUS RTU,4x,2184,运行时间数据；原昆仑变量:运行时间184,16-bit Unsigned
4组_05号_运行时间,MODBUS RTU,4x,2185,运行时间数据；原昆仑变量:运行时间185,16-bit Unsigned
4组_06号_运行时间,MODBUS RTU,4x,2186,运行时间数据；原昆仑变量:运行时间186,16-bit Unsigned
4组_07号_运行时间,MODBUS RTU,4x,2187,运行时间数据；原昆仑变量:运行时间187,16-bit Unsigned
4组_08号_运行时间,MODBUS RTU,4x,2188,运行时间数据；原昆仑变量:运行时间188,16-bit Unsigned
4组_09号_运行时间,MODBUS RTU,4x,2189,运行时间数据；原昆仑变量:运行时间189,16-bit Unsigned
4组_10号_运行时间,MODBUS RTU,4x,2190,运行时间数据；原昆仑变量:运行时间190,16-bit Unsigned
4组_11号_运行时间,MODBUS RTU,4x,2191,运行时间数据；原昆仑变量:运行时间191,16-bit Unsigned
4组_12号_运行时间,MODBUS RTU,4x,2192,运行时间数据；原昆仑变量:运行时间192,16-bit Unsigned
4组_13号_运行时间,MODBUS RTU,4x,2193,运行时间数据；原昆仑变量:运行时间193,16-bit Unsigned
4组_14号_运行时间,MODBUS RTU,4x,2194,运行时间数据；原昆仑变量:运行时间194,16-bit Unsigned
4组_15号_运行时间,MODBUS RTU,4x,2195,运行时间数据；原昆仑变量:运行时间195,16-bit Unsigned
4组_16号_运行时间,MODBUS RTU,4x,2196,运行时间数据；原昆仑变量:运行时间196,16-bit Unsigned
4组_17号_运行时间,MODBUS RTU,4x,2197,运行时间数据；原昆仑变量:运行时间197,16-bit Unsigned
4组_18号_运行时间,MODBUS RTU,4x,2198,运行时间数据；原昆仑变量:运行时间198,16-bit Unsigned
4组_19号_运行时间,MODBUS RTU,4x,2199,运行时间数据；原昆仑变量:运行时间199,16-bit Unsigned
4组_20号_运行时间,MODBUS RTU,4x,2200,运行时间数据；原昆仑变量:运行时间200,16-bit Unsigned
4组_21号_运行时间,MODBUS RTU,4x,2201,运行时间数据；原昆仑变量:运行时间201,16-bit Unsigned
4组_22号_运行时间,MODBUS RTU,4x,2202,运行时间数据；原昆仑变量:运行时间202,16-bit Unsigned
4组_23号_运行时间,MODBUS RTU,4x,2203,运行时间数据；原昆仑变量:运行时间203,16-bit Unsigned
4组_24号_运行时间,MODBUS RTU,4x,2204,运行时间数据；原昆仑变量:运行时间204,16-bit Unsigned
4组_25号_运行时间,MODBUS RTU,4x,2205,运行时间数据；原昆仑变量:运行时间205,16-bit Unsigned
4组_26号_运行时间,MODBUS RTU,4x,2206,运行时间数据；原昆仑变量:运行时间206,16-bit Unsigned
4组_27号_运行时间,MODBUS RTU,4x,2207,运行时间数据；原昆仑变量:运行时间207,16-bit Unsigned
4组_28号_运行时间,MODBUS RTU,4x,2208,运行时间数据；原昆仑变量:运行时间208,16-bit Unsigned
4组_29号_运行时间,MODBUS RTU,4x,2209,运行时间数据；原昆仑变量:运行时间209,16-bit Unsigned
4组_30号_运行时间,MODBUS RTU,4x,2210,运行时间数据；原昆仑变量:运行时间210,16-bit Unsigned
4组_31号_运行时间,MODBUS RTU,4x,2211,运行时间数据；原昆仑变量:运行时间211,16-bit Unsigned
4组_32号_运行时间,MODBUS RTU,4x,2212,运行时间数据；原昆仑变量:运行时间212,16-bit Unsigned
4组_33号_运行时间,MODBUS RTU,4x,2213,运行时间数据；原昆仑变量:运行时间213,16-bit Unsigned
4组_34号_运行时间,MODBUS RTU,4x,2214,运行时间数据；原昆仑变量:运行时间214,16-bit Unsigned
4组_35号_运行时间,MODBUS RTU,4x,2215,运行时间数据；原昆仑变量:运行时间215,16-bit Unsigned
4组_36号_运行时间,MODBUS RTU,4x,2216,运行时间数据；原昆仑变量:运行时间216,16-bit Unsigned
4组_37号_运行时间,MODBUS RTU,4x,2217,运行时间数据；原昆仑变量:运行时间217,16-bit Unsigned
4组_38号_运行时间,MODBUS RTU,4x,2218,运行时间数据；原昆仑变量:运行时间218,16-bit Unsigned
4组_39号_运行时间,MODBUS RTU,4x,2219,运行时间数据；原昆仑变量:运行时间219,16-bit Unsigned
4组_40号_运行时间,MODBUS RTU,4x,2220,运行时间数据；原昆仑变量:运行时间220,16-bit Unsigned
4组_41号_运行时间,MODBUS RTU,4x,2221,运行时间数据；原昆仑变量:运行时间221,16-bit Unsigned
4组_42号_运行时间,MODBUS RTU,4x,2222,运行时间数据；原昆仑变量:运行时间222,16-bit Unsigned
4组_43号_运行时间,MODBUS RTU,4x,2223,运行时间数据；原昆仑变量:运行时间223,16-bit Unsigned
4组_44号_运行时间,MODBUS RTU,4x,2224,运行时间数据；原昆仑变量:运行时间224,16-bit Unsigned
4组_45号_运行时间,MODBUS RTU,4x,2225,运行时间数据；原昆仑变量:运行时间225,16-bit Unsigned
4组_46号_运行时间,MODBUS RTU,4x,2226,运行时间数据；原昆仑变量:运行时间226,16-bit Unsigned
4组_47号_运行时间,MODBUS RTU,4x,2227,运行时间数据；原昆仑变量:运行时间227,16-bit Unsigned
4组_48号_运行时间,MODBUS RTU,4x,2228,运行时间数据；原昆仑变量:运行时间228,16-bit Unsigned
4组_49号_运行时间,MODBUS RTU,4x,2229,运行时间数据；原昆仑变量:运行时间229,16-bit Unsigned
4组_50号_运行时间,MODBUS RTU,4x,2230,运行时间数据；原昆仑变量:运行时间230,16-bit Unsigned
4组_51号_运行时间,MODBUS RTU,4x,2231,运行时间数据；原昆仑变量:运行时间231,16-bit Unsigned
4组_52号_运行时间,MODBUS RTU,4x,2232,运行时间数据；原昆仑变量:运行时间232,16-bit Unsigned
4组_53号_运行时间,MODBUS RTU,4x,2233,运行时间数据；原昆仑变量:运行时间233,16-bit Unsigned
4组_54号_运行时间,MODBUS RTU,4x,2234,运行时间数据；原昆仑变量:运行时间234,16-bit Unsigned
4组_55号_运行时间,MODBUS RTU,4x,2235,运行时间数据；原昆仑变量:运行时间235,16-bit Unsigned
4组_56号_运行时间,MODBUS RTU,4x,2236,运行时间数据；原昆仑变量:运行时间236,16-bit Unsigned
4组_57号_运行时间,MODBUS RTU,4x,2237,运行时间数据；原昆仑变量:运行时间237,16-bit Unsigned
4组_58号_运行时间,MODBUS RTU,4x,2238,运行时间数据；原昆仑变量:运行时间238,16-bit Unsigned
4组_59号_运行时间,MODBUS RTU,4x,2239,运行时间数据；原昆仑变量:运行时间239,16-bit Unsigned
4组_60号_运行时间,MODBUS RTU,4x,2240,运行时间数据；原昆仑变量:运行时间240,16-bit Unsigned
5组_01号_运行时间,MODBUS RTU,4x,2241,运行时间数据；原昆仑变量:运行时间241,16-bit Unsigned
5组_02号_运行时间,MODBUS RTU,4x,2242,运行时间数据；原昆仑变量:运行时间242,16-bit Unsigned
5组_03号_运行时间,MODBUS RTU,4x,2243,运行时间数据；原昆仑变量:运行时间243,16-bit Unsigned
5组_04号_运行时间,MODBUS RTU,4x,2244,运行时间数据；原昆仑变量:运行时间244,16-bit Unsigned
5组_05号_运行时间,MODBUS RTU,4x,2245,运行时间数据；原昆仑变量:运行时间245,16-bit Unsigned
5组_06号_运行时间,MODBUS RTU,4x,2246,运行时间数据；原昆仑变量:运行时间246,16-bit Unsigned
5组_07号_运行时间,MODBUS RTU,4x,2247,运行时间数据；原昆仑变量:运行时间247,16-bit Unsigned
5组_08号_运行时间,MODBUS RTU,4x,2248,运行时间数据；原昆仑变量:运行时间248,16-bit Unsigned
5组_09号_运行时间,MODBUS RTU,4x,2249,运行时间数据；原昆仑变量:运行时间249,16-bit Unsigned
5组_10号_运行时间,MODBUS RTU,4x,2250,运行时间数据；原昆仑变量:运行时间250,16-bit Unsigned
5组_11号_运行时间,MODBUS RTU,4x,2251,运行时间数据；原昆仑变量:运行时间251,16-bit Unsigned
5组_12号_运行时间,MODBUS RTU,4x,2252,运行时间数据；原昆仑变量:运行时间252,16-bit Unsigned
5组_13号_运行时间,MODBUS RTU,4x,2253,运行时间数据；原昆仑变量:运行时间253,16-bit Unsigned
5组_14号_运行时间,MODBUS RTU,4x,2254,运行时间数据；原昆仑变量:运行时间254,16-bit Unsigned
5组_15号_运行时间,MODBUS RTU,4x,2255,运行时间数据；原昆仑变量:运行时间255,16-bit Unsigned
5组_16号_运行时间,MODBUS RTU,4x,2256,运行时间数据；原昆仑变量:运行时间256,16-bit Unsigned
5组_17号_运行时间,MODBUS RTU,4x,2257,运行时间数据；原昆仑变量:运行时间257,16-bit Unsigned
5组_18号_运行时间,MODBUS RTU,4x,2258,运行时间数据；原昆仑变量:运行时间258,16-bit Unsigned
5组_19号_运行时间,MODBUS RTU,4x,2259,运行时间数据；原昆仑变量:运行时间259,16-bit Unsigned
5组_20号_运行时间,MODBUS RTU,4x,2260,运行时间数据；原昆仑变量:运行时间260,16-bit Unsigned
5组_21号_运行时间,MODBUS RTU,4x,2261,运行时间数据；原昆仑变量:运行时间261,16-bit Unsigned
5组_22号_运行时间,MODBUS RTU,4x,2262,运行时间数据；原昆仑变量:运行时间262,16-bit Unsigned
5组_23号_运行时间,MODBUS RTU,4x,2263,运行时间数据；原昆仑变量:运行时间263,16-bit Unsigned
5组_24号_运行时间,MODBUS RTU,4x,2264,运行时间数据；原昆仑变量:运行时间264,16-bit Unsigned
5组_25号_运行时间,MODBUS RTU,4x,2265,运行时间数据；原昆仑变量:运行时间265,16-bit Unsigned
5组_26号_运行时间,MODBUS RTU,4x,2266,运行时间数据；原昆仑变量:运行时间266,16-bit Unsigned
5组_27号_运行时间,MODBUS RTU,4x,2267,运行时间数据；原昆仑变量:运行时间267,16-bit Unsigned
5组_28号_运行时间,MODBUS RTU,4x,2268,运行时间数据；原昆仑变量:运行时间268,16-bit Unsigned
5组_29号_运行时间,MODBUS RTU,4x,2269,运行时间数据；原昆仑变量:运行时间269,16-bit Unsigned
5组_30号_运行时间,MODBUS RTU,4x,2270,运行时间数据；原昆仑变量:运行时间270,16-bit Unsigned
5组_31号_运行时间,MODBUS RTU,4x,2271,运行时间数据；原昆仑变量:运行时间271,16-bit Unsigned
5组_32号_运行时间,MODBUS RTU,4x,2272,运行时间数据；原昆仑变量:运行时间272,16-bit Unsigned
5组_33号_运行时间,MODBUS RTU,4x,2273,运行时间数据；原昆仑变量:运行时间273,16-bit Unsigned
5组_34号_运行时间,MODBUS RTU,4x,2274,运行时间数据；原昆仑变量:运行时间274,16-bit Unsigned
5组_35号_运行时间,MODBUS RTU,4x,2275,运行时间数据；原昆仑变量:运行时间275,16-bit Unsigned
5组_36号_运行时间,MODBUS RTU,4x,2276,运行时间数据；原昆仑变量:运行时间276,16-bit Unsigned
5组_37号_运行时间,MODBUS RTU,4x,2277,运行时间数据；原昆仑变量:运行时间277,16-bit Unsigned
5组_38号_运行时间,MODBUS RTU,4x,2278,运行时间数据；原昆仑变量:运行时间278,16-bit Unsigned
5组_39号_运行时间,MODBUS RTU,4x,2279,运行时间数据；原昆仑变量:运行时间279,16-bit Unsigned
5组_40号_运行时间,MODBUS RTU,4x,2280,运行时间数据；原昆仑变量:运行时间280,16-bit Unsigned
5组_41号_运行时间,MODBUS RTU,4x,2281,运行时间数据；原昆仑变量:运行时间281,16-bit Unsigned
5组_42号_运行时间,MODBUS RTU,4x,2282,运行时间数据；原昆仑变量:运行时间282,16-bit Unsigned
5组_43号_运行时间,MODBUS RTU,4x,2283,运行时间数据；原昆仑变量:运行时间283,16-bit Unsigned
5组_44号_运行时间,MODBUS RTU,4x,2284,运行时间数据；原昆仑变量:运行时间284,16-bit Unsigned
5组_45号_运行时间,MODBUS RTU,4x,2285,运行时间数据；原昆仑变量:运行时间285,16-bit Unsigned
5组_46号_运行时间,MODBUS RTU,4x,2286,运行时间数据；原昆仑变量:运行时间286,16-bit Unsigned
5组_47号_运行时间,MODBUS RTU,4x,2287,运行时间数据；原昆仑变量:运行时间287,16-bit Unsigned
5组_48号_运行时间,MODBUS RTU,4x,2288,运行时间数据；原昆仑变量:运行时间288,16-bit Unsigned
5组_49号_运行时间,MODBUS RTU,4x,2289,运行时间数据；原昆仑变量:运行时间289,16-bit Unsigned
5组_50号_运行时间,MODBUS RTU,4x,2290,运行时间数据；原昆仑变量:运行时间290,16-bit Unsigned
5组_51号_运行时间,MODBUS RTU,4x,2291,运行时间数据；原昆仑变量:运行时间291,16-bit Unsigned
5组_52号_运行时间,MODBUS RTU,4x,2292,运行时间数据；原昆仑变量:运行时间292,16-bit Unsigned
5组_53号_运行时间,MODBUS RTU,4x,2293,运行时间数据；原昆仑变量:运行时间293,16-bit Unsigned
5组_54号_运行时间,MODBUS RTU,4x,2294,运行时间数据；原昆仑变量:运行时间294,16-bit Unsigned
5组_55号_运行时间,MODBUS RTU,4x,2295,运行时间数据；原昆仑变量:运行时间295,16-bit Unsigned
5组_56号_运行时间,MODBUS RTU,4x,2296,运行时间数据；原昆仑变量:运行时间296,16-bit Unsigned
5组_57号_运行时间,MODBUS RTU,4x,2297,运行时间数据；原昆仑变量:运行时间297,16-bit Unsigned
5组_58号_运行时间,MODBUS RTU,4x,2298,运行时间数据；原昆仑变量:运行时间298,16-bit Unsigned
5组_59号_运行时间,MODBUS RTU,4x,2299,运行时间数据；原昆仑变量:运行时间299,16-bit Unsigned
5组_60号_运行时间,MODBUS RTU,4x,2300,运行时间数据；原昆仑变量:运行时间300,16-bit Unsigned
1组_01号_扩展数据A,MODBUS RTU,4x,2301,昆仑ModbusRTU迁移地址；原昆仑变量:设备0_读写4WUB2301,16-bit Unsigned
1组_02号_扩展数据A,MODBUS RTU,4x,2302,昆仑ModbusRTU迁移地址；原昆仑变量:设备0_读写4WUB2302,16-bit Unsigned
1组_03号_扩展数据A,MODBUS RTU,4x,2303,昆仑ModbusRTU迁移地址；原昆仑变量:设备0_读写4WUB2303,16-bit Unsigned
1组_04号_扩展数据A,MODBUS RTU,4x,2304,昆仑ModbusRTU迁移地址；原昆仑变量:设备0_读写4WUB2304,16-bit Unsigned
1组_05号_扩展数据A,MODBUS RTU,4x,2305,昆仑ModbusRTU迁移地址；原昆仑变量:设备0_读写4WUB2305,16-bit Unsigned
1组_06号_扩展数据A,MODBUS RTU,4x,2306,昆仑ModbusRTU迁移地址；原昆仑变量:设备0_读写4WUB2306,16-bit Unsigned
1组_07号_扩展数据A,MODBUS RTU,4x,2307,昆仑ModbusRTU迁移地址；原昆仑变量:设备0_读写4WUB2307,16-bit Unsigned
1组_08号_扩展数据A,MODBUS RTU,4x,2308,昆仑ModbusRTU迁移地址；原昆仑变量:设备0_读写4WUB2308,16-bit Unsigned
1组_09号_扩展数据A,MODBUS RTU,4x,2309,昆仑ModbusRTU迁移地址；原昆仑变量:设备0_读写4WUB2309,16-bit Unsigned
1组_10号_扩展数据A,MODBUS RTU,4x,2310,昆仑ModbusRTU迁移地址；原昆仑变量:设备0_读写4WUB2310,16-bit Unsigned
1组_11号_扩展数据A,MODBUS RTU,4x,2311,昆仑ModbusRTU迁移地址；原昆仑变量:设备0_读写4WUB2311,16-bit Unsigned
1组_12号_扩展数据A,MODBUS RTU,4x,2312,昆仑ModbusRTU迁移地址；原昆仑变量:设备0_读写4WUB2312,16-bit Unsigned
1组_13号_扩展数据A,MODBUS RTU,4x,2313,昆仑ModbusRTU迁移地址；原昆仑变量:设备0_读写4WUB2313,16-bit Unsigned
1组_14号_扩展数据A,MODBUS RTU,4x,2314,昆仑ModbusRTU迁移地址；原昆仑变量:设备0_读写4WUB2314,16-bit Unsigned
1组_15号_扩展数据A,MODBUS RTU,4x,2315,昆仑ModbusRTU迁移地址；原昆仑变量:设备0_读写4WUB2315,16-bit Unsigned
1组_16号_扩展数据A,MODBUS RTU,4x,2316,昆仑ModbusRTU迁移地址；原昆仑变量:设备0_读写4WUB2316,16-bit Unsigned
1组_17号_扩展数据A,MODBUS RTU,4x,2317,昆仑ModbusRTU迁移地址；原昆仑变量:设备0_读写4WUB2317,16-bit Unsigned
1组_18号_扩展数据A,MODBUS RTU,4x,2318,昆仑ModbusRTU迁移地址；原昆仑变量:设备0_读写4WUB2318,16-bit Unsigned
1组_19号_扩展数据A,MODBUS RTU,4x,2319,昆仑ModbusRTU迁移地址；原昆仑变量:设备0_读写4WUB2319,16-bit Unsigned
1组_20号_扩展数据A,MODBUS RTU,4x,2320,昆仑ModbusRTU迁移地址；原昆仑变量:设备0_读写4WUB2320,16-bit Unsigned
1组_21号_扩展数据A,MODBUS RTU,4x,2321,昆仑ModbusRTU迁移地址；原昆仑变量:设备0_读写4WUB2321,16-bit Unsigned
1组_22号_扩展数据A,MODBUS RTU,4x,2322,昆仑ModbusRTU迁移地址；原昆仑变量:设备0_读写4WUB2322,16-bit Unsigned
1组_23号_扩展数据A,MODBUS RTU,4x,2323,昆仑ModbusRTU迁移地址；原昆仑变量:设备0_读写4WUB2323,16-bit Unsigned
1组_24号_扩展数据A,MODBUS RTU,4x,2324,昆仑ModbusRTU迁移地址；原昆仑变量:设备0_读写4WUB2324,16-bit Unsigned
1组_25号_扩展数据A,MODBUS RTU,4x,2325,昆仑ModbusRTU迁移地址；原昆仑变量:设备0_读写4WUB2325,16-bit Unsigned
1组_26号_扩展数据A,MODBUS RTU,4x,2326,昆仑ModbusRTU迁移地址；原昆仑变量:设备0_读写4WUB2326,16-bit Unsigned
1组_27号_扩展数据A,MODBUS RTU,4x,2327,昆仑ModbusRTU迁移地址；原昆仑变量:设备0_读写4WUB2327,16-bit Unsigned
1组_28号_扩展数据A,MODBUS RTU,4x,2328,昆仑ModbusRTU迁移地址；原昆仑变量:设备0_读写4WUB2328,16-bit Unsigned
1组_29号_扩展数据A,MODBUS RTU,4x,2329,昆仑ModbusRTU迁移地址；原昆仑变量:设备0_读写4WUB2329,16-bit Unsigned
1组_30号_扩展数据A,MODBUS RTU,4x,2330,昆仑ModbusRTU迁移地址；原昆仑变量:设备0_读写4WUB2330,16-bit Unsigned
1组_31号_扩展数据A,MODBUS RTU,4x,2331,昆仑ModbusRTU迁移地址；原昆仑变量:设备0_读写4WUB2331,16-bit Unsigned
1组_32号_扩展数据A,MODBUS RTU,4x,2332,昆仑ModbusRTU迁移地址；原昆仑变量:设备0_读写4WUB2332,16-bit Unsigned
1组_33号_扩展数据A,MODBUS RTU,4x,2333,昆仑ModbusRTU迁移地址；原昆仑变量:设备0_读写4WUB2333,16-bit Unsigned
1组_34号_扩展数据A,MODBUS RTU,4x,2334,昆仑ModbusRTU迁移地址；原昆仑变量:设备0_读写4WUB2334,16-bit Unsigned
1组_35号_扩展数据A,MODBUS RTU,4x,2335,昆仑ModbusRTU迁移地址；原昆仑变量:设备0_读写4WUB2335,16-bit Unsigned
1组_36号_扩展数据A,MODBUS RTU,4x,2336,昆仑ModbusRTU迁移地址；原昆仑变量:设备0_读写4WUB2336,16-bit Unsigned
1组_37号_扩展数据A,MODBUS RTU,4x,2337,昆仑ModbusRTU迁移地址；原昆仑变量:设备0_读写4WUB2337,16-bit Unsigned
1组_38号_扩展数据A,MODBUS RTU,4x,2338,昆仑ModbusRTU迁移地址；原昆仑变量:设备0_读写4WUB2338,16-bit Unsigned
1组_39号_扩展数据A,MODBUS RTU,4x,2339,昆仑ModbusRTU迁移地址；原昆仑变量:设备0_读写4WUB2339,16-bit Unsigned
1组_40号_扩展数据A,MODBUS RTU,4x,2340,昆仑ModbusRTU迁移地址；原昆仑变量:设备0_读写4WUB2340,16-bit Unsigned
1组_41号_扩展数据A,MODBUS RTU,4x,2341,昆仑ModbusRTU迁移地址；原昆仑变量:设备0_读写4WUB2341,16-bit Unsigned
1组_42号_扩展数据A,MODBUS RTU,4x,2342,昆仑ModbusRTU迁移地址；原昆仑变量:设备0_读写4WUB2342,16-bit Unsigned
1组_43号_扩展数据A,MODBUS RTU,4x,2343,昆仑ModbusRTU迁移地址；原昆仑变量:设备0_读写4WUB2343,16-bit Unsigned
1组_44号_扩展数据A,MODBUS RTU,4x,2344,昆仑ModbusRTU迁移地址；原昆仑变量:设备0_读写4WUB2344,16-bit Unsigned
1组_45号_扩展数据A,MODBUS RTU,4x,2345,昆仑ModbusRTU迁移地址；原昆仑变量:设备0_读写4WUB2345,16-bit Unsigned
1组_46号_扩展数据A,MODBUS RTU,4x,2346,昆仑ModbusRTU迁移地址；原昆仑变量:设备0_读写4WUB2346,16-bit Unsigned
1组_47号_扩展数据A,MODBUS RTU,4x,2347,昆仑ModbusRTU迁移地址；原昆仑变量:设备0_读写4WUB2347,16-bit Unsigned
1组_48号_扩展数据A,MODBUS RTU,4x,2348,昆仑ModbusRTU迁移地址；原昆仑变量:设备0_读写4WUB2348,16-bit Unsigned
1组_49号_扩展数据A,MODBUS RTU,4x,2349,昆仑ModbusRTU迁移地址；原昆仑变量:设备0_读写4WUB2349,16-bit Unsigned
1组_50号_扩展数据A,MODBUS RTU,4x,2350,昆仑ModbusRTU迁移地址；原昆仑变量:设备0_读写4WUB2350,16-bit Unsigned
1组_51号_扩展数据A,MODBUS RTU,4x,2351,昆仑ModbusRTU迁移地址；原昆仑变量:设备0_读写4WUB2351,16-bit Unsigned
1组_52号_扩展数据A,MODBUS RTU,4x,2352,昆仑ModbusRTU迁移地址；原昆仑变量:设备0_读写4WUB2352,16-bit Unsigned
1组_53号_扩展数据A,MODBUS RTU,4x,2353,昆仑ModbusRTU迁移地址；原昆仑变量:设备0_读写4WUB2353,16-bit Unsigned
1组_54号_扩展数据A,MODBUS RTU,4x,2354,昆仑ModbusRTU迁移地址；原昆仑变量:设备0_读写4WUB2354,16-bit Unsigned
1组_55号_扩展数据A,MODBUS RTU,4x,2355,昆仑ModbusRTU迁移地址；原昆仑变量:设备0_读写4WUB2355,16-bit Unsigned
1组_56号_扩展数据A,MODBUS RTU,4x,2356,昆仑ModbusRTU迁移地址；原昆仑变量:设备0_读写4WUB2356,16-bit Unsigned
1组_57号_扩展数据A,MODBUS RTU,4x,2357,昆仑ModbusRTU迁移地址；原昆仑变量:设备0_读写4WUB2357,16-bit Unsigned
1组_58号_扩展数据A,MODBUS RTU,4x,2358,昆仑ModbusRTU迁移地址；原昆仑变量:设备0_读写4WUB2358,16-bit Unsigned
1组_59号_扩展数据A,MODBUS RTU,4x,2359,昆仑ModbusRTU迁移地址；原昆仑变量:设备0_读写4WUB2359,16-bit Unsigned
1组_60号_扩展数据A,MODBUS RTU,4x,2360,昆仑ModbusRTU迁移地址；原昆仑变量:设备0_读写4WUB2360,16-bit Unsigned
2组_01号_扩展数据A,MODBUS RTU,4x,2361,昆仑ModbusRTU迁移地址；原昆仑变量:设备0_读写4WUB2361,16-bit Unsigned
2组_02号_扩展数据A,MODBUS RTU,4x,2362,昆仑ModbusRTU迁移地址；原昆仑变量:设备0_读写4WUB2362,16-bit Unsigned
2组_03号_扩展数据A,MODBUS RTU,4x,2363,昆仑ModbusRTU迁移地址；原昆仑变量:设备0_读写4WUB2363,16-bit Unsigned
2组_04号_扩展数据A,MODBUS RTU,4x,2364,昆仑ModbusRTU迁移地址；原昆仑变量:设备0_读写4WUB2364,16-bit Unsigned
2组_05号_扩展数据A,MODBUS RTU,4x,2365,昆仑ModbusRTU迁移地址；原昆仑变量:设备0_读写4WUB2365,16-bit Unsigned
2组_06号_扩展数据A,MODBUS RTU,4x,2366,昆仑ModbusRTU迁移地址；原昆仑变量:设备0_读写4WUB2366,16-bit Unsigned
2组_07号_扩展数据A,MODBUS RTU,4x,2367,昆仑ModbusRTU迁移地址；原昆仑变量:设备0_读写4WUB2367,16-bit Unsigned
2组_08号_扩展数据A,MODBUS RTU,4x,2368,昆仑ModbusRTU迁移地址；原昆仑变量:设备0_读写4WUB2368,16-bit Unsigned
2组_09号_扩展数据A,MODBUS RTU,4x,2369,昆仑ModbusRTU迁移地址；原昆仑变量:设备0_读写4WUB2369,16-bit Unsigned
2组_10号_扩展数据A,MODBUS RTU,4x,2370,昆仑ModbusRTU迁移地址；原昆仑变量:设备0_读写4WUB2370,16-bit Unsigned
2组_11号_扩展数据A,MODBUS RTU,4x,2371,昆仑ModbusRTU迁移地址；原昆仑变量:设备0_读写4WUB2371,16-bit Unsigned
2组_12号_扩展数据A,MODBUS RTU,4x,2372,昆仑ModbusRTU迁移地址；原昆仑变量:设备0_读写4WUB2372,16-bit Unsigned
2组_13号_扩展数据A,MODBUS RTU,4x,2373,昆仑ModbusRTU迁移地址；原昆仑变量:设备0_读写4WUB2373,16-bit Unsigned
2组_14号_扩展数据A,MODBUS RTU,4x,2374,昆仑ModbusRTU迁移地址；原昆仑变量:设备0_读写4WUB2374,16-bit Unsigned
2组_15号_扩展数据A,MODBUS RTU,4x,2375,昆仑ModbusRTU迁移地址；原昆仑变量:设备0_读写4WUB2375,16-bit Unsigned
2组_16号_扩展数据A,MODBUS RTU,4x,2376,昆仑ModbusRTU迁移地址；原昆仑变量:设备0_读写4WUB2376,16-bit Unsigned
2组_17号_扩展数据A,MODBUS RTU,4x,2377,昆仑ModbusRTU迁移地址；原昆仑变量:设备0_读写4WUB2377,16-bit Unsigned
2组_18号_扩展数据A,MODBUS RTU,4x,2378,昆仑ModbusRTU迁移地址；原昆仑变量:设备0_读写4WUB2378,16-bit Unsigned
2组_19号_扩展数据A,MODBUS RTU,4x,2379,昆仑ModbusRTU迁移地址；原昆仑变量:设备0_读写4WUB2379,16-bit Unsigned
2组_20号_扩展数据A,MODBUS RTU,4x,2380,昆仑ModbusRTU迁移地址；原昆仑变量:设备0_读写4WUB2380,16-bit Unsigned
2组_21号_扩展数据A,MODBUS RTU,4x,2381,昆仑ModbusRTU迁移地址；原昆仑变量:设备0_读写4WUB2381,16-bit Unsigned
2组_22号_扩展数据A,MODBUS RTU,4x,2382,昆仑ModbusRTU迁移地址；原昆仑变量:设备0_读写4WUB2382,16-bit Unsigned
2组_23号_扩展数据A,MODBUS RTU,4x,2383,昆仑ModbusRTU迁移地址；原昆仑变量:设备0_读写4WUB2383,16-bit Unsigned
2组_24号_扩展数据A,MODBUS RTU,4x,2384,昆仑ModbusRTU迁移地址；原昆仑变量:设备0_读写4WUB2384,16-bit Unsigned
2组_25号_扩展数据A,MODBUS RTU,4x,2385,昆仑ModbusRTU迁移地址；原昆仑变量:设备0_读写4WUB2385,16-bit Unsigned
2组_26号_扩展数据A,MODBUS RTU,4x,2386,昆仑ModbusRTU迁移地址；原昆仑变量:设备0_读写4WUB2386,16-bit Unsigned
2组_27号_扩展数据A,MODBUS RTU,4x,2387,昆仑ModbusRTU迁移地址；原昆仑变量:设备0_读写4WUB2387,16-bit Unsigned
2组_28号_扩展数据A,MODBUS RTU,4x,2388,昆仑ModbusRTU迁移地址；原昆仑变量:设备0_读写4WUB2388,16-bit Unsigned
2组_29号_扩展数据A,MODBUS RTU,4x,2389,昆仑ModbusRTU迁移地址；原昆仑变量:设备0_读写4WUB2389,16-bit Unsigned
2组_30号_扩展数据A,MODBUS RTU,4x,2390,昆仑ModbusRTU迁移地址；原昆仑变量:设备0_读写4WUB2390,16-bit Unsigned
2组_31号_扩展数据A,MODBUS RTU,4x,2391,昆仑ModbusRTU迁移地址；原昆仑变量:设备0_读写4WUB2391,16-bit Unsigned
2组_32号_扩展数据A,MODBUS RTU,4x,2392,昆仑ModbusRTU迁移地址；原昆仑变量:设备0_读写4WUB2392,16-bit Unsigned
2组_33号_扩展数据A,MODBUS RTU,4x,2393,昆仑ModbusRTU迁移地址；原昆仑变量:设备0_读写4WUB2393,16-bit Unsigned
2组_34号_扩展数据A,MODBUS RTU,4x,2394,昆仑ModbusRTU迁移地址；原昆仑变量:设备0_读写4WUB2394,16-bit Unsigned
2组_35号_扩展数据A,MODBUS RTU,4x,2395,昆仑ModbusRTU迁移地址；原昆仑变量:设备0_读写4WUB2395,16-bit Unsigned
2组_36号_扩展数据A,MODBUS RTU,4x,2396,昆仑ModbusRTU迁移地址；原昆仑变量:设备0_读写4WUB2396,16-bit Unsigned
2组_37号_扩展数据A,MODBUS RTU,4x,2397,昆仑ModbusRTU迁移地址；原昆仑变量:设备0_读写4WUB2397,16-bit Unsigned
2组_38号_扩展数据A,MODBUS RTU,4x,2398,昆仑ModbusRTU迁移地址；原昆仑变量:设备0_读写4WUB2398,16-bit Unsigned
2组_39号_扩展数据A,MODBUS RTU,4x,2399,昆仑ModbusRTU迁移地址；原昆仑变量:设备0_读写4WUB2399,16-bit Unsigned
2组_40号_扩展数据A,MODBUS RTU,4x,2400,昆仑ModbusRTU迁移地址；原昆仑变量:设备0_读写4WUB2400,16-bit Unsigned
2组_41号_扩展数据A,MODBUS RTU,4x,2401,昆仑ModbusRTU迁移地址；原昆仑变量:设备0_读写4WUB2401,16-bit Unsigned
2组_42号_扩展数据A,MODBUS RTU,4x,2402,昆仑ModbusRTU迁移地址；原昆仑变量:设备0_读写4WUB2402,16-bit Unsigned
2组_43号_扩展数据A,MODBUS RTU,4x,2403,昆仑ModbusRTU迁移地址；原昆仑变量:设备0_读写4WUB2403,16-bit Unsigned
2组_44号_扩展数据A,MODBUS RTU,4x,2404,昆仑ModbusRTU迁移地址；原昆仑变量:设备0_读写4WUB2404,16-bit Unsigned
2组_45号_扩展数据A,MODBUS RTU,4x,2405,昆仑ModbusRTU迁移地址；原昆仑变量:设备0_读写4WUB2405,16-bit Unsigned
2组_46号_扩展数据A,MODBUS RTU,4x,2406,昆仑ModbusRTU迁移地址；原昆仑变量:设备0_读写4WUB2406,16-bit Unsigned
2组_47号_扩展数据A,MODBUS RTU,4x,2407,昆仑ModbusRTU迁移地址；原昆仑变量:设备0_读写4WUB2407,16-bit Unsigned
2组_48号_扩展数据A,MODBUS RTU,4x,2408,昆仑ModbusRTU迁移地址；原昆仑变量:设备0_读写4WUB2408,16-bit Unsigned
2组_49号_扩展数据A,MODBUS RTU,4x,2409,昆仑ModbusRTU迁移地址；原昆仑变量:设备0_读写4WUB2409,16-bit Unsigned
2组_50号_扩展数据A,MODBUS RTU,4x,2410,昆仑ModbusRTU迁移地址；原昆仑变量:设备0_读写4WUB2410,16-bit Unsigned
2组_51号_扩展数据A,MODBUS RTU,4x,2411,昆仑ModbusRTU迁移地址；原昆仑变量:设备0_读写4WUB2411,16-bit Unsigned
2组_52号_扩展数据A,MODBUS RTU,4x,2412,昆仑ModbusRTU迁移地址；原昆仑变量:设备0_读写4WUB2412,16-bit Unsigned
2组_53号_扩展数据A,MODBUS RTU,4x,2413,昆仑ModbusRTU迁移地址；原昆仑变量:设备0_读写4WUB2413,16-bit Unsigned
2组_54号_扩展数据A,MODBUS RTU,4x,2414,昆仑ModbusRTU迁移地址；原昆仑变量:设备0_读写4WUB2414,16-bit Unsigned
2组_55号_扩展数据A,MODBUS RTU,4x,2415,昆仑ModbusRTU迁移地址；原昆仑变量:设备0_读写4WUB2415,16-bit Unsigned
2组_56号_扩展数据A,MODBUS RTU,4x,2416,昆仑ModbusRTU迁移地址；原昆仑变量:设备0_读写4WUB2416,16-bit Unsigned
2组_57号_扩展数据A,MODBUS RTU,4x,2417,昆仑ModbusRTU迁移地址；原昆仑变量:设备0_读写4WUB2417,16-bit Unsigned
2组_58号_扩展数据A,MODBUS RTU,4x,2418,昆仑ModbusRTU迁移地址；原昆仑变量:设备0_读写4WUB2418,16-bit Unsigned
2组_59号_扩展数据A,MODBUS RTU,4x,2419,昆仑ModbusRTU迁移地址；原昆仑变量:设备0_读写4WUB2419,16-bit Unsigned
2组_60号_扩展数据A,MODBUS RTU,4x,2420,昆仑ModbusRTU迁移地址；原昆仑变量:设备0_读写4WUB2420,16-bit Unsigned
3组_01号_扩展数据A,MODBUS RTU,4x,2421,昆仑ModbusRTU迁移地址；原昆仑变量:设备0_读写4WUB2421,16-bit Unsigned
3组_02号_扩展数据A,MODBUS RTU,4x,2422,昆仑ModbusRTU迁移地址；原昆仑变量:设备0_读写4WUB2422,16-bit Unsigned
3组_03号_扩展数据A,MODBUS RTU,4x,2423,昆仑ModbusRTU迁移地址；原昆仑变量:设备0_读写4WUB2423,16-bit Unsigned
3组_04号_扩展数据A,MODBUS RTU,4x,2424,昆仑ModbusRTU迁移地址；原昆仑变量:设备0_读写4WUB2424,16-bit Unsigned
3组_05号_扩展数据A,MODBUS RTU,4x,2425,昆仑ModbusRTU迁移地址；原昆仑变量:设备0_读写4WUB2425,16-bit Unsigned
3组_06号_扩展数据A,MODBUS RTU,4x,2426,昆仑ModbusRTU迁移地址；原昆仑变量:设备0_读写4WUB2426,16-bit Unsigned
3组_07号_扩展数据A,MODBUS RTU,4x,2427,昆仑ModbusRTU迁移地址；原昆仑变量:设备0_读写4WUB2427,16-bit Unsigned
3组_08号_扩展数据A,MODBUS RTU,4x,2428,昆仑ModbusRTU迁移地址；原昆仑变量:设备0_读写4WUB2428,16-bit Unsigned
3组_09号_扩展数据A,MODBUS RTU,4x,2429,昆仑ModbusRTU迁移地址；原昆仑变量:设备0_读写4WUB2429,16-bit Unsigned
3组_10号_扩展数据A,MODBUS RTU,4x,2430,昆仑ModbusRTU迁移地址；原昆仑变量:设备0_读写4WUB2430,16-bit Unsigned
3组_11号_扩展数据A,MODBUS RTU,4x,2431,昆仑ModbusRTU迁移地址；原昆仑变量:设备0_读写4WUB2431,16-bit Unsigned
3组_12号_扩展数据A,MODBUS RTU,4x,2432,昆仑ModbusRTU迁移地址；原昆仑变量:设备0_读写4WUB2432,16-bit Unsigned
3组_13号_扩展数据A,MODBUS RTU,4x,2433,昆仑ModbusRTU迁移地址；原昆仑变量:设备0_读写4WUB2433,16-bit Unsigned
3组_14号_扩展数据A,MODBUS RTU,4x,2434,昆仑ModbusRTU迁移地址；原昆仑变量:设备0_读写4WUB2434,16-bit Unsigned
3组_15号_扩展数据A,MODBUS RTU,4x,2435,昆仑ModbusRTU迁移地址；原昆仑变量:设备0_读写4WUB2435,16-bit Unsigned
3组_16号_扩展数据A,MODBUS RTU,4x,2436,昆仑ModbusRTU迁移地址；原昆仑变量:设备0_读写4WUB2436,16-bit Unsigned
3组_17号_扩展数据A,MODBUS RTU,4x,2437,昆仑ModbusRTU迁移地址；原昆仑变量:设备0_读写4WUB2437,16-bit Unsigned
3组_18号_扩展数据A,MODBUS RTU,4x,2438,昆仑ModbusRTU迁移地址；原昆仑变量:设备0_读写4WUB2438,16-bit Unsigned
3组_19号_扩展数据A,MODBUS RTU,4x,2439,昆仑ModbusRTU迁移地址；原昆仑变量:设备0_读写4WUB2439,16-bit Unsigned
3组_20号_扩展数据A,MODBUS RTU,4x,2440,昆仑ModbusRTU迁移地址；原昆仑变量:设备0_读写4WUB2440,16-bit Unsigned
3组_21号_扩展数据A,MODBUS RTU,4x,2441,昆仑ModbusRTU迁移地址；原昆仑变量:设备0_读写4WUB2441,16-bit Unsigned
3组_22号_扩展数据A,MODBUS RTU,4x,2442,昆仑ModbusRTU迁移地址；原昆仑变量:设备0_读写4WUB2442,16-bit Unsigned
3组_23号_扩展数据A,MODBUS RTU,4x,2443,昆仑ModbusRTU迁移地址；原昆仑变量:设备0_读写4WUB2443,16-bit Unsigned
3组_24号_扩展数据A,MODBUS RTU,4x,2444,昆仑ModbusRTU迁移地址；原昆仑变量:设备0_读写4WUB2444,16-bit Unsigned
3组_25号_扩展数据A,MODBUS RTU,4x,2445,昆仑ModbusRTU迁移地址；原昆仑变量:设备0_读写4WUB2445,16-bit Unsigned
3组_26号_扩展数据A,MODBUS RTU,4x,2446,昆仑ModbusRTU迁移地址；原昆仑变量:设备0_读写4WUB2446,16-bit Unsigned
3组_27号_扩展数据A,MODBUS RTU,4x,2447,昆仑ModbusRTU迁移地址；原昆仑变量:设备0_读写4WUB2447,16-bit Unsigned
3组_28号_扩展数据A,MODBUS RTU,4x,2448,昆仑ModbusRTU迁移地址；原昆仑变量:设备0_读写4WUB2448,16-bit Unsigned
3组_29号_扩展数据A,MODBUS RTU,4x,2449,昆仑ModbusRTU迁移地址；原昆仑变量:设备0_读写4WUB2449,16-bit Unsigned
3组_30号_扩展数据A,MODBUS RTU,4x,2450,昆仑ModbusRTU迁移地址；原昆仑变量:设备0_读写4WUB2450,16-bit Unsigned
3组_31号_扩展数据A,MODBUS RTU,4x,2451,昆仑ModbusRTU迁移地址；原昆仑变量:设备0_读写4WUB2451,16-bit Unsigned
3组_32号_扩展数据A,MODBUS RTU,4x,2452,昆仑ModbusRTU迁移地址；原昆仑变量:设备0_读写4WUB2452,16-bit Unsigned
3组_33号_扩展数据A,MODBUS RTU,4x,2453,昆仑ModbusRTU迁移地址；原昆仑变量:设备0_读写4WUB2453,16-bit Unsigned
3组_34号_扩展数据A,MODBUS RTU,4x,2454,昆仑ModbusRTU迁移地址；原昆仑变量:设备0_读写4WUB2454,16-bit Unsigned
3组_35号_扩展数据A,MODBUS RTU,4x,2455,昆仑ModbusRTU迁移地址；原昆仑变量:设备0_读写4WUB2455,16-bit Unsigned
3组_36号_扩展数据A,MODBUS RTU,4x,2456,昆仑ModbusRTU迁移地址；原昆仑变量:设备0_读写4WUB2456,16-bit Unsigned
3组_37号_扩展数据A,MODBUS RTU,4x,2457,昆仑ModbusRTU迁移地址；原昆仑变量:设备0_读写4WUB2457,16-bit Unsigned
3组_38号_扩展数据A,MODBUS RTU,4x,2458,昆仑ModbusRTU迁移地址；原昆仑变量:设备0_读写4WUB2458,16-bit Unsigned
3组_39号_扩展数据A,MODBUS RTU,4x,2459,昆仑ModbusRTU迁移地址；原昆仑变量:设备0_读写4WUB2459,16-bit Unsigned
3组_40号_扩展数据A,MODBUS RTU,4x,2460,昆仑ModbusRTU迁移地址；原昆仑变量:设备0_读写4WUB2460,16-bit Unsigned
3组_41号_扩展数据A,MODBUS RTU,4x,2461,昆仑ModbusRTU迁移地址；原昆仑变量:设备0_读写4WUB2461,16-bit Unsigned
3组_42号_扩展数据A,MODBUS RTU,4x,2462,昆仑ModbusRTU迁移地址；原昆仑变量:设备0_读写4WUB2462,16-bit Unsigned
3组_43号_扩展数据A,MODBUS RTU,4x,2463,昆仑ModbusRTU迁移地址；原昆仑变量:设备0_读写4WUB2463,16-bit Unsigned
3组_44号_扩展数据A,MODBUS RTU,4x,2464,昆仑ModbusRTU迁移地址；原昆仑变量:设备0_读写4WUB2464,16-bit Unsigned
3组_45号_扩展数据A,MODBUS RTU,4x,2465,昆仑ModbusRTU迁移地址；原昆仑变量:设备0_读写4WUB2465,16-bit Unsigned
3组_46号_扩展数据A,MODBUS RTU,4x,2466,昆仑ModbusRTU迁移地址；原昆仑变量:设备0_读写4WUB2466,16-bit Unsigned
3组_47号_扩展数据A,MODBUS RTU,4x,2467,昆仑ModbusRTU迁移地址；原昆仑变量:设备0_读写4WUB2467,16-bit Unsigned
3组_48号_扩展数据A,MODBUS RTU,4x,2468,昆仑ModbusRTU迁移地址；原昆仑变量:设备0_读写4WUB2468,16-bit Unsigned
3组_49号_扩展数据A,MODBUS RTU,4x,2469,昆仑ModbusRTU迁移地址；原昆仑变量:设备0_读写4WUB2469,16-bit Unsigned
3组_50号_扩展数据A,MODBUS RTU,4x,2470,昆仑ModbusRTU迁移地址；原昆仑变量:设备0_读写4WUB2470,16-bit Unsigned
3组_51号_扩展数据A,MODBUS RTU,4x,2471,昆仑ModbusRTU迁移地址；原昆仑变量:设备0_读写4WUB2471,16-bit Unsigned
3组_52号_扩展数据A,MODBUS RTU,4x,2472,昆仑ModbusRTU迁移地址；原昆仑变量:设备0_读写4WUB2472,16-bit Unsigned
3组_53号_扩展数据A,MODBUS RTU,4x,2473,昆仑ModbusRTU迁移地址；原昆仑变量:设备0_读写4WUB2473,16-bit Unsigned
3组_54号_扩展数据A,MODBUS RTU,4x,2474,昆仑ModbusRTU迁移地址；原昆仑变量:设备0_读写4WUB2474,16-bit Unsigned
3组_55号_扩展数据A,MODBUS RTU,4x,2475,昆仑ModbusRTU迁移地址；原昆仑变量:设备0_读写4WUB2475,16-bit Unsigned
3组_56号_扩展数据A,MODBUS RTU,4x,2476,昆仑ModbusRTU迁移地址；原昆仑变量:设备0_读写4WUB2476,16-bit Unsigned
3组_57号_扩展数据A,MODBUS RTU,4x,2477,昆仑ModbusRTU迁移地址；原昆仑变量:设备0_读写4WUB2477,16-bit Unsigned
3组_58号_扩展数据A,MODBUS RTU,4x,2478,昆仑ModbusRTU迁移地址；原昆仑变量:设备0_读写4WUB2478,16-bit Unsigned
3组_59号_扩展数据A,MODBUS RTU,4x,2479,昆仑ModbusRTU迁移地址；原昆仑变量:设备0_读写4WUB2479,16-bit Unsigned
3组_60号_扩展数据A,MODBUS RTU,4x,2480,昆仑ModbusRTU迁移地址；原昆仑变量:设备0_读写4WUB2480,16-bit Unsigned
4组_01号_扩展数据A,MODBUS RTU,4x,2481,昆仑ModbusRTU迁移地址；原昆仑变量:设备0_读写4WUB2481,16-bit Unsigned
4组_02号_扩展数据A,MODBUS RTU,4x,2482,昆仑ModbusRTU迁移地址；原昆仑变量:设备0_读写4WUB2482,16-bit Unsigned
4组_03号_扩展数据A,MODBUS RTU,4x,2483,昆仑ModbusRTU迁移地址；原昆仑变量:设备0_读写4WUB2483,16-bit Unsigned
4组_04号_扩展数据A,MODBUS RTU,4x,2484,昆仑ModbusRTU迁移地址；原昆仑变量:设备0_读写4WUB2484,16-bit Unsigned
4组_05号_扩展数据A,MODBUS RTU,4x,2485,昆仑ModbusRTU迁移地址；原昆仑变量:设备0_读写4WUB2485,16-bit Unsigned
4组_06号_扩展数据A,MODBUS RTU,4x,2486,昆仑ModbusRTU迁移地址；原昆仑变量:设备0_读写4WUB2486,16-bit Unsigned
4组_07号_扩展数据A,MODBUS RTU,4x,2487,昆仑ModbusRTU迁移地址；原昆仑变量:设备0_读写4WUB2487,16-bit Unsigned
4组_08号_扩展数据A,MODBUS RTU,4x,2488,昆仑ModbusRTU迁移地址；原昆仑变量:设备0_读写4WUB2488,16-bit Unsigned
4组_09号_扩展数据A,MODBUS RTU,4x,2489,昆仑ModbusRTU迁移地址；原昆仑变量:设备0_读写4WUB2489,16-bit Unsigned
4组_10号_扩展数据A,MODBUS RTU,4x,2490,昆仑ModbusRTU迁移地址；原昆仑变量:设备0_读写4WUB2490,16-bit Unsigned
4组_11号_扩展数据A,MODBUS RTU,4x,2491,昆仑ModbusRTU迁移地址；原昆仑变量:设备0_读写4WUB2491,16-bit Unsigned
4组_12号_扩展数据A,MODBUS RTU,4x,2492,昆仑ModbusRTU迁移地址；原昆仑变量:设备0_读写4WUB2492,16-bit Unsigned
4组_13号_扩展数据A,MODBUS RTU,4x,2493,昆仑ModbusRTU迁移地址；原昆仑变量:设备0_读写4WUB2493,16-bit Unsigned
4组_14号_扩展数据A,MODBUS RTU,4x,2494,昆仑ModbusRTU迁移地址；原昆仑变量:设备0_读写4WUB2494,16-bit Unsigned
4组_15号_扩展数据A,MODBUS RTU,4x,2495,昆仑ModbusRTU迁移地址；原昆仑变量:设备0_读写4WUB2495,16-bit Unsigned
4组_16号_扩展数据A,MODBUS RTU,4x,2496,昆仑ModbusRTU迁移地址；原昆仑变量:设备0_读写4WUB2496,16-bit Unsigned
4组_17号_扩展数据A,MODBUS RTU,4x,2497,昆仑ModbusRTU迁移地址；原昆仑变量:设备0_读写4WUB2497,16-bit Unsigned
4组_18号_扩展数据A,MODBUS RTU,4x,2498,昆仑ModbusRTU迁移地址；原昆仑变量:设备0_读写4WUB2498,16-bit Unsigned
4组_19号_扩展数据A,MODBUS RTU,4x,2499,昆仑ModbusRTU迁移地址；原昆仑变量:设备0_读写4WUB2499,16-bit Unsigned
4组_20号_扩展数据A,MODBUS RTU,4x,2500,昆仑ModbusRTU迁移地址；原昆仑变量:设备0_读写4WUB2500,16-bit Unsigned
4组_21号_扩展数据A,MODBUS RTU,4x,2501,昆仑ModbusRTU迁移地址；原昆仑变量:设备0_读写4WUB2501,16-bit Unsigned
4组_22号_扩展数据A,MODBUS RTU,4x,2502,昆仑ModbusRTU迁移地址；原昆仑变量:设备0_读写4WUB2502,16-bit Unsigned
4组_23号_扩展数据A,MODBUS RTU,4x,2503,昆仑ModbusRTU迁移地址；原昆仑变量:设备0_读写4WUB2503,16-bit Unsigned
4组_24号_扩展数据A,MODBUS RTU,4x,2504,昆仑ModbusRTU迁移地址；原昆仑变量:设备0_读写4WUB2504,16-bit Unsigned
4组_25号_扩展数据A,MODBUS RTU,4x,2505,昆仑ModbusRTU迁移地址；原昆仑变量:设备0_读写4WUB2505,16-bit Unsigned
4组_26号_扩展数据A,MODBUS RTU,4x,2506,昆仑ModbusRTU迁移地址；原昆仑变量:设备0_读写4WUB2506,16-bit Unsigned
4组_27号_扩展数据A,MODBUS RTU,4x,2507,昆仑ModbusRTU迁移地址；原昆仑变量:设备0_读写4WUB2507,16-bit Unsigned
4组_28号_扩展数据A,MODBUS RTU,4x,2508,昆仑ModbusRTU迁移地址；原昆仑变量:设备0_读写4WUB2508,16-bit Unsigned
4组_29号_扩展数据A,MODBUS RTU,4x,2509,昆仑ModbusRTU迁移地址；原昆仑变量:设备0_读写4WUB2509,16-bit Unsigned
4组_30号_扩展数据A,MODBUS RTU,4x,2510,昆仑ModbusRTU迁移地址；原昆仑变量:设备0_读写4WUB2510,16-bit Unsigned
4组_31号_扩展数据A,MODBUS RTU,4x,2511,昆仑ModbusRTU迁移地址；原昆仑变量:设备0_读写4WUB2511,16-bit Unsigned
4组_32号_扩展数据A,MODBUS RTU,4x,2512,昆仑ModbusRTU迁移地址；原昆仑变量:设备0_读写4WUB2512,16-bit Unsigned
4组_33号_扩展数据A,MODBUS RTU,4x,2513,昆仑ModbusRTU迁移地址；原昆仑变量:设备0_读写4WUB2513,16-bit Unsigned
4组_34号_扩展数据A,MODBUS RTU,4x,2514,昆仑ModbusRTU迁移地址；原昆仑变量:设备0_读写4WUB2514,16-bit Unsigned
4组_35号_扩展数据A,MODBUS RTU,4x,2515,昆仑ModbusRTU迁移地址；原昆仑变量:设备0_读写4WUB2515,16-bit Unsigned
4组_36号_扩展数据A,MODBUS RTU,4x,2516,昆仑ModbusRTU迁移地址；原昆仑变量:设备0_读写4WUB2516,16-bit Unsigned
4组_37号_扩展数据A,MODBUS RTU,4x,2517,昆仑ModbusRTU迁移地址；原昆仑变量:设备0_读写4WUB2517,16-bit Unsigned
4组_38号_扩展数据A,MODBUS RTU,4x,2518,昆仑ModbusRTU迁移地址；原昆仑变量:设备0_读写4WUB2518,16-bit Unsigned
4组_39号_扩展数据A,MODBUS RTU,4x,2519,昆仑ModbusRTU迁移地址；原昆仑变量:设备0_读写4WUB2519,16-bit Unsigned
4组_40号_扩展数据A,MODBUS RTU,4x,2520,昆仑ModbusRTU迁移地址；原昆仑变量:设备0_读写4WUB2520,16-bit Unsigned
4组_41号_扩展数据A,MODBUS RTU,4x,2521,昆仑ModbusRTU迁移地址；原昆仑变量:设备0_读写4WUB2521,16-bit Unsigned
4组_42号_扩展数据A,MODBUS RTU,4x,2522,昆仑ModbusRTU迁移地址；原昆仑变量:设备0_读写4WUB2522,16-bit Unsigned
4组_43号_扩展数据A,MODBUS RTU,4x,2523,昆仑ModbusRTU迁移地址；原昆仑变量:设备0_读写4WUB2523,16-bit Unsigned
4组_44号_扩展数据A,MODBUS RTU,4x,2524,昆仑ModbusRTU迁移地址；原昆仑变量:设备0_读写4WUB2524,16-bit Unsigned
4组_45号_扩展数据A,MODBUS RTU,4x,2525,昆仑ModbusRTU迁移地址；原昆仑变量:设备0_读写4WUB2525,16-bit Unsigned
4组_46号_扩展数据A,MODBUS RTU,4x,2526,昆仑ModbusRTU迁移地址；原昆仑变量:设备0_读写4WUB2526,16-bit Unsigned
4组_47号_扩展数据A,MODBUS RTU,4x,2527,昆仑ModbusRTU迁移地址；原昆仑变量:设备0_读写4WUB2527,16-bit Unsigned
4组_48号_扩展数据A,MODBUS RTU,4x,2528,昆仑ModbusRTU迁移地址；原昆仑变量:设备0_读写4WUB2528,16-bit Unsigned
4组_49号_扩展数据A,MODBUS RTU,4x,2529,昆仑ModbusRTU迁移地址；原昆仑变量:设备0_读写4WUB2529,16-bit Unsigned
4组_50号_扩展数据A,MODBUS RTU,4x,2530,昆仑ModbusRTU迁移地址；原昆仑变量:设备0_读写4WUB2530,16-bit Unsigned
4组_51号_扩展数据A,MODBUS RTU,4x,2531,昆仑ModbusRTU迁移地址；原昆仑变量:设备0_读写4WUB2531,16-bit Unsigned
4组_52号_扩展数据A,MODBUS RTU,4x,2532,昆仑ModbusRTU迁移地址；原昆仑变量:设备0_读写4WUB2532,16-bit Unsigned
4组_53号_扩展数据A,MODBUS RTU,4x,2533,昆仑ModbusRTU迁移地址；原昆仑变量:设备0_读写4WUB2533,16-bit Unsigned
4组_54号_扩展数据A,MODBUS RTU,4x,2534,昆仑ModbusRTU迁移地址；原昆仑变量:设备0_读写4WUB2534,16-bit Unsigned
4组_55号_扩展数据A,MODBUS RTU,4x,2535,昆仑ModbusRTU迁移地址；原昆仑变量:设备0_读写4WUB2535,16-bit Unsigned
4组_56号_扩展数据A,MODBUS RTU,4x,2536,昆仑ModbusRTU迁移地址；原昆仑变量:设备0_读写4WUB2536,16-bit Unsigned
4组_57号_扩展数据A,MODBUS RTU,4x,2537,昆仑ModbusRTU迁移地址；原昆仑变量:设备0_读写4WUB2537,16-bit Unsigned
4组_58号_扩展数据A,MODBUS RTU,4x,2538,昆仑ModbusRTU迁移地址；原昆仑变量:设备0_读写4WUB2538,16-bit Unsigned
4组_59号_扩展数据A,MODBUS RTU,4x,2539,昆仑ModbusRTU迁移地址；原昆仑变量:设备0_读写4WUB2539,16-bit Unsigned
4组_60号_扩展数据A,MODBUS RTU,4x,2540,昆仑ModbusRTU迁移地址；原昆仑变量:设备0_读写4WUB2540,16-bit Unsigned
5组_01号_扩展数据A,MODBUS RTU,4x,2541,昆仑ModbusRTU迁移地址；原昆仑变量:设备0_读写4WUB2541,16-bit Unsigned
5组_02号_扩展数据A,MODBUS RTU,4x,2542,昆仑ModbusRTU迁移地址；原昆仑变量:设备0_读写4WUB2542,16-bit Unsigned
5组_03号_扩展数据A,MODBUS RTU,4x,2543,昆仑ModbusRTU迁移地址；原昆仑变量:设备0_读写4WUB2543,16-bit Unsigned
5组_04号_扩展数据A,MODBUS RTU,4x,2544,昆仑ModbusRTU迁移地址；原昆仑变量:设备0_读写4WUB2544,16-bit Unsigned
5组_05号_扩展数据A,MODBUS RTU,4x,2545,昆仑ModbusRTU迁移地址；原昆仑变量:设备0_读写4WUB2545,16-bit Unsigned
5组_06号_扩展数据A,MODBUS RTU,4x,2546,昆仑ModbusRTU迁移地址；原昆仑变量:设备0_读写4WUB2546,16-bit Unsigned
5组_07号_扩展数据A,MODBUS RTU,4x,2547,昆仑ModbusRTU迁移地址；原昆仑变量:设备0_读写4WUB2547,16-bit Unsigned
5组_08号_扩展数据A,MODBUS RTU,4x,2548,昆仑ModbusRTU迁移地址；原昆仑变量:设备0_读写4WUB2548,16-bit Unsigned
5组_09号_扩展数据A,MODBUS RTU,4x,2549,昆仑ModbusRTU迁移地址；原昆仑变量:设备0_读写4WUB2549,16-bit Unsigned
5组_10号_扩展数据A,MODBUS RTU,4x,2550,昆仑ModbusRTU迁移地址；原昆仑变量:设备0_读写4WUB2550,16-bit Unsigned
5组_11号_扩展数据A,MODBUS RTU,4x,2551,昆仑ModbusRTU迁移地址；原昆仑变量:设备0_读写4WUB2551,16-bit Unsigned
5组_12号_扩展数据A,MODBUS RTU,4x,2552,昆仑ModbusRTU迁移地址；原昆仑变量:设备0_读写4WUB2552,16-bit Unsigned
5组_13号_扩展数据A,MODBUS RTU,4x,2553,昆仑ModbusRTU迁移地址；原昆仑变量:设备0_读写4WUB2553,16-bit Unsigned
5组_14号_扩展数据A,MODBUS RTU,4x,2554,昆仑ModbusRTU迁移地址；原昆仑变量:设备0_读写4WUB2554,16-bit Unsigned
5组_15号_扩展数据A,MODBUS RTU,4x,2555,昆仑ModbusRTU迁移地址；原昆仑变量:设备0_读写4WUB2555,16-bit Unsigned
5组_16号_扩展数据A,MODBUS RTU,4x,2556,昆仑ModbusRTU迁移地址；原昆仑变量:设备0_读写4WUB2556,16-bit Unsigned
5组_17号_扩展数据A,MODBUS RTU,4x,2557,昆仑ModbusRTU迁移地址；原昆仑变量:设备0_读写4WUB2557,16-bit Unsigned
5组_18号_扩展数据A,MODBUS RTU,4x,2558,昆仑ModbusRTU迁移地址；原昆仑变量:设备0_读写4WUB2558,16-bit Unsigned
5组_19号_扩展数据A,MODBUS RTU,4x,2559,昆仑ModbusRTU迁移地址；原昆仑变量:设备0_读写4WUB2559,16-bit Unsigned
5组_20号_扩展数据A,MODBUS RTU,4x,2560,昆仑ModbusRTU迁移地址；原昆仑变量:设备0_读写4WUB2560,16-bit Unsigned
5组_21号_扩展数据A,MODBUS RTU,4x,2561,昆仑ModbusRTU迁移地址；原昆仑变量:设备0_读写4WUB2561,16-bit Unsigned
5组_22号_扩展数据A,MODBUS RTU,4x,2562,昆仑ModbusRTU迁移地址；原昆仑变量:设备0_读写4WUB2562,16-bit Unsigned
5组_23号_扩展数据A,MODBUS RTU,4x,2563,昆仑ModbusRTU迁移地址；原昆仑变量:设备0_读写4WUB2563,16-bit Unsigned
5组_24号_扩展数据A,MODBUS RTU,4x,2564,昆仑ModbusRTU迁移地址；原昆仑变量:设备0_读写4WUB2564,16-bit Unsigned
5组_25号_扩展数据A,MODBUS RTU,4x,2565,昆仑ModbusRTU迁移地址；原昆仑变量:设备0_读写4WUB2565,16-bit Unsigned
5组_26号_扩展数据A,MODBUS RTU,4x,2566,昆仑ModbusRTU迁移地址；原昆仑变量:设备0_读写4WUB2566,16-bit Unsigned
5组_27号_扩展数据A,MODBUS RTU,4x,2567,昆仑ModbusRTU迁移地址；原昆仑变量:设备0_读写4WUB2567,16-bit Unsigned
5组_28号_扩展数据A,MODBUS RTU,4x,2568,昆仑ModbusRTU迁移地址；原昆仑变量:设备0_读写4WUB2568,16-bit Unsigned
5组_29号_扩展数据A,MODBUS RTU,4x,2569,昆仑ModbusRTU迁移地址；原昆仑变量:设备0_读写4WUB2569,16-bit Unsigned
5组_30号_扩展数据A,MODBUS RTU,4x,2570,昆仑ModbusRTU迁移地址；原昆仑变量:设备0_读写4WUB2570,16-bit Unsigned
5组_31号_扩展数据A,MODBUS RTU,4x,2571,昆仑ModbusRTU迁移地址；原昆仑变量:设备0_读写4WUB2571,16-bit Unsigned
5组_32号_扩展数据A,MODBUS RTU,4x,2572,昆仑ModbusRTU迁移地址；原昆仑变量:设备0_读写4WUB2572,16-bit Unsigned
5组_33号_扩展数据A,MODBUS RTU,4x,2573,昆仑ModbusRTU迁移地址；原昆仑变量:设备0_读写4WUB2573,16-bit Unsigned
5组_34号_扩展数据A,MODBUS RTU,4x,2574,昆仑ModbusRTU迁移地址；原昆仑变量:设备0_读写4WUB2574,16-bit Unsigned
5组_35号_扩展数据A,MODBUS RTU,4x,2575,昆仑ModbusRTU迁移地址；原昆仑变量:设备0_读写4WUB2575,16-bit Unsigned
5组_36号_扩展数据A,MODBUS RTU,4x,2576,昆仑ModbusRTU迁移地址；原昆仑变量:设备0_读写4WUB2576,16-bit Unsigned
5组_37号_扩展数据A,MODBUS RTU,4x,2577,昆仑ModbusRTU迁移地址；原昆仑变量:设备0_读写4WUB2577,16-bit Unsigned
5组_38号_扩展数据A,MODBUS RTU,4x,2578,昆仑ModbusRTU迁移地址；原昆仑变量:设备0_读写4WUB2578,16-bit Unsigned
5组_39号_扩展数据A,MODBUS RTU,4x,2579,昆仑ModbusRTU迁移地址；原昆仑变量:设备0_读写4WUB2579,16-bit Unsigned
5组_40号_扩展数据A,MODBUS RTU,4x,2580,昆仑ModbusRTU迁移地址；原昆仑变量:设备0_读写4WUB2580,16-bit Unsigned
5组_41号_扩展数据A,MODBUS RTU,4x,2581,昆仑ModbusRTU迁移地址；原昆仑变量:设备0_读写4WUB2581,16-bit Unsigned
5组_42号_扩展数据A,MODBUS RTU,4x,2582,昆仑ModbusRTU迁移地址；原昆仑变量:设备0_读写4WUB2582,16-bit Unsigned
5组_43号_扩展数据A,MODBUS RTU,4x,2583,昆仑ModbusRTU迁移地址；原昆仑变量:设备0_读写4WUB2583,16-bit Unsigned
5组_44号_扩展数据A,MODBUS RTU,4x,2584,昆仑ModbusRTU迁移地址；原昆仑变量:设备0_读写4WUB2584,16-bit Unsigned
5组_45号_扩展数据A,MODBUS RTU,4x,2585,昆仑ModbusRTU迁移地址；原昆仑变量:设备0_读写4WUB2585,16-bit Unsigned
5组_46号_扩展数据A,MODBUS RTU,4x,2586,昆仑ModbusRTU迁移地址；原昆仑变量:设备0_读写4WUB2586,16-bit Unsigned
5组_47号_扩展数据A,MODBUS RTU,4x,2587,昆仑ModbusRTU迁移地址；原昆仑变量:设备0_读写4WUB2587,16-bit Unsigned
5组_48号_扩展数据A,MODBUS RTU,4x,2588,昆仑ModbusRTU迁移地址；原昆仑变量:设备0_读写4WUB2588,16-bit Unsigned
5组_49号_扩展数据A,MODBUS RTU,4x,2589,昆仑ModbusRTU迁移地址；原昆仑变量:设备0_读写4WUB2589,16-bit Unsigned
5组_50号_扩展数据A,MODBUS RTU,4x,2590,昆仑ModbusRTU迁移地址；原昆仑变量:设备0_读写4WUB2590,16-bit Unsigned
5组_51号_扩展数据A,MODBUS RTU,4x,2591,昆仑ModbusRTU迁移地址；原昆仑变量:设备0_读写4WUB2591,16-bit Unsigned
5组_52号_扩展数据A,MODBUS RTU,4x,2592,昆仑ModbusRTU迁移地址；原昆仑变量:设备0_读写4WUB2592,16-bit Unsigned
5组_53号_扩展数据A,MODBUS RTU,4x,2593,昆仑ModbusRTU迁移地址；原昆仑变量:设备0_读写4WUB2593,16-bit Unsigned
5组_54号_扩展数据A,MODBUS RTU,4x,2594,昆仑ModbusRTU迁移地址；原昆仑变量:设备0_读写4WUB2594,16-bit Unsigned
5组_55号_扩展数据A,MODBUS RTU,4x,2595,昆仑ModbusRTU迁移地址；原昆仑变量:设备0_读写4WUB2595,16-bit Unsigned
5组_56号_扩展数据A,MODBUS RTU,4x,2596,昆仑ModbusRTU迁移地址；原昆仑变量:设备0_读写4WUB2596,16-bit Unsigned
5组_57号_扩展数据A,MODBUS RTU,4x,2597,昆仑ModbusRTU迁移地址；原昆仑变量:设备0_读写4WUB2597,16-bit Unsigned
5组_58号_扩展数据A,MODBUS RTU,4x,2598,昆仑ModbusRTU迁移地址；原昆仑变量:设备0_读写4WUB2598,16-bit Unsigned
5组_59号_扩展数据A,MODBUS RTU,4x,2599,昆仑ModbusRTU迁移地址；原昆仑变量:设备0_读写4WUB2599,16-bit Unsigned
5组_60号_扩展数据A,MODBUS RTU,4x,2600,昆仑ModbusRTU迁移地址；原昆仑变量:设备0_读写4WUB2600,16-bit Unsigned
1组_01号_扩展数据B,MODBUS RTU,4x,2601,昆仑ModbusRTU迁移地址；原昆仑变量:设备0_读写4WUB2601,16-bit Unsigned
1组_02号_扩展数据B,MODBUS RTU,4x,2602,昆仑ModbusRTU迁移地址；原昆仑变量:设备0_读写4WUB2602,16-bit Unsigned
1组_03号_扩展数据B,MODBUS RTU,4x,2603,昆仑ModbusRTU迁移地址；原昆仑变量:设备0_读写4WUB2603,16-bit Unsigned
1组_04号_扩展数据B,MODBUS RTU,4x,2604,昆仑ModbusRTU迁移地址；原昆仑变量:设备0_读写4WUB2604,16-bit Unsigned
1组_05号_扩展数据B,MODBUS RTU,4x,2605,昆仑ModbusRTU迁移地址；原昆仑变量:设备0_读写4WUB2605,16-bit Unsigned
1组_06号_扩展数据B,MODBUS RTU,4x,2606,昆仑ModbusRTU迁移地址；原昆仑变量:设备0_读写4WUB2606,16-bit Unsigned
1组_07号_扩展数据B,MODBUS RTU,4x,2607,昆仑ModbusRTU迁移地址；原昆仑变量:设备0_读写4WUB2607,16-bit Unsigned
1组_08号_扩展数据B,MODBUS RTU,4x,2608,昆仑ModbusRTU迁移地址；原昆仑变量:设备0_读写4WUB2608,16-bit Unsigned
1组_09号_扩展数据B,MODBUS RTU,4x,2609,昆仑ModbusRTU迁移地址；原昆仑变量:设备0_读写4WUB2609,16-bit Unsigned
1组_10号_扩展数据B,MODBUS RTU,4x,2610,昆仑ModbusRTU迁移地址；原昆仑变量:设备0_读写4WUB2610,16-bit Unsigned
1组_11号_扩展数据B,MODBUS RTU,4x,2611,昆仑ModbusRTU迁移地址；原昆仑变量:设备0_读写4WUB2611,16-bit Unsigned
1组_12号_扩展数据B,MODBUS RTU,4x,2612,昆仑ModbusRTU迁移地址；原昆仑变量:设备0_读写4WUB2612,16-bit Unsigned
1组_13号_扩展数据B,MODBUS RTU,4x,2613,昆仑ModbusRTU迁移地址；原昆仑变量:设备0_读写4WUB2613,16-bit Unsigned
1组_14号_扩展数据B,MODBUS RTU,4x,2614,昆仑ModbusRTU迁移地址；原昆仑变量:设备0_读写4WUB2614,16-bit Unsigned
1组_15号_扩展数据B,MODBUS RTU,4x,2615,昆仑ModbusRTU迁移地址；原昆仑变量:设备0_读写4WUB2615,16-bit Unsigned
1组_16号_扩展数据B,MODBUS RTU,4x,2616,昆仑ModbusRTU迁移地址；原昆仑变量:设备0_读写4WUB2616,16-bit Unsigned
1组_17号_扩展数据B,MODBUS RTU,4x,2617,昆仑ModbusRTU迁移地址；原昆仑变量:设备0_读写4WUB2617,16-bit Unsigned
1组_18号_扩展数据B,MODBUS RTU,4x,2618,昆仑ModbusRTU迁移地址；原昆仑变量:设备0_读写4WUB2618,16-bit Unsigned
1组_19号_扩展数据B,MODBUS RTU,4x,2619,昆仑ModbusRTU迁移地址；原昆仑变量:设备0_读写4WUB2619,16-bit Unsigned
1组_20号_扩展数据B,MODBUS RTU,4x,2620,昆仑ModbusRTU迁移地址；原昆仑变量:设备0_读写4WUB2620,16-bit Unsigned
1组_21号_扩展数据B,MODBUS RTU,4x,2621,昆仑ModbusRTU迁移地址；原昆仑变量:设备0_读写4WUB2621,16-bit Unsigned
1组_22号_扩展数据B,MODBUS RTU,4x,2622,昆仑ModbusRTU迁移地址；原昆仑变量:设备0_读写4WUB2622,16-bit Unsigned
1组_23号_扩展数据B,MODBUS RTU,4x,2623,昆仑ModbusRTU迁移地址；原昆仑变量:设备0_读写4WUB2623,16-bit Unsigned
1组_24号_扩展数据B,MODBUS RTU,4x,2624,昆仑ModbusRTU迁移地址；原昆仑变量:设备0_读写4WUB2624,16-bit Unsigned
1组_25号_扩展数据B,MODBUS RTU,4x,2625,昆仑ModbusRTU迁移地址；原昆仑变量:设备0_读写4WUB2625,16-bit Unsigned
1组_26号_扩展数据B,MODBUS RTU,4x,2626,昆仑ModbusRTU迁移地址；原昆仑变量:设备0_读写4WUB2626,16-bit Unsigned
1组_27号_扩展数据B,MODBUS RTU,4x,2627,昆仑ModbusRTU迁移地址；原昆仑变量:设备0_读写4WUB2627,16-bit Unsigned
1组_28号_扩展数据B,MODBUS RTU,4x,2628,昆仑ModbusRTU迁移地址；原昆仑变量:设备0_读写4WUB2628,16-bit Unsigned
1组_29号_扩展数据B,MODBUS RTU,4x,2629,昆仑ModbusRTU迁移地址；原昆仑变量:设备0_读写4WUB2629,16-bit Unsigned
1组_30号_扩展数据B,MODBUS RTU,4x,2630,昆仑ModbusRTU迁移地址；原昆仑变量:设备0_读写4WUB2630,16-bit Unsigned
1组_31号_扩展数据B,MODBUS RTU,4x,2631,昆仑ModbusRTU迁移地址；原昆仑变量:设备0_读写4WUB2631,16-bit Unsigned
1组_32号_扩展数据B,MODBUS RTU,4x,2632,昆仑ModbusRTU迁移地址；原昆仑变量:设备0_读写4WUB2632,16-bit Unsigned
1组_33号_扩展数据B,MODBUS RTU,4x,2633,昆仑ModbusRTU迁移地址；原昆仑变量:设备0_读写4WUB2633,16-bit Unsigned
1组_34号_扩展数据B,MODBUS RTU,4x,2634,昆仑ModbusRTU迁移地址；原昆仑变量:设备0_读写4WUB2634,16-bit Unsigned
1组_35号_扩展数据B,MODBUS RTU,4x,2635,昆仑ModbusRTU迁移地址；原昆仑变量:设备0_读写4WUB2635,16-bit Unsigned
1组_36号_扩展数据B,MODBUS RTU,4x,2636,昆仑ModbusRTU迁移地址；原昆仑变量:设备0_读写4WUB2636,16-bit Unsigned
1组_37号_扩展数据B,MODBUS RTU,4x,2637,昆仑ModbusRTU迁移地址；原昆仑变量:设备0_读写4WUB2637,16-bit Unsigned
1组_38号_扩展数据B,MODBUS RTU,4x,2638,昆仑ModbusRTU迁移地址；原昆仑变量:设备0_读写4WUB2638,16-bit Unsigned
1组_39号_扩展数据B,MODBUS RTU,4x,2639,昆仑ModbusRTU迁移地址；原昆仑变量:设备0_读写4WUB2639,16-bit Unsigned
1组_40号_扩展数据B,MODBUS RTU,4x,2640,昆仑ModbusRTU迁移地址；原昆仑变量:设备0_读写4WUB2640,16-bit Unsigned
1组_41号_扩展数据B,MODBUS RTU,4x,2641,昆仑ModbusRTU迁移地址；原昆仑变量:设备0_读写4WUB2641,16-bit Unsigned
1组_42号_扩展数据B,MODBUS RTU,4x,2642,昆仑ModbusRTU迁移地址；原昆仑变量:设备0_读写4WUB2642,16-bit Unsigned
1组_43号_扩展数据B,MODBUS RTU,4x,2643,昆仑ModbusRTU迁移地址；原昆仑变量:设备0_读写4WUB2643,16-bit Unsigned
1组_44号_扩展数据B,MODBUS RTU,4x,2644,昆仑ModbusRTU迁移地址；原昆仑变量:设备0_读写4WUB2644,16-bit Unsigned
1组_45号_扩展数据B,MODBUS RTU,4x,2645,昆仑ModbusRTU迁移地址；原昆仑变量:设备0_读写4WUB2645,16-bit Unsigned
1组_46号_扩展数据B,MODBUS RTU,4x,2646,昆仑ModbusRTU迁移地址；原昆仑变量:设备0_读写4WUB2646,16-bit Unsigned
1组_47号_扩展数据B,MODBUS RTU,4x,2647,昆仑ModbusRTU迁移地址；原昆仑变量:设备0_读写4WUB2647,16-bit Unsigned
1组_48号_扩展数据B,MODBUS RTU,4x,2648,昆仑ModbusRTU迁移地址；原昆仑变量:设备0_读写4WUB2648,16-bit Unsigned
1组_49号_扩展数据B,MODBUS RTU,4x,2649,昆仑ModbusRTU迁移地址；原昆仑变量:设备0_读写4WUB2649,16-bit Unsigned
1组_50号_扩展数据B,MODBUS RTU,4x,2650,昆仑ModbusRTU迁移地址；原昆仑变量:设备0_读写4WUB2650,16-bit Unsigned
1组_51号_扩展数据B,MODBUS RTU,4x,2651,昆仑ModbusRTU迁移地址；原昆仑变量:设备0_读写4WUB2651,16-bit Unsigned
1组_52号_扩展数据B,MODBUS RTU,4x,2652,昆仑ModbusRTU迁移地址；原昆仑变量:设备0_读写4WUB2652,16-bit Unsigned
1组_53号_扩展数据B,MODBUS RTU,4x,2653,昆仑ModbusRTU迁移地址；原昆仑变量:设备0_读写4WUB2653,16-bit Unsigned
1组_54号_扩展数据B,MODBUS RTU,4x,2654,昆仑ModbusRTU迁移地址；原昆仑变量:设备0_读写4WUB2654,16-bit Unsigned
1组_55号_扩展数据B,MODBUS RTU,4x,2655,昆仑ModbusRTU迁移地址；原昆仑变量:设备0_读写4WUB2655,16-bit Unsigned
1组_56号_扩展数据B,MODBUS RTU,4x,2656,昆仑ModbusRTU迁移地址；原昆仑变量:设备0_读写4WUB2656,16-bit Unsigned
1组_57号_扩展数据B,MODBUS RTU,4x,2657,昆仑ModbusRTU迁移地址；原昆仑变量:设备0_读写4WUB2657,16-bit Unsigned
1组_58号_扩展数据B,MODBUS RTU,4x,2658,昆仑ModbusRTU迁移地址；原昆仑变量:设备0_读写4WUB2658,16-bit Unsigned
1组_59号_扩展数据B,MODBUS RTU,4x,2659,昆仑ModbusRTU迁移地址；原昆仑变量:设备0_读写4WUB2659,16-bit Unsigned
1组_60号_扩展数据B,MODBUS RTU,4x,2660,昆仑ModbusRTU迁移地址；原昆仑变量:设备0_读写4WUB2660,16-bit Unsigned
2组_01号_扩展数据B,MODBUS RTU,4x,2661,昆仑ModbusRTU迁移地址；原昆仑变量:设备0_读写4WUB2661,16-bit Unsigned
2组_02号_扩展数据B,MODBUS RTU,4x,2662,昆仑ModbusRTU迁移地址；原昆仑变量:设备0_读写4WUB2662,16-bit Unsigned
2组_03号_扩展数据B,MODBUS RTU,4x,2663,昆仑ModbusRTU迁移地址；原昆仑变量:设备0_读写4WUB2663,16-bit Unsigned
2组_04号_扩展数据B,MODBUS RTU,4x,2664,昆仑ModbusRTU迁移地址；原昆仑变量:设备0_读写4WUB2664,16-bit Unsigned
2组_05号_扩展数据B,MODBUS RTU,4x,2665,昆仑ModbusRTU迁移地址；原昆仑变量:设备0_读写4WUB2665,16-bit Unsigned
2组_06号_扩展数据B,MODBUS RTU,4x,2666,昆仑ModbusRTU迁移地址；原昆仑变量:设备0_读写4WUB2666,16-bit Unsigned
2组_07号_扩展数据B,MODBUS RTU,4x,2667,昆仑ModbusRTU迁移地址；原昆仑变量:设备0_读写4WUB2667,16-bit Unsigned
2组_08号_扩展数据B,MODBUS RTU,4x,2668,昆仑ModbusRTU迁移地址；原昆仑变量:设备0_读写4WUB2668,16-bit Unsigned
2组_09号_扩展数据B,MODBUS RTU,4x,2669,昆仑ModbusRTU迁移地址；原昆仑变量:设备0_读写4WUB2669,16-bit Unsigned
2组_10号_扩展数据B,MODBUS RTU,4x,2670,昆仑ModbusRTU迁移地址；原昆仑变量:设备0_读写4WUB2670,16-bit Unsigned
2组_11号_扩展数据B,MODBUS RTU,4x,2671,昆仑ModbusRTU迁移地址；原昆仑变量:设备0_读写4WUB2671,16-bit Unsigned
2组_12号_扩展数据B,MODBUS RTU,4x,2672,昆仑ModbusRTU迁移地址；原昆仑变量:设备0_读写4WUB2672,16-bit Unsigned
2组_13号_扩展数据B,MODBUS RTU,4x,2673,昆仑ModbusRTU迁移地址；原昆仑变量:设备0_读写4WUB2673,16-bit Unsigned
2组_14号_扩展数据B,MODBUS RTU,4x,2674,昆仑ModbusRTU迁移地址；原昆仑变量:设备0_读写4WUB2674,16-bit Unsigned
2组_15号_扩展数据B,MODBUS RTU,4x,2675,昆仑ModbusRTU迁移地址；原昆仑变量:设备0_读写4WUB2675,16-bit Unsigned
2组_16号_扩展数据B,MODBUS RTU,4x,2676,昆仑ModbusRTU迁移地址；原昆仑变量:设备0_读写4WUB2676,16-bit Unsigned
2组_17号_扩展数据B,MODBUS RTU,4x,2677,昆仑ModbusRTU迁移地址；原昆仑变量:设备0_读写4WUB2677,16-bit Unsigned
2组_18号_扩展数据B,MODBUS RTU,4x,2678,昆仑ModbusRTU迁移地址；原昆仑变量:设备0_读写4WUB2678,16-bit Unsigned
2组_19号_扩展数据B,MODBUS RTU,4x,2679,昆仑ModbusRTU迁移地址；原昆仑变量:设备0_读写4WUB2679,16-bit Unsigned
2组_20号_扩展数据B,MODBUS RTU,4x,2680,昆仑ModbusRTU迁移地址；原昆仑变量:设备0_读写4WUB2680,16-bit Unsigned
2组_21号_扩展数据B,MODBUS RTU,4x,2681,昆仑ModbusRTU迁移地址；原昆仑变量:设备0_读写4WUB2681,16-bit Unsigned
2组_22号_扩展数据B,MODBUS RTU,4x,2682,昆仑ModbusRTU迁移地址；原昆仑变量:设备0_读写4WUB2682,16-bit Unsigned
2组_23号_扩展数据B,MODBUS RTU,4x,2683,昆仑ModbusRTU迁移地址；原昆仑变量:设备0_读写4WUB2683,16-bit Unsigned
2组_24号_扩展数据B,MODBUS RTU,4x,2684,昆仑ModbusRTU迁移地址；原昆仑变量:设备0_读写4WUB2684,16-bit Unsigned
2组_25号_扩展数据B,MODBUS RTU,4x,2685,昆仑ModbusRTU迁移地址；原昆仑变量:设备0_读写4WUB2685,16-bit Unsigned
2组_26号_扩展数据B,MODBUS RTU,4x,2686,昆仑ModbusRTU迁移地址；原昆仑变量:设备0_读写4WUB2686,16-bit Unsigned
2组_27号_扩展数据B,MODBUS RTU,4x,2687,昆仑ModbusRTU迁移地址；原昆仑变量:设备0_读写4WUB2687,16-bit Unsigned
2组_28号_扩展数据B,MODBUS RTU,4x,2688,昆仑ModbusRTU迁移地址；原昆仑变量:设备0_读写4WUB2688,16-bit Unsigned
2组_29号_扩展数据B,MODBUS RTU,4x,2689,昆仑ModbusRTU迁移地址；原昆仑变量:设备0_读写4WUB2689,16-bit Unsigned
2组_30号_扩展数据B,MODBUS RTU,4x,2690,昆仑ModbusRTU迁移地址；原昆仑变量:设备0_读写4WUB2690,16-bit Unsigned
2组_31号_扩展数据B,MODBUS RTU,4x,2691,昆仑ModbusRTU迁移地址；原昆仑变量:设备0_读写4WUB2691,16-bit Unsigned
2组_32号_扩展数据B,MODBUS RTU,4x,2692,昆仑ModbusRTU迁移地址；原昆仑变量:设备0_读写4WUB2692,16-bit Unsigned
2组_33号_扩展数据B,MODBUS RTU,4x,2693,昆仑ModbusRTU迁移地址；原昆仑变量:设备0_读写4WUB2693,16-bit Unsigned
2组_34号_扩展数据B,MODBUS RTU,4x,2694,昆仑ModbusRTU迁移地址；原昆仑变量:设备0_读写4WUB2694,16-bit Unsigned
2组_35号_扩展数据B,MODBUS RTU,4x,2695,昆仑ModbusRTU迁移地址；原昆仑变量:设备0_读写4WUB2695,16-bit Unsigned
2组_36号_扩展数据B,MODBUS RTU,4x,2696,昆仑ModbusRTU迁移地址；原昆仑变量:设备0_读写4WUB2696,16-bit Unsigned
2组_37号_扩展数据B,MODBUS RTU,4x,2697,昆仑ModbusRTU迁移地址；原昆仑变量:设备0_读写4WUB2697,16-bit Unsigned
2组_38号_扩展数据B,MODBUS RTU,4x,2698,昆仑ModbusRTU迁移地址；原昆仑变量:设备0_读写4WUB2698,16-bit Unsigned
2组_39号_扩展数据B,MODBUS RTU,4x,2699,昆仑ModbusRTU迁移地址；原昆仑变量:设备0_读写4WUB2699,16-bit Unsigned
2组_40号_扩展数据B,MODBUS RTU,4x,2700,昆仑ModbusRTU迁移地址；原昆仑变量:设备0_读写4WUB2700,16-bit Unsigned
2组_41号_扩展数据B,MODBUS RTU,4x,2701,昆仑ModbusRTU迁移地址；原昆仑变量:设备0_读写4WUB2701,16-bit Unsigned
2组_42号_扩展数据B,MODBUS RTU,4x,2702,昆仑ModbusRTU迁移地址；原昆仑变量:设备0_读写4WUB2702,16-bit Unsigned
2组_43号_扩展数据B,MODBUS RTU,4x,2703,昆仑ModbusRTU迁移地址；原昆仑变量:设备0_读写4WUB2703,16-bit Unsigned
2组_44号_扩展数据B,MODBUS RTU,4x,2704,昆仑ModbusRTU迁移地址；原昆仑变量:设备0_读写4WUB2704,16-bit Unsigned
2组_45号_扩展数据B,MODBUS RTU,4x,2705,昆仑ModbusRTU迁移地址；原昆仑变量:设备0_读写4WUB2705,16-bit Unsigned
2组_46号_扩展数据B,MODBUS RTU,4x,2706,昆仑ModbusRTU迁移地址；原昆仑变量:设备0_读写4WUB2706,16-bit Unsigned
2组_47号_扩展数据B,MODBUS RTU,4x,2707,昆仑ModbusRTU迁移地址；原昆仑变量:设备0_读写4WUB2707,16-bit Unsigned
2组_48号_扩展数据B,MODBUS RTU,4x,2708,昆仑ModbusRTU迁移地址；原昆仑变量:设备0_读写4WUB2708,16-bit Unsigned
2组_49号_扩展数据B,MODBUS RTU,4x,2709,昆仑ModbusRTU迁移地址；原昆仑变量:设备0_读写4WUB2709,16-bit Unsigned
2组_50号_扩展数据B,MODBUS RTU,4x,2710,昆仑ModbusRTU迁移地址；原昆仑变量:设备0_读写4WUB2710,16-bit Unsigned
2组_51号_扩展数据B,MODBUS RTU,4x,2711,昆仑ModbusRTU迁移地址；原昆仑变量:设备0_读写4WUB2711,16-bit Unsigned
2组_52号_扩展数据B,MODBUS RTU,4x,2712,昆仑ModbusRTU迁移地址；原昆仑变量:设备0_读写4WUB2712,16-bit Unsigned
2组_53号_扩展数据B,MODBUS RTU,4x,2713,昆仑ModbusRTU迁移地址；原昆仑变量:设备0_读写4WUB2713,16-bit Unsigned
2组_54号_扩展数据B,MODBUS RTU,4x,2714,昆仑ModbusRTU迁移地址；原昆仑变量:设备0_读写4WUB2714,16-bit Unsigned
2组_55号_扩展数据B,MODBUS RTU,4x,2715,昆仑ModbusRTU迁移地址；原昆仑变量:设备0_读写4WUB2715,16-bit Unsigned
2组_56号_扩展数据B,MODBUS RTU,4x,2716,昆仑ModbusRTU迁移地址；原昆仑变量:设备0_读写4WUB2716,16-bit Unsigned
2组_57号_扩展数据B,MODBUS RTU,4x,2717,昆仑ModbusRTU迁移地址；原昆仑变量:设备0_读写4WUB2717,16-bit Unsigned
2组_58号_扩展数据B,MODBUS RTU,4x,2718,昆仑ModbusRTU迁移地址；原昆仑变量:设备0_读写4WUB2718,16-bit Unsigned
2组_59号_扩展数据B,MODBUS RTU,4x,2719,昆仑ModbusRTU迁移地址；原昆仑变量:设备0_读写4WUB2719,16-bit Unsigned
2组_60号_扩展数据B,MODBUS RTU,4x,2720,昆仑ModbusRTU迁移地址；原昆仑变量:设备0_读写4WUB2720,16-bit Unsigned
3组_01号_扩展数据B,MODBUS RTU,4x,2721,昆仑ModbusRTU迁移地址；原昆仑变量:设备0_读写4WUB2721,16-bit Unsigned
3组_02号_扩展数据B,MODBUS RTU,4x,2722,昆仑ModbusRTU迁移地址；原昆仑变量:设备0_读写4WUB2722,16-bit Unsigned
3组_03号_扩展数据B,MODBUS RTU,4x,2723,昆仑ModbusRTU迁移地址；原昆仑变量:设备0_读写4WUB2723,16-bit Unsigned
3组_04号_扩展数据B,MODBUS RTU,4x,2724,昆仑ModbusRTU迁移地址；原昆仑变量:设备0_读写4WUB2724,16-bit Unsigned
3组_05号_扩展数据B,MODBUS RTU,4x,2725,昆仑ModbusRTU迁移地址；原昆仑变量:设备0_读写4WUB2725,16-bit Unsigned
3组_06号_扩展数据B,MODBUS RTU,4x,2726,昆仑ModbusRTU迁移地址；原昆仑变量:设备0_读写4WUB2726,16-bit Unsigned
3组_07号_扩展数据B,MODBUS RTU,4x,2727,昆仑ModbusRTU迁移地址；原昆仑变量:设备0_读写4WUB2727,16-bit Unsigned
3组_08号_扩展数据B,MODBUS RTU,4x,2728,昆仑ModbusRTU迁移地址；原昆仑变量:设备0_读写4WUB2728,16-bit Unsigned
3组_09号_扩展数据B,MODBUS RTU,4x,2729,昆仑ModbusRTU迁移地址；原昆仑变量:设备0_读写4WUB2729,16-bit Unsigned
3组_10号_扩展数据B,MODBUS RTU,4x,2730,昆仑ModbusRTU迁移地址；原昆仑变量:设备0_读写4WUB2730,16-bit Unsigned
3组_11号_扩展数据B,MODBUS RTU,4x,2731,昆仑ModbusRTU迁移地址；原昆仑变量:设备0_读写4WUB2731,16-bit Unsigned
3组_12号_扩展数据B,MODBUS RTU,4x,2732,昆仑ModbusRTU迁移地址；原昆仑变量:设备0_读写4WUB2732,16-bit Unsigned
3组_13号_扩展数据B,MODBUS RTU,4x,2733,昆仑ModbusRTU迁移地址；原昆仑变量:设备0_读写4WUB2733,16-bit Unsigned
3组_14号_扩展数据B,MODBUS RTU,4x,2734,昆仑ModbusRTU迁移地址；原昆仑变量:设备0_读写4WUB2734,16-bit Unsigned
3组_15号_扩展数据B,MODBUS RTU,4x,2735,昆仑ModbusRTU迁移地址；原昆仑变量:设备0_读写4WUB2735,16-bit Unsigned
3组_16号_扩展数据B,MODBUS RTU,4x,2736,昆仑ModbusRTU迁移地址；原昆仑变量:设备0_读写4WUB2736,16-bit Unsigned
3组_17号_扩展数据B,MODBUS RTU,4x,2737,昆仑ModbusRTU迁移地址；原昆仑变量:设备0_读写4WUB2737,16-bit Unsigned
3组_18号_扩展数据B,MODBUS RTU,4x,2738,昆仑ModbusRTU迁移地址；原昆仑变量:设备0_读写4WUB2738,16-bit Unsigned
3组_19号_扩展数据B,MODBUS RTU,4x,2739,昆仑ModbusRTU迁移地址；原昆仑变量:设备0_读写4WUB2739,16-bit Unsigned
3组_20号_扩展数据B,MODBUS RTU,4x,2740,昆仑ModbusRTU迁移地址；原昆仑变量:设备0_读写4WUB2740,16-bit Unsigned
3组_21号_扩展数据B,MODBUS RTU,4x,2741,昆仑ModbusRTU迁移地址；原昆仑变量:设备0_读写4WUB2741,16-bit Unsigned
3组_22号_扩展数据B,MODBUS RTU,4x,2742,昆仑ModbusRTU迁移地址；原昆仑变量:设备0_读写4WUB2742,16-bit Unsigned
3组_23号_扩展数据B,MODBUS RTU,4x,2743,昆仑ModbusRTU迁移地址；原昆仑变量:设备0_读写4WUB2743,16-bit Unsigned
3组_24号_扩展数据B,MODBUS RTU,4x,2744,昆仑ModbusRTU迁移地址；原昆仑变量:设备0_读写4WUB2744,16-bit Unsigned
3组_25号_扩展数据B,MODBUS RTU,4x,2745,昆仑ModbusRTU迁移地址；原昆仑变量:设备0_读写4WUB2745,16-bit Unsigned
3组_26号_扩展数据B,MODBUS RTU,4x,2746,昆仑ModbusRTU迁移地址；原昆仑变量:设备0_读写4WUB2746,16-bit Unsigned
3组_27号_扩展数据B,MODBUS RTU,4x,2747,昆仑ModbusRTU迁移地址；原昆仑变量:设备0_读写4WUB2747,16-bit Unsigned
3组_28号_扩展数据B,MODBUS RTU,4x,2748,昆仑ModbusRTU迁移地址；原昆仑变量:设备0_读写4WUB2748,16-bit Unsigned
3组_29号_扩展数据B,MODBUS RTU,4x,2749,昆仑ModbusRTU迁移地址；原昆仑变量:设备0_读写4WUB2749,16-bit Unsigned
3组_30号_扩展数据B,MODBUS RTU,4x,2750,昆仑ModbusRTU迁移地址；原昆仑变量:设备0_读写4WUB2750,16-bit Unsigned
3组_31号_扩展数据B,MODBUS RTU,4x,2751,昆仑ModbusRTU迁移地址；原昆仑变量:设备0_读写4WUB2751,16-bit Unsigned
3组_32号_扩展数据B,MODBUS RTU,4x,2752,昆仑ModbusRTU迁移地址；原昆仑变量:设备0_读写4WUB2752,16-bit Unsigned
3组_33号_扩展数据B,MODBUS RTU,4x,2753,昆仑ModbusRTU迁移地址；原昆仑变量:设备0_读写4WUB2753,16-bit Unsigned
3组_34号_扩展数据B,MODBUS RTU,4x,2754,昆仑ModbusRTU迁移地址；原昆仑变量:设备0_读写4WUB2754,16-bit Unsigned
3组_35号_扩展数据B,MODBUS RTU,4x,2755,昆仑ModbusRTU迁移地址；原昆仑变量:设备0_读写4WUB2755,16-bit Unsigned
3组_36号_扩展数据B,MODBUS RTU,4x,2756,昆仑ModbusRTU迁移地址；原昆仑变量:设备0_读写4WUB2756,16-bit Unsigned
3组_37号_扩展数据B,MODBUS RTU,4x,2757,昆仑ModbusRTU迁移地址；原昆仑变量:设备0_读写4WUB2757,16-bit Unsigned
3组_38号_扩展数据B,MODBUS RTU,4x,2758,昆仑ModbusRTU迁移地址；原昆仑变量:设备0_读写4WUB2758,16-bit Unsigned
3组_39号_扩展数据B,MODBUS RTU,4x,2759,昆仑ModbusRTU迁移地址；原昆仑变量:设备0_读写4WUB2759,16-bit Unsigned
3组_40号_扩展数据B,MODBUS RTU,4x,2760,昆仑ModbusRTU迁移地址；原昆仑变量:设备0_读写4WUB2760,16-bit Unsigned
3组_41号_扩展数据B,MODBUS RTU,4x,2761,昆仑ModbusRTU迁移地址；原昆仑变量:设备0_读写4WUB2761,16-bit Unsigned
3组_42号_扩展数据B,MODBUS RTU,4x,2762,昆仑ModbusRTU迁移地址；原昆仑变量:设备0_读写4WUB2762,16-bit Unsigned
3组_43号_扩展数据B,MODBUS RTU,4x,2763,昆仑ModbusRTU迁移地址；原昆仑变量:设备0_读写4WUB2763,16-bit Unsigned
3组_44号_扩展数据B,MODBUS RTU,4x,2764,昆仑ModbusRTU迁移地址；原昆仑变量:设备0_读写4WUB2764,16-bit Unsigned
3组_45号_扩展数据B,MODBUS RTU,4x,2765,昆仑ModbusRTU迁移地址；原昆仑变量:设备0_读写4WUB2765,16-bit Unsigned
3组_46号_扩展数据B,MODBUS RTU,4x,2766,昆仑ModbusRTU迁移地址；原昆仑变量:设备0_读写4WUB2766,16-bit Unsigned
3组_47号_扩展数据B,MODBUS RTU,4x,2767,昆仑ModbusRTU迁移地址；原昆仑变量:设备0_读写4WUB2767,16-bit Unsigned
3组_48号_扩展数据B,MODBUS RTU,4x,2768,昆仑ModbusRTU迁移地址；原昆仑变量:设备0_读写4WUB2768,16-bit Unsigned
3组_49号_扩展数据B,MODBUS RTU,4x,2769,昆仑ModbusRTU迁移地址；原昆仑变量:设备0_读写4WUB2769,16-bit Unsigned
3组_50号_扩展数据B,MODBUS RTU,4x,2770,昆仑ModbusRTU迁移地址；原昆仑变量:设备0_读写4WUB2770,16-bit Unsigned
3组_51号_扩展数据B,MODBUS RTU,4x,2771,昆仑ModbusRTU迁移地址；原昆仑变量:设备0_读写4WUB2771,16-bit Unsigned
3组_52号_扩展数据B,MODBUS RTU,4x,2772,昆仑ModbusRTU迁移地址；原昆仑变量:设备0_读写4WUB2772,16-bit Unsigned
3组_53号_扩展数据B,MODBUS RTU,4x,2773,昆仑ModbusRTU迁移地址；原昆仑变量:设备0_读写4WUB2773,16-bit Unsigned
3组_54号_扩展数据B,MODBUS RTU,4x,2774,昆仑ModbusRTU迁移地址；原昆仑变量:设备0_读写4WUB2774,16-bit Unsigned
3组_55号_扩展数据B,MODBUS RTU,4x,2775,昆仑ModbusRTU迁移地址；原昆仑变量:设备0_读写4WUB2775,16-bit Unsigned
3组_56号_扩展数据B,MODBUS RTU,4x,2776,昆仑ModbusRTU迁移地址；原昆仑变量:设备0_读写4WUB2776,16-bit Unsigned
3组_57号_扩展数据B,MODBUS RTU,4x,2777,昆仑ModbusRTU迁移地址；原昆仑变量:设备0_读写4WUB2777,16-bit Unsigned
3组_58号_扩展数据B,MODBUS RTU,4x,2778,昆仑ModbusRTU迁移地址；原昆仑变量:设备0_读写4WUB2778,16-bit Unsigned
3组_59号_扩展数据B,MODBUS RTU,4x,2779,昆仑ModbusRTU迁移地址；原昆仑变量:设备0_读写4WUB2779,16-bit Unsigned
3组_60号_扩展数据B,MODBUS RTU,4x,2780,昆仑ModbusRTU迁移地址；原昆仑变量:设备0_读写4WUB2780,16-bit Unsigned
4组_01号_扩展数据B,MODBUS RTU,4x,2781,昆仑ModbusRTU迁移地址；原昆仑变量:设备0_读写4WUB2781,16-bit Unsigned
4组_02号_扩展数据B,MODBUS RTU,4x,2782,昆仑ModbusRTU迁移地址；原昆仑变量:设备0_读写4WUB2782,16-bit Unsigned
4组_03号_扩展数据B,MODBUS RTU,4x,2783,昆仑ModbusRTU迁移地址；原昆仑变量:设备0_读写4WUB2783,16-bit Unsigned
4组_04号_扩展数据B,MODBUS RTU,4x,2784,昆仑ModbusRTU迁移地址；原昆仑变量:设备0_读写4WUB2784,16-bit Unsigned
4组_05号_扩展数据B,MODBUS RTU,4x,2785,昆仑ModbusRTU迁移地址；原昆仑变量:设备0_读写4WUB2785,16-bit Unsigned
4组_06号_扩展数据B,MODBUS RTU,4x,2786,昆仑ModbusRTU迁移地址；原昆仑变量:设备0_读写4WUB2786,16-bit Unsigned
4组_07号_扩展数据B,MODBUS RTU,4x,2787,昆仑ModbusRTU迁移地址；原昆仑变量:设备0_读写4WUB2787,16-bit Unsigned
4组_08号_扩展数据B,MODBUS RTU,4x,2788,昆仑ModbusRTU迁移地址；原昆仑变量:设备0_读写4WUB2788,16-bit Unsigned
4组_09号_扩展数据B,MODBUS RTU,4x,2789,昆仑ModbusRTU迁移地址；原昆仑变量:设备0_读写4WUB2789,16-bit Unsigned
4组_10号_扩展数据B,MODBUS RTU,4x,2790,昆仑ModbusRTU迁移地址；原昆仑变量:设备0_读写4WUB2790,16-bit Unsigned
4组_11号_扩展数据B,MODBUS RTU,4x,2791,昆仑ModbusRTU迁移地址；原昆仑变量:设备0_读写4WUB2791,16-bit Unsigned
4组_12号_扩展数据B,MODBUS RTU,4x,2792,昆仑ModbusRTU迁移地址；原昆仑变量:设备0_读写4WUB2792,16-bit Unsigned
4组_13号_扩展数据B,MODBUS RTU,4x,2793,昆仑ModbusRTU迁移地址；原昆仑变量:设备0_读写4WUB2793,16-bit Unsigned
4组_14号_扩展数据B,MODBUS RTU,4x,2794,昆仑ModbusRTU迁移地址；原昆仑变量:设备0_读写4WUB2794,16-bit Unsigned
4组_15号_扩展数据B,MODBUS RTU,4x,2795,昆仑ModbusRTU迁移地址；原昆仑变量:设备0_读写4WUB2795,16-bit Unsigned
4组_16号_扩展数据B,MODBUS RTU,4x,2796,昆仑ModbusRTU迁移地址；原昆仑变量:设备0_读写4WUB2796,16-bit Unsigned
4组_17号_扩展数据B,MODBUS RTU,4x,2797,昆仑ModbusRTU迁移地址；原昆仑变量:设备0_读写4WUB2797,16-bit Unsigned
4组_18号_扩展数据B,MODBUS RTU,4x,2798,昆仑ModbusRTU迁移地址；原昆仑变量:设备0_读写4WUB2798,16-bit Unsigned
4组_19号_扩展数据B,MODBUS RTU,4x,2799,昆仑ModbusRTU迁移地址；原昆仑变量:设备0_读写4WUB2799,16-bit Unsigned
4组_20号_扩展数据B,MODBUS RTU,4x,2800,昆仑ModbusRTU迁移地址；原昆仑变量:设备0_读写4WUB2800,16-bit Unsigned
4组_21号_扩展数据B,MODBUS RTU,4x,2801,昆仑ModbusRTU迁移地址；原昆仑变量:设备0_读写4WUB2801,16-bit Unsigned
4组_22号_扩展数据B,MODBUS RTU,4x,2802,昆仑ModbusRTU迁移地址；原昆仑变量:设备0_读写4WUB2802,16-bit Unsigned
4组_23号_扩展数据B,MODBUS RTU,4x,2803,昆仑ModbusRTU迁移地址；原昆仑变量:设备0_读写4WUB2803,16-bit Unsigned
4组_24号_扩展数据B,MODBUS RTU,4x,2804,昆仑ModbusRTU迁移地址；原昆仑变量:设备0_读写4WUB2804,16-bit Unsigned
4组_25号_扩展数据B,MODBUS RTU,4x,2805,昆仑ModbusRTU迁移地址；原昆仑变量:设备0_读写4WUB2805,16-bit Unsigned
4组_26号_扩展数据B,MODBUS RTU,4x,2806,昆仑ModbusRTU迁移地址；原昆仑变量:设备0_读写4WUB2806,16-bit Unsigned
4组_27号_扩展数据B,MODBUS RTU,4x,2807,昆仑ModbusRTU迁移地址；原昆仑变量:设备0_读写4WUB2807,16-bit Unsigned
4组_28号_扩展数据B,MODBUS RTU,4x,2808,昆仑ModbusRTU迁移地址；原昆仑变量:设备0_读写4WUB2808,16-bit Unsigned
4组_29号_扩展数据B,MODBUS RTU,4x,2809,昆仑ModbusRTU迁移地址；原昆仑变量:设备0_读写4WUB2809,16-bit Unsigned
4组_30号_扩展数据B,MODBUS RTU,4x,2810,昆仑ModbusRTU迁移地址；原昆仑变量:设备0_读写4WUB2810,16-bit Unsigned
4组_31号_扩展数据B,MODBUS RTU,4x,2811,昆仑ModbusRTU迁移地址；原昆仑变量:设备0_读写4WUB2811,16-bit Unsigned
4组_32号_扩展数据B,MODBUS RTU,4x,2812,昆仑ModbusRTU迁移地址；原昆仑变量:设备0_读写4WUB2812,16-bit Unsigned
4组_33号_扩展数据B,MODBUS RTU,4x,2813,昆仑ModbusRTU迁移地址；原昆仑变量:设备0_读写4WUB2813,16-bit Unsigned
4组_34号_扩展数据B,MODBUS RTU,4x,2814,昆仑ModbusRTU迁移地址；原昆仑变量:设备0_读写4WUB2814,16-bit Unsigned
4组_35号_扩展数据B,MODBUS RTU,4x,2815,昆仑ModbusRTU迁移地址；原昆仑变量:设备0_读写4WUB2815,16-bit Unsigned
4组_36号_扩展数据B,MODBUS RTU,4x,2816,昆仑ModbusRTU迁移地址；原昆仑变量:设备0_读写4WUB2816,16-bit Unsigned
4组_37号_扩展数据B,MODBUS RTU,4x,2817,昆仑ModbusRTU迁移地址；原昆仑变量:设备0_读写4WUB2817,16-bit Unsigned
4组_38号_扩展数据B,MODBUS RTU,4x,2818,昆仑ModbusRTU迁移地址；原昆仑变量:设备0_读写4WUB2818,16-bit Unsigned
4组_39号_扩展数据B,MODBUS RTU,4x,2819,昆仑ModbusRTU迁移地址；原昆仑变量:设备0_读写4WUB2819,16-bit Unsigned
4组_40号_扩展数据B,MODBUS RTU,4x,2820,昆仑ModbusRTU迁移地址；原昆仑变量:设备0_读写4WUB2820,16-bit Unsigned
4组_41号_扩展数据B,MODBUS RTU,4x,2821,昆仑ModbusRTU迁移地址；原昆仑变量:设备0_读写4WUB2821,16-bit Unsigned
4组_42号_扩展数据B,MODBUS RTU,4x,2822,昆仑ModbusRTU迁移地址；原昆仑变量:设备0_读写4WUB2822,16-bit Unsigned
4组_43号_扩展数据B,MODBUS RTU,4x,2823,昆仑ModbusRTU迁移地址；原昆仑变量:设备0_读写4WUB2823,16-bit Unsigned
4组_44号_扩展数据B,MODBUS RTU,4x,2824,昆仑ModbusRTU迁移地址；原昆仑变量:设备0_读写4WUB2824,16-bit Unsigned
4组_45号_扩展数据B,MODBUS RTU,4x,2825,昆仑ModbusRTU迁移地址；原昆仑变量:设备0_读写4WUB2825,16-bit Unsigned
4组_46号_扩展数据B,MODBUS RTU,4x,2826,昆仑ModbusRTU迁移地址；原昆仑变量:设备0_读写4WUB2826,16-bit Unsigned
4组_47号_扩展数据B,MODBUS RTU,4x,2827,昆仑ModbusRTU迁移地址；原昆仑变量:设备0_读写4WUB2827,16-bit Unsigned
4组_48号_扩展数据B,MODBUS RTU,4x,2828,昆仑ModbusRTU迁移地址；原昆仑变量:设备0_读写4WUB2828,16-bit Unsigned
4组_49号_扩展数据B,MODBUS RTU,4x,2829,昆仑ModbusRTU迁移地址；原昆仑变量:设备0_读写4WUB2829,16-bit Unsigned
4组_50号_扩展数据B,MODBUS RTU,4x,2830,昆仑ModbusRTU迁移地址；原昆仑变量:设备0_读写4WUB2830,16-bit Unsigned
4组_51号_扩展数据B,MODBUS RTU,4x,2831,昆仑ModbusRTU迁移地址；原昆仑变量:设备0_读写4WUB2831,16-bit Unsigned
4组_52号_扩展数据B,MODBUS RTU,4x,2832,昆仑ModbusRTU迁移地址；原昆仑变量:设备0_读写4WUB2832,16-bit Unsigned
4组_53号_扩展数据B,MODBUS RTU,4x,2833,昆仑ModbusRTU迁移地址；原昆仑变量:设备0_读写4WUB2833,16-bit Unsigned
4组_54号_扩展数据B,MODBUS RTU,4x,2834,昆仑ModbusRTU迁移地址；原昆仑变量:设备0_读写4WUB2834,16-bit Unsigned
4组_55号_扩展数据B,MODBUS RTU,4x,2835,昆仑ModbusRTU迁移地址；原昆仑变量:设备0_读写4WUB2835,16-bit Unsigned
4组_56号_扩展数据B,MODBUS RTU,4x,2836,昆仑ModbusRTU迁移地址；原昆仑变量:设备0_读写4WUB2836,16-bit Unsigned
4组_57号_扩展数据B,MODBUS RTU,4x,2837,昆仑ModbusRTU迁移地址；原昆仑变量:设备0_读写4WUB2837,16-bit Unsigned
4组_58号_扩展数据B,MODBUS RTU,4x,2838,昆仑ModbusRTU迁移地址；原昆仑变量:设备0_读写4WUB2838,16-bit Unsigned
4组_59号_扩展数据B,MODBUS RTU,4x,2839,昆仑ModbusRTU迁移地址；原昆仑变量:设备0_读写4WUB2839,16-bit Unsigned
4组_60号_扩展数据B,MODBUS RTU,4x,2840,昆仑ModbusRTU迁移地址；原昆仑变量:设备0_读写4WUB2840,16-bit Unsigned
5组_01号_扩展数据B,MODBUS RTU,4x,2841,昆仑ModbusRTU迁移地址；原昆仑变量:设备0_读写4WUB2841,16-bit Unsigned
5组_02号_扩展数据B,MODBUS RTU,4x,2842,昆仑ModbusRTU迁移地址；原昆仑变量:设备0_读写4WUB2842,16-bit Unsigned
5组_03号_扩展数据B,MODBUS RTU,4x,2843,昆仑ModbusRTU迁移地址；原昆仑变量:设备0_读写4WUB2843,16-bit Unsigned
5组_04号_扩展数据B,MODBUS RTU,4x,2844,昆仑ModbusRTU迁移地址；原昆仑变量:设备0_读写4WUB2844,16-bit Unsigned
5组_05号_扩展数据B,MODBUS RTU,4x,2845,昆仑ModbusRTU迁移地址；原昆仑变量:设备0_读写4WUB2845,16-bit Unsigned
5组_06号_扩展数据B,MODBUS RTU,4x,2846,昆仑ModbusRTU迁移地址；原昆仑变量:设备0_读写4WUB2846,16-bit Unsigned
5组_07号_扩展数据B,MODBUS RTU,4x,2847,昆仑ModbusRTU迁移地址；原昆仑变量:设备0_读写4WUB2847,16-bit Unsigned
5组_08号_扩展数据B,MODBUS RTU,4x,2848,昆仑ModbusRTU迁移地址；原昆仑变量:设备0_读写4WUB2848,16-bit Unsigned
5组_09号_扩展数据B,MODBUS RTU,4x,2849,昆仑ModbusRTU迁移地址；原昆仑变量:设备0_读写4WUB2849,16-bit Unsigned
5组_10号_扩展数据B,MODBUS RTU,4x,2850,昆仑ModbusRTU迁移地址；原昆仑变量:设备0_读写4WUB2850,16-bit Unsigned
5组_11号_扩展数据B,MODBUS RTU,4x,2851,昆仑ModbusRTU迁移地址；原昆仑变量:设备0_读写4WUB2851,16-bit Unsigned
5组_12号_扩展数据B,MODBUS RTU,4x,2852,昆仑ModbusRTU迁移地址；原昆仑变量:设备0_读写4WUB2852,16-bit Unsigned
5组_13号_扩展数据B,MODBUS RTU,4x,2853,昆仑ModbusRTU迁移地址；原昆仑变量:设备0_读写4WUB2853,16-bit Unsigned
5组_14号_扩展数据B,MODBUS RTU,4x,2854,昆仑ModbusRTU迁移地址；原昆仑变量:设备0_读写4WUB2854,16-bit Unsigned
5组_15号_扩展数据B,MODBUS RTU,4x,2855,昆仑ModbusRTU迁移地址；原昆仑变量:设备0_读写4WUB2855,16-bit Unsigned
5组_16号_扩展数据B,MODBUS RTU,4x,2856,昆仑ModbusRTU迁移地址；原昆仑变量:设备0_读写4WUB2856,16-bit Unsigned
5组_17号_扩展数据B,MODBUS RTU,4x,2857,昆仑ModbusRTU迁移地址；原昆仑变量:设备0_读写4WUB2857,16-bit Unsigned
5组_18号_扩展数据B,MODBUS RTU,4x,2858,昆仑ModbusRTU迁移地址；原昆仑变量:设备0_读写4WUB2858,16-bit Unsigned
5组_19号_扩展数据B,MODBUS RTU,4x,2859,昆仑ModbusRTU迁移地址；原昆仑变量:设备0_读写4WUB2859,16-bit Unsigned
5组_20号_扩展数据B,MODBUS RTU,4x,2860,昆仑ModbusRTU迁移地址；原昆仑变量:设备0_读写4WUB2860,16-bit Unsigned
5组_21号_扩展数据B,MODBUS RTU,4x,2861,昆仑ModbusRTU迁移地址；原昆仑变量:设备0_读写4WUB2861,16-bit Unsigned
5组_22号_扩展数据B,MODBUS RTU,4x,2862,昆仑ModbusRTU迁移地址；原昆仑变量:设备0_读写4WUB2862,16-bit Unsigned
5组_23号_扩展数据B,MODBUS RTU,4x,2863,昆仑ModbusRTU迁移地址；原昆仑变量:设备0_读写4WUB2863,16-bit Unsigned
5组_24号_扩展数据B,MODBUS RTU,4x,2864,昆仑ModbusRTU迁移地址；原昆仑变量:设备0_读写4WUB2864,16-bit Unsigned
5组_25号_扩展数据B,MODBUS RTU,4x,2865,昆仑ModbusRTU迁移地址；原昆仑变量:设备0_读写4WUB2865,16-bit Unsigned
5组_26号_扩展数据B,MODBUS RTU,4x,2866,昆仑ModbusRTU迁移地址；原昆仑变量:设备0_读写4WUB2866,16-bit Unsigned
5组_27号_扩展数据B,MODBUS RTU,4x,2867,昆仑ModbusRTU迁移地址；原昆仑变量:设备0_读写4WUB2867,16-bit Unsigned
5组_28号_扩展数据B,MODBUS RTU,4x,2868,昆仑ModbusRTU迁移地址；原昆仑变量:设备0_读写4WUB2868,16-bit Unsigned
5组_29号_扩展数据B,MODBUS RTU,4x,2869,昆仑ModbusRTU迁移地址；原昆仑变量:设备0_读写4WUB2869,16-bit Unsigned
5组_30号_扩展数据B,MODBUS RTU,4x,2870,昆仑ModbusRTU迁移地址；原昆仑变量:设备0_读写4WUB2870,16-bit Unsigned
5组_31号_扩展数据B,MODBUS RTU,4x,2871,昆仑ModbusRTU迁移地址；原昆仑变量:设备0_读写4WUB2871,16-bit Unsigned
5组_32号_扩展数据B,MODBUS RTU,4x,2872,昆仑ModbusRTU迁移地址；原昆仑变量:设备0_读写4WUB2872,16-bit Unsigned
5组_33号_扩展数据B,MODBUS RTU,4x,2873,昆仑ModbusRTU迁移地址；原昆仑变量:设备0_读写4WUB2873,16-bit Unsigned
5组_34号_扩展数据B,MODBUS RTU,4x,2874,昆仑ModbusRTU迁移地址；原昆仑变量:设备0_读写4WUB2874,16-bit Unsigned
5组_35号_扩展数据B,MODBUS RTU,4x,2875,昆仑ModbusRTU迁移地址；原昆仑变量:设备0_读写4WUB2875,16-bit Unsigned
5组_36号_扩展数据B,MODBUS RTU,4x,2876,昆仑ModbusRTU迁移地址；原昆仑变量:设备0_读写4WUB2876,16-bit Unsigned
5组_37号_扩展数据B,MODBUS RTU,4x,2877,昆仑ModbusRTU迁移地址；原昆仑变量:设备0_读写4WUB2877,16-bit Unsigned
5组_38号_扩展数据B,MODBUS RTU,4x,2878,昆仑ModbusRTU迁移地址；原昆仑变量:设备0_读写4WUB2878,16-bit Unsigned
5组_39号_扩展数据B,MODBUS RTU,4x,2879,昆仑ModbusRTU迁移地址；原昆仑变量:设备0_读写4WUB2879,16-bit Unsigned
5组_40号_扩展数据B,MODBUS RTU,4x,2880,昆仑ModbusRTU迁移地址；原昆仑变量:设备0_读写4WUB2880,16-bit Unsigned
5组_41号_扩展数据B,MODBUS RTU,4x,2881,昆仑ModbusRTU迁移地址；原昆仑变量:设备0_读写4WUB2881,16-bit Unsigned
5组_42号_扩展数据B,MODBUS RTU,4x,2882,昆仑ModbusRTU迁移地址；原昆仑变量:设备0_读写4WUB2882,16-bit Unsigned
5组_43号_扩展数据B,MODBUS RTU,4x,2883,昆仑ModbusRTU迁移地址；原昆仑变量:设备0_读写4WUB2883,16-bit Unsigned
5组_44号_扩展数据B,MODBUS RTU,4x,2884,昆仑ModbusRTU迁移地址；原昆仑变量:设备0_读写4WUB2884,16-bit Unsigned
5组_45号_扩展数据B,MODBUS RTU,4x,2885,昆仑ModbusRTU迁移地址；原昆仑变量:设备0_读写4WUB2885,16-bit Unsigned
5组_46号_扩展数据B,MODBUS RTU,4x,2886,昆仑ModbusRTU迁移地址；原昆仑变量:设备0_读写4WUB2886,16-bit Unsigned
5组_47号_扩展数据B,MODBUS RTU,4x,2887,昆仑ModbusRTU迁移地址；原昆仑变量:设备0_读写4WUB2887,16-bit Unsigned
5组_48号_扩展数据B,MODBUS RTU,4x,2888,昆仑ModbusRTU迁移地址；原昆仑变量:设备0_读写4WUB2888,16-bit Unsigned
5组_49号_扩展数据B,MODBUS RTU,4x,2889,昆仑ModbusRTU迁移地址；原昆仑变量:设备0_读写4WUB2889,16-bit Unsigned
5组_50号_扩展数据B,MODBUS RTU,4x,2890,昆仑ModbusRTU迁移地址；原昆仑变量:设备0_读写4WUB2890,16-bit Unsigned
5组_51号_扩展数据B,MODBUS RTU,4x,2891,昆仑ModbusRTU迁移地址；原昆仑变量:设备0_读写4WUB2891,16-bit Unsigned
5组_52号_扩展数据B,MODBUS RTU,4x,2892,昆仑ModbusRTU迁移地址；原昆仑变量:设备0_读写4WUB2892,16-bit Unsigned
5组_53号_扩展数据B,MODBUS RTU,4x,2893,昆仑ModbusRTU迁移地址；原昆仑变量:设备0_读写4WUB2893,16-bit Unsigned
5组_54号_扩展数据B,MODBUS RTU,4x,2894,昆仑ModbusRTU迁移地址；原昆仑变量:设备0_读写4WUB2894,16-bit Unsigned
5组_55号_扩展数据B,MODBUS RTU,4x,2895,昆仑ModbusRTU迁移地址；原昆仑变量:设备0_读写4WUB2895,16-bit Unsigned
5组_56号_扩展数据B,MODBUS RTU,4x,2896,昆仑ModbusRTU迁移地址；原昆仑变量:设备0_读写4WUB2896,16-bit Unsigned
5组_57号_扩展数据B,MODBUS RTU,4x,2897,昆仑ModbusRTU迁移地址；原昆仑变量:设备0_读写4WUB2897,16-bit Unsigned
5组_58号_扩展数据B,MODBUS RTU,4x,2898,昆仑ModbusRTU迁移地址；原昆仑变量:设备0_读写4WUB2898,16-bit Unsigned
5组_59号_扩展数据B,MODBUS RTU,4x,2899,昆仑ModbusRTU迁移地址；原昆仑变量:设备0_读写4WUB2899,16-bit Unsigned
5组_60号_扩展数据B,MODBUS RTU,4x,2900,昆仑ModbusRTU迁移地址；原昆仑变量:设备0_读写4WUB2900,16-bit Unsigned
1组_01号_扩展数据C,MODBUS RTU,4x,2901,昆仑ModbusRTU迁移地址；原昆仑变量:设备0_读写4WUB2901,16-bit Unsigned
1组_02号_扩展数据C,MODBUS RTU,4x,2902,昆仑ModbusRTU迁移地址；原昆仑变量:设备0_读写4WUB2902,16-bit Unsigned
1组_03号_扩展数据C,MODBUS RTU,4x,2903,昆仑ModbusRTU迁移地址；原昆仑变量:设备0_读写4WUB2903,16-bit Unsigned
1组_04号_扩展数据C,MODBUS RTU,4x,2904,昆仑ModbusRTU迁移地址；原昆仑变量:设备0_读写4WUB2904,16-bit Unsigned
1组_05号_扩展数据C,MODBUS RTU,4x,2905,昆仑ModbusRTU迁移地址；原昆仑变量:设备0_读写4WUB2905,16-bit Unsigned
1组_06号_扩展数据C,MODBUS RTU,4x,2906,昆仑ModbusRTU迁移地址；原昆仑变量:设备0_读写4WUB2906,16-bit Unsigned
1组_07号_扩展数据C,MODBUS RTU,4x,2907,昆仑ModbusRTU迁移地址；原昆仑变量:设备0_读写4WUB2907,16-bit Unsigned
1组_08号_扩展数据C,MODBUS RTU,4x,2908,昆仑ModbusRTU迁移地址；原昆仑变量:设备0_读写4WUB2908,16-bit Unsigned
1组_09号_扩展数据C,MODBUS RTU,4x,2909,昆仑ModbusRTU迁移地址；原昆仑变量:设备0_读写4WUB2909,16-bit Unsigned
1组_10号_扩展数据C,MODBUS RTU,4x,2910,昆仑ModbusRTU迁移地址；原昆仑变量:设备0_读写4WUB2910,16-bit Unsigned
1组_11号_扩展数据C,MODBUS RTU,4x,2911,昆仑ModbusRTU迁移地址；原昆仑变量:设备0_读写4WUB2911,16-bit Unsigned
1组_12号_扩展数据C,MODBUS RTU,4x,2912,昆仑ModbusRTU迁移地址；原昆仑变量:设备0_读写4WUB2912,16-bit Unsigned
1组_13号_扩展数据C,MODBUS RTU,4x,2913,昆仑ModbusRTU迁移地址；原昆仑变量:设备0_读写4WUB2913,16-bit Unsigned
1组_14号_扩展数据C,MODBUS RTU,4x,2914,昆仑ModbusRTU迁移地址；原昆仑变量:设备0_读写4WUB2914,16-bit Unsigned
1组_15号_扩展数据C,MODBUS RTU,4x,2915,昆仑ModbusRTU迁移地址；原昆仑变量:设备0_读写4WUB2915,16-bit Unsigned
1组_16号_扩展数据C,MODBUS RTU,4x,2916,昆仑ModbusRTU迁移地址；原昆仑变量:设备0_读写4WUB2916,16-bit Unsigned
1组_17号_扩展数据C,MODBUS RTU,4x,2917,昆仑ModbusRTU迁移地址；原昆仑变量:设备0_读写4WUB2917,16-bit Unsigned
1组_18号_扩展数据C,MODBUS RTU,4x,2918,昆仑ModbusRTU迁移地址；原昆仑变量:设备0_读写4WUB2918,16-bit Unsigned
1组_19号_扩展数据C,MODBUS RTU,4x,2919,昆仑ModbusRTU迁移地址；原昆仑变量:设备0_读写4WUB2919,16-bit Unsigned
1组_20号_扩展数据C,MODBUS RTU,4x,2920,昆仑ModbusRTU迁移地址；原昆仑变量:设备0_读写4WUB2920,16-bit Unsigned
1组_21号_扩展数据C,MODBUS RTU,4x,2921,昆仑ModbusRTU迁移地址；原昆仑变量:设备0_读写4WUB2921,16-bit Unsigned
1组_22号_扩展数据C,MODBUS RTU,4x,2922,昆仑ModbusRTU迁移地址；原昆仑变量:设备0_读写4WUB2922,16-bit Unsigned
1组_23号_扩展数据C,MODBUS RTU,4x,2923,昆仑ModbusRTU迁移地址；原昆仑变量:设备0_读写4WUB2923,16-bit Unsigned
1组_24号_扩展数据C,MODBUS RTU,4x,2924,昆仑ModbusRTU迁移地址；原昆仑变量:设备0_读写4WUB2924,16-bit Unsigned
1组_25号_扩展数据C,MODBUS RTU,4x,2925,昆仑ModbusRTU迁移地址；原昆仑变量:设备0_读写4WUB2925,16-bit Unsigned
1组_26号_扩展数据C,MODBUS RTU,4x,2926,昆仑ModbusRTU迁移地址；原昆仑变量:设备0_读写4WUB2926,16-bit Unsigned
1组_27号_扩展数据C,MODBUS RTU,4x,2927,昆仑ModbusRTU迁移地址；原昆仑变量:设备0_读写4WUB2927,16-bit Unsigned
1组_28号_扩展数据C,MODBUS RTU,4x,2928,昆仑ModbusRTU迁移地址；原昆仑变量:设备0_读写4WUB2928,16-bit Unsigned
1组_29号_扩展数据C,MODBUS RTU,4x,2929,昆仑ModbusRTU迁移地址；原昆仑变量:设备0_读写4WUB2929,16-bit Unsigned
1组_30号_扩展数据C,MODBUS RTU,4x,2930,昆仑ModbusRTU迁移地址；原昆仑变量:设备0_读写4WUB2930,16-bit Unsigned
1组_31号_扩展数据C,MODBUS RTU,4x,2931,昆仑ModbusRTU迁移地址；原昆仑变量:设备0_读写4WUB2931,16-bit Unsigned
1组_32号_扩展数据C,MODBUS RTU,4x,2932,昆仑ModbusRTU迁移地址；原昆仑变量:设备0_读写4WUB2932,16-bit Unsigned
1组_33号_扩展数据C,MODBUS RTU,4x,2933,昆仑ModbusRTU迁移地址；原昆仑变量:设备0_读写4WUB2933,16-bit Unsigned
1组_34号_扩展数据C,MODBUS RTU,4x,2934,昆仑ModbusRTU迁移地址；原昆仑变量:设备0_读写4WUB2934,16-bit Unsigned
1组_35号_扩展数据C,MODBUS RTU,4x,2935,昆仑ModbusRTU迁移地址；原昆仑变量:设备0_读写4WUB2935,16-bit Unsigned
1组_36号_扩展数据C,MODBUS RTU,4x,2936,昆仑ModbusRTU迁移地址；原昆仑变量:设备0_读写4WUB2936,16-bit Unsigned
1组_37号_扩展数据C,MODBUS RTU,4x,2937,昆仑ModbusRTU迁移地址；原昆仑变量:设备0_读写4WUB2937,16-bit Unsigned
1组_38号_扩展数据C,MODBUS RTU,4x,2938,昆仑ModbusRTU迁移地址；原昆仑变量:设备0_读写4WUB2938,16-bit Unsigned
1组_39号_扩展数据C,MODBUS RTU,4x,2939,昆仑ModbusRTU迁移地址；原昆仑变量:设备0_读写4WUB2939,16-bit Unsigned
1组_40号_扩展数据C,MODBUS RTU,4x,2940,昆仑ModbusRTU迁移地址；原昆仑变量:设备0_读写4WUB2940,16-bit Unsigned
1组_41号_扩展数据C,MODBUS RTU,4x,2941,昆仑ModbusRTU迁移地址；原昆仑变量:设备0_读写4WUB2941,16-bit Unsigned
1组_42号_扩展数据C,MODBUS RTU,4x,2942,昆仑ModbusRTU迁移地址；原昆仑变量:设备0_读写4WUB2942,16-bit Unsigned
1组_43号_扩展数据C,MODBUS RTU,4x,2943,昆仑ModbusRTU迁移地址；原昆仑变量:设备0_读写4WUB2943,16-bit Unsigned
1组_44号_扩展数据C,MODBUS RTU,4x,2944,昆仑ModbusRTU迁移地址；原昆仑变量:设备0_读写4WUB2944,16-bit Unsigned
1组_45号_扩展数据C,MODBUS RTU,4x,2945,昆仑ModbusRTU迁移地址；原昆仑变量:设备0_读写4WUB2945,16-bit Unsigned
1组_46号_扩展数据C,MODBUS RTU,4x,2946,昆仑ModbusRTU迁移地址；原昆仑变量:设备0_读写4WUB2946,16-bit Unsigned
1组_47号_扩展数据C,MODBUS RTU,4x,2947,昆仑ModbusRTU迁移地址；原昆仑变量:设备0_读写4WUB2947,16-bit Unsigned
1组_48号_扩展数据C,MODBUS RTU,4x,2948,昆仑ModbusRTU迁移地址；原昆仑变量:设备0_读写4WUB2948,16-bit Unsigned
1组_49号_扩展数据C,MODBUS RTU,4x,2949,昆仑ModbusRTU迁移地址；原昆仑变量:设备0_读写4WUB2949,16-bit Unsigned
1组_50号_扩展数据C,MODBUS RTU,4x,2950,昆仑ModbusRTU迁移地址；原昆仑变量:设备0_读写4WUB2950,16-bit Unsigned
1组_51号_扩展数据C,MODBUS RTU,4x,2951,昆仑ModbusRTU迁移地址；原昆仑变量:设备0_读写4WUB2951,16-bit Unsigned
1组_52号_扩展数据C,MODBUS RTU,4x,2952,昆仑ModbusRTU迁移地址；原昆仑变量:设备0_读写4WUB2952,16-bit Unsigned
1组_53号_扩展数据C,MODBUS RTU,4x,2953,昆仑ModbusRTU迁移地址；原昆仑变量:设备0_读写4WUB2953,16-bit Unsigned
1组_54号_扩展数据C,MODBUS RTU,4x,2954,昆仑ModbusRTU迁移地址；原昆仑变量:设备0_读写4WUB2954,16-bit Unsigned
1组_55号_扩展数据C,MODBUS RTU,4x,2955,昆仑ModbusRTU迁移地址；原昆仑变量:设备0_读写4WUB2955,16-bit Unsigned
1组_56号_扩展数据C,MODBUS RTU,4x,2956,昆仑ModbusRTU迁移地址；原昆仑变量:设备0_读写4WUB2956,16-bit Unsigned
1组_57号_扩展数据C,MODBUS RTU,4x,2957,昆仑ModbusRTU迁移地址；原昆仑变量:设备0_读写4WUB2957,16-bit Unsigned
1组_58号_扩展数据C,MODBUS RTU,4x,2958,昆仑ModbusRTU迁移地址；原昆仑变量:设备0_读写4WUB2958,16-bit Unsigned
1组_59号_扩展数据C,MODBUS RTU,4x,2959,昆仑ModbusRTU迁移地址；原昆仑变量:设备0_读写4WUB2959,16-bit Unsigned
1组_60号_扩展数据C,MODBUS RTU,4x,2960,昆仑ModbusRTU迁移地址；原昆仑变量:设备0_读写4WUB2960,16-bit Unsigned
2组_01号_扩展数据C,MODBUS RTU,4x,2961,昆仑ModbusRTU迁移地址；原昆仑变量:设备0_读写4WUB2961,16-bit Unsigned
2组_02号_扩展数据C,MODBUS RTU,4x,2962,昆仑ModbusRTU迁移地址；原昆仑变量:设备0_读写4WUB2962,16-bit Unsigned
2组_03号_扩展数据C,MODBUS RTU,4x,2963,昆仑ModbusRTU迁移地址；原昆仑变量:设备0_读写4WUB2963,16-bit Unsigned
2组_04号_扩展数据C,MODBUS RTU,4x,2964,昆仑ModbusRTU迁移地址；原昆仑变量:设备0_读写4WUB2964,16-bit Unsigned
2组_05号_扩展数据C,MODBUS RTU,4x,2965,昆仑ModbusRTU迁移地址；原昆仑变量:设备0_读写4WUB2965,16-bit Unsigned
2组_06号_扩展数据C,MODBUS RTU,4x,2966,昆仑ModbusRTU迁移地址；原昆仑变量:设备0_读写4WUB2966,16-bit Unsigned
2组_07号_扩展数据C,MODBUS RTU,4x,2967,昆仑ModbusRTU迁移地址；原昆仑变量:设备0_读写4WUB2967,16-bit Unsigned
2组_08号_扩展数据C,MODBUS RTU,4x,2968,昆仑ModbusRTU迁移地址；原昆仑变量:设备0_读写4WUB2968,16-bit Unsigned
2组_09号_扩展数据C,MODBUS RTU,4x,2969,昆仑ModbusRTU迁移地址；原昆仑变量:设备0_读写4WUB2969,16-bit Unsigned
2组_10号_扩展数据C,MODBUS RTU,4x,2970,昆仑ModbusRTU迁移地址；原昆仑变量:设备0_读写4WUB2970,16-bit Unsigned
2组_11号_扩展数据C,MODBUS RTU,4x,2971,昆仑ModbusRTU迁移地址；原昆仑变量:设备0_读写4WUB2971,16-bit Unsigned
2组_12号_扩展数据C,MODBUS RTU,4x,2972,昆仑ModbusRTU迁移地址；原昆仑变量:设备0_读写4WUB2972,16-bit Unsigned
2组_13号_扩展数据C,MODBUS RTU,4x,2973,昆仑ModbusRTU迁移地址；原昆仑变量:设备0_读写4WUB2973,16-bit Unsigned
2组_14号_扩展数据C,MODBUS RTU,4x,2974,昆仑ModbusRTU迁移地址；原昆仑变量:设备0_读写4WUB2974,16-bit Unsigned
2组_15号_扩展数据C,MODBUS RTU,4x,2975,昆仑ModbusRTU迁移地址；原昆仑变量:设备0_读写4WUB2975,16-bit Unsigned
2组_16号_扩展数据C,MODBUS RTU,4x,2976,昆仑ModbusRTU迁移地址；原昆仑变量:设备0_读写4WUB2976,16-bit Unsigned
2组_17号_扩展数据C,MODBUS RTU,4x,2977,昆仑ModbusRTU迁移地址；原昆仑变量:设备0_读写4WUB2977,16-bit Unsigned
2组_18号_扩展数据C,MODBUS RTU,4x,2978,昆仑ModbusRTU迁移地址；原昆仑变量:设备0_读写4WUB2978,16-bit Unsigned
2组_19号_扩展数据C,MODBUS RTU,4x,2979,昆仑ModbusRTU迁移地址；原昆仑变量:设备0_读写4WUB2979,16-bit Unsigned
2组_20号_扩展数据C,MODBUS RTU,4x,2980,昆仑ModbusRTU迁移地址；原昆仑变量:设备0_读写4WUB2980,16-bit Unsigned
2组_21号_扩展数据C,MODBUS RTU,4x,2981,昆仑ModbusRTU迁移地址；原昆仑变量:设备0_读写4WUB2981,16-bit Unsigned
2组_22号_扩展数据C,MODBUS RTU,4x,2982,昆仑ModbusRTU迁移地址；原昆仑变量:设备0_读写4WUB2982,16-bit Unsigned
2组_23号_扩展数据C,MODBUS RTU,4x,2983,昆仑ModbusRTU迁移地址；原昆仑变量:设备0_读写4WUB2983,16-bit Unsigned
2组_24号_扩展数据C,MODBUS RTU,4x,2984,昆仑ModbusRTU迁移地址；原昆仑变量:设备0_读写4WUB2984,16-bit Unsigned
2组_25号_扩展数据C,MODBUS RTU,4x,2985,昆仑ModbusRTU迁移地址；原昆仑变量:设备0_读写4WUB2985,16-bit Unsigned
2组_26号_扩展数据C,MODBUS RTU,4x,2986,昆仑ModbusRTU迁移地址；原昆仑变量:设备0_读写4WUB2986,16-bit Unsigned
2组_27号_扩展数据C,MODBUS RTU,4x,2987,昆仑ModbusRTU迁移地址；原昆仑变量:设备0_读写4WUB2987,16-bit Unsigned
2组_28号_扩展数据C,MODBUS RTU,4x,2988,昆仑ModbusRTU迁移地址；原昆仑变量:设备0_读写4WUB2988,16-bit Unsigned
2组_29号_扩展数据C,MODBUS RTU,4x,2989,昆仑ModbusRTU迁移地址；原昆仑变量:设备0_读写4WUB2989,16-bit Unsigned
2组_30号_扩展数据C,MODBUS RTU,4x,2990,昆仑ModbusRTU迁移地址；原昆仑变量:设备0_读写4WUB2990,16-bit Unsigned
2组_31号_扩展数据C,MODBUS RTU,4x,2991,昆仑ModbusRTU迁移地址；原昆仑变量:设备0_读写4WUB2991,16-bit Unsigned
2组_32号_扩展数据C,MODBUS RTU,4x,2992,昆仑ModbusRTU迁移地址；原昆仑变量:设备0_读写4WUB2992,16-bit Unsigned
2组_33号_扩展数据C,MODBUS RTU,4x,2993,昆仑ModbusRTU迁移地址；原昆仑变量:设备0_读写4WUB2993,16-bit Unsigned
2组_34号_扩展数据C,MODBUS RTU,4x,2994,昆仑ModbusRTU迁移地址；原昆仑变量:设备0_读写4WUB2994,16-bit Unsigned
2组_35号_扩展数据C,MODBUS RTU,4x,2995,昆仑ModbusRTU迁移地址；原昆仑变量:设备0_读写4WUB2995,16-bit Unsigned
2组_36号_扩展数据C,MODBUS RTU,4x,2996,昆仑ModbusRTU迁移地址；原昆仑变量:设备0_读写4WUB2996,16-bit Unsigned
2组_37号_扩展数据C,MODBUS RTU,4x,2997,昆仑ModbusRTU迁移地址；原昆仑变量:设备0_读写4WUB2997,16-bit Unsigned
2组_38号_扩展数据C,MODBUS RTU,4x,2998,昆仑ModbusRTU迁移地址；原昆仑变量:设备0_读写4WUB2998,16-bit Unsigned
2组_39号_扩展数据C,MODBUS RTU,4x,2999,昆仑ModbusRTU迁移地址；原昆仑变量:设备0_读写4WUB2999,16-bit Unsigned
2组_40号_扩展数据C,MODBUS RTU,4x,3000,昆仑ModbusRTU迁移地址；原昆仑变量:设备0_读写4WUB3000,16-bit Unsigned
2组_41号_扩展数据C,MODBUS RTU,4x,3001,昆仑ModbusRTU迁移地址；原昆仑变量:设备0_读写4WUB3001,16-bit Unsigned
2组_42号_扩展数据C,MODBUS RTU,4x,3002,昆仑ModbusRTU迁移地址；原昆仑变量:设备0_读写4WUB3002,16-bit Unsigned
2组_43号_扩展数据C,MODBUS RTU,4x,3003,昆仑ModbusRTU迁移地址；原昆仑变量:设备0_读写4WUB3003,16-bit Unsigned
2组_44号_扩展数据C,MODBUS RTU,4x,3004,昆仑ModbusRTU迁移地址；原昆仑变量:设备0_读写4WUB3004,16-bit Unsigned
2组_45号_扩展数据C,MODBUS RTU,4x,3005,昆仑ModbusRTU迁移地址；原昆仑变量:设备0_读写4WUB3005,16-bit Unsigned
2组_46号_扩展数据C,MODBUS RTU,4x,3006,昆仑ModbusRTU迁移地址；原昆仑变量:设备0_读写4WUB3006,16-bit Unsigned
2组_47号_扩展数据C,MODBUS RTU,4x,3007,昆仑ModbusRTU迁移地址；原昆仑变量:设备0_读写4WUB3007,16-bit Unsigned
2组_48号_扩展数据C,MODBUS RTU,4x,3008,昆仑ModbusRTU迁移地址；原昆仑变量:设备0_读写4WUB3008,16-bit Unsigned
2组_49号_扩展数据C,MODBUS RTU,4x,3009,昆仑ModbusRTU迁移地址；原昆仑变量:设备0_读写4WUB3009,16-bit Unsigned
2组_50号_扩展数据C,MODBUS RTU,4x,3010,昆仑ModbusRTU迁移地址；原昆仑变量:设备0_读写4WUB3010,16-bit Unsigned
2组_51号_扩展数据C,MODBUS RTU,4x,3011,昆仑ModbusRTU迁移地址；原昆仑变量:设备0_读写4WUB3011,16-bit Unsigned
2组_52号_扩展数据C,MODBUS RTU,4x,3012,昆仑ModbusRTU迁移地址；原昆仑变量:设备0_读写4WUB3012,16-bit Unsigned
2组_53号_扩展数据C,MODBUS RTU,4x,3013,昆仑ModbusRTU迁移地址；原昆仑变量:设备0_读写4WUB3013,16-bit Unsigned
2组_54号_扩展数据C,MODBUS RTU,4x,3014,昆仑ModbusRTU迁移地址；原昆仑变量:设备0_读写4WUB3014,16-bit Unsigned
2组_55号_扩展数据C,MODBUS RTU,4x,3015,昆仑ModbusRTU迁移地址；原昆仑变量:设备0_读写4WUB3015,16-bit Unsigned
2组_56号_扩展数据C,MODBUS RTU,4x,3016,昆仑ModbusRTU迁移地址；原昆仑变量:设备0_读写4WUB3016,16-bit Unsigned
2组_57号_扩展数据C,MODBUS RTU,4x,3017,昆仑ModbusRTU迁移地址；原昆仑变量:设备0_读写4WUB3017,16-bit Unsigned
2组_58号_扩展数据C,MODBUS RTU,4x,3018,昆仑ModbusRTU迁移地址；原昆仑变量:设备0_读写4WUB3018,16-bit Unsigned
2组_59号_扩展数据C,MODBUS RTU,4x,3019,昆仑ModbusRTU迁移地址；原昆仑变量:设备0_读写4WUB3019,16-bit Unsigned
2组_60号_扩展数据C,MODBUS RTU,4x,3020,昆仑ModbusRTU迁移地址；原昆仑变量:设备0_读写4WUB3020,16-bit Unsigned
3组_01号_扩展数据C,MODBUS RTU,4x,3021,昆仑ModbusRTU迁移地址；原昆仑变量:设备0_读写4WUB3021,16-bit Unsigned
3组_02号_扩展数据C,MODBUS RTU,4x,3022,昆仑ModbusRTU迁移地址；原昆仑变量:设备0_读写4WUB3022,16-bit Unsigned
3组_03号_扩展数据C,MODBUS RTU,4x,3023,昆仑ModbusRTU迁移地址；原昆仑变量:设备0_读写4WUB3023,16-bit Unsigned
3组_04号_扩展数据C,MODBUS RTU,4x,3024,昆仑ModbusRTU迁移地址；原昆仑变量:设备0_读写4WUB3024,16-bit Unsigned
3组_05号_扩展数据C,MODBUS RTU,4x,3025,昆仑ModbusRTU迁移地址；原昆仑变量:设备0_读写4WUB3025,16-bit Unsigned
3组_06号_扩展数据C,MODBUS RTU,4x,3026,昆仑ModbusRTU迁移地址；原昆仑变量:设备0_读写4WUB3026,16-bit Unsigned
3组_07号_扩展数据C,MODBUS RTU,4x,3027,昆仑ModbusRTU迁移地址；原昆仑变量:设备0_读写4WUB3027,16-bit Unsigned
3组_08号_扩展数据C,MODBUS RTU,4x,3028,昆仑ModbusRTU迁移地址；原昆仑变量:设备0_读写4WUB3028,16-bit Unsigned
3组_09号_扩展数据C,MODBUS RTU,4x,3029,昆仑ModbusRTU迁移地址；原昆仑变量:设备0_读写4WUB3029,16-bit Unsigned
3组_10号_扩展数据C,MODBUS RTU,4x,3030,昆仑ModbusRTU迁移地址；原昆仑变量:设备0_读写4WUB3030,16-bit Unsigned
3组_11号_扩展数据C,MODBUS RTU,4x,3031,昆仑ModbusRTU迁移地址；原昆仑变量:设备0_读写4WUB3031,16-bit Unsigned
3组_12号_扩展数据C,MODBUS RTU,4x,3032,昆仑ModbusRTU迁移地址；原昆仑变量:设备0_读写4WUB3032,16-bit Unsigned
3组_13号_扩展数据C,MODBUS RTU,4x,3033,昆仑ModbusRTU迁移地址；原昆仑变量:设备0_读写4WUB3033,16-bit Unsigned
3组_14号_扩展数据C,MODBUS RTU,4x,3034,昆仑ModbusRTU迁移地址；原昆仑变量:设备0_读写4WUB3034,16-bit Unsigned
3组_15号_扩展数据C,MODBUS RTU,4x,3035,昆仑ModbusRTU迁移地址；原昆仑变量:设备0_读写4WUB3035,16-bit Unsigned
3组_16号_扩展数据C,MODBUS RTU,4x,3036,昆仑ModbusRTU迁移地址；原昆仑变量:设备0_读写4WUB3036,16-bit Unsigned
3组_17号_扩展数据C,MODBUS RTU,4x,3037,昆仑ModbusRTU迁移地址；原昆仑变量:设备0_读写4WUB3037,16-bit Unsigned
3组_18号_扩展数据C,MODBUS RTU,4x,3038,昆仑ModbusRTU迁移地址；原昆仑变量:设备0_读写4WUB3038,16-bit Unsigned
3组_19号_扩展数据C,MODBUS RTU,4x,3039,昆仑ModbusRTU迁移地址；原昆仑变量:设备0_读写4WUB3039,16-bit Unsigned
3组_20号_扩展数据C,MODBUS RTU,4x,3040,昆仑ModbusRTU迁移地址；原昆仑变量:设备0_读写4WUB3040,16-bit Unsigned
3组_21号_扩展数据C,MODBUS RTU,4x,3041,昆仑ModbusRTU迁移地址；原昆仑变量:设备0_读写4WUB3041,16-bit Unsigned
3组_22号_扩展数据C,MODBUS RTU,4x,3042,昆仑ModbusRTU迁移地址；原昆仑变量:设备0_读写4WUB3042,16-bit Unsigned
3组_23号_扩展数据C,MODBUS RTU,4x,3043,昆仑ModbusRTU迁移地址；原昆仑变量:设备0_读写4WUB3043,16-bit Unsigned
3组_24号_扩展数据C,MODBUS RTU,4x,3044,昆仑ModbusRTU迁移地址；原昆仑变量:设备0_读写4WUB3044,16-bit Unsigned
3组_25号_扩展数据C,MODBUS RTU,4x,3045,昆仑ModbusRTU迁移地址；原昆仑变量:设备0_读写4WUB3045,16-bit Unsigned
3组_26号_扩展数据C,MODBUS RTU,4x,3046,昆仑ModbusRTU迁移地址；原昆仑变量:设备0_读写4WUB3046,16-bit Unsigned
3组_27号_扩展数据C,MODBUS RTU,4x,3047,昆仑ModbusRTU迁移地址；原昆仑变量:设备0_读写4WUB3047,16-bit Unsigned
3组_28号_扩展数据C,MODBUS RTU,4x,3048,昆仑ModbusRTU迁移地址；原昆仑变量:设备0_读写4WUB3048,16-bit Unsigned
3组_29号_扩展数据C,MODBUS RTU,4x,3049,昆仑ModbusRTU迁移地址；原昆仑变量:设备0_读写4WUB3049,16-bit Unsigned
3组_30号_扩展数据C,MODBUS RTU,4x,3050,昆仑ModbusRTU迁移地址；原昆仑变量:设备0_读写4WUB3050,16-bit Unsigned
3组_31号_扩展数据C,MODBUS RTU,4x,3051,昆仑ModbusRTU迁移地址；原昆仑变量:设备0_读写4WUB3051,16-bit Unsigned
3组_32号_扩展数据C,MODBUS RTU,4x,3052,昆仑ModbusRTU迁移地址；原昆仑变量:设备0_读写4WUB3052,16-bit Unsigned
3组_33号_扩展数据C,MODBUS RTU,4x,3053,昆仑ModbusRTU迁移地址；原昆仑变量:设备0_读写4WUB3053,16-bit Unsigned
3组_34号_扩展数据C,MODBUS RTU,4x,3054,昆仑ModbusRTU迁移地址；原昆仑变量:设备0_读写4WUB3054,16-bit Unsigned
3组_35号_扩展数据C,MODBUS RTU,4x,3055,昆仑ModbusRTU迁移地址；原昆仑变量:设备0_读写4WUB3055,16-bit Unsigned
3组_36号_扩展数据C,MODBUS RTU,4x,3056,昆仑ModbusRTU迁移地址；原昆仑变量:设备0_读写4WUB3056,16-bit Unsigned
3组_37号_扩展数据C,MODBUS RTU,4x,3057,昆仑ModbusRTU迁移地址；原昆仑变量:设备0_读写4WUB3057,16-bit Unsigned
3组_38号_扩展数据C,MODBUS RTU,4x,3058,昆仑ModbusRTU迁移地址；原昆仑变量:设备0_读写4WUB3058,16-bit Unsigned
3组_39号_扩展数据C,MODBUS RTU,4x,3059,昆仑ModbusRTU迁移地址；原昆仑变量:设备0_读写4WUB3059,16-bit Unsigned
3组_40号_扩展数据C,MODBUS RTU,4x,3060,昆仑ModbusRTU迁移地址；原昆仑变量:设备0_读写4WUB3060,16-bit Unsigned
3组_41号_扩展数据C,MODBUS RTU,4x,3061,昆仑ModbusRTU迁移地址；原昆仑变量:设备0_读写4WUB3061,16-bit Unsigned
3组_42号_扩展数据C,MODBUS RTU,4x,3062,昆仑ModbusRTU迁移地址；原昆仑变量:设备0_读写4WUB3062,16-bit Unsigned
3组_43号_扩展数据C,MODBUS RTU,4x,3063,昆仑ModbusRTU迁移地址；原昆仑变量:设备0_读写4WUB3063,16-bit Unsigned
3组_44号_扩展数据C,MODBUS RTU,4x,3064,昆仑ModbusRTU迁移地址；原昆仑变量:设备0_读写4WUB3064,16-bit Unsigned
3组_45号_扩展数据C,MODBUS RTU,4x,3065,昆仑ModbusRTU迁移地址；原昆仑变量:设备0_读写4WUB3065,16-bit Unsigned
3组_46号_扩展数据C,MODBUS RTU,4x,3066,昆仑ModbusRTU迁移地址；原昆仑变量:设备0_读写4WUB3066,16-bit Unsigned
3组_47号_扩展数据C,MODBUS RTU,4x,3067,昆仑ModbusRTU迁移地址；原昆仑变量:设备0_读写4WUB3067,16-bit Unsigned
3组_48号_扩展数据C,MODBUS RTU,4x,3068,昆仑ModbusRTU迁移地址；原昆仑变量:设备0_读写4WUB3068,16-bit Unsigned
3组_49号_扩展数据C,MODBUS RTU,4x,3069,昆仑ModbusRTU迁移地址；原昆仑变量:设备0_读写4WUB3069,16-bit Unsigned
3组_50号_扩展数据C,MODBUS RTU,4x,3070,昆仑ModbusRTU迁移地址；原昆仑变量:设备0_读写4WUB3070,16-bit Unsigned
3组_51号_扩展数据C,MODBUS RTU,4x,3071,昆仑ModbusRTU迁移地址；原昆仑变量:设备0_读写4WUB3071,16-bit Unsigned
3组_52号_扩展数据C,MODBUS RTU,4x,3072,昆仑ModbusRTU迁移地址；原昆仑变量:设备0_读写4WUB3072,16-bit Unsigned
3组_53号_扩展数据C,MODBUS RTU,4x,3073,昆仑ModbusRTU迁移地址；原昆仑变量:设备0_读写4WUB3073,16-bit Unsigned
3组_54号_扩展数据C,MODBUS RTU,4x,3074,昆仑ModbusRTU迁移地址；原昆仑变量:设备0_读写4WUB3074,16-bit Unsigned
3组_55号_扩展数据C,MODBUS RTU,4x,3075,昆仑ModbusRTU迁移地址；原昆仑变量:设备0_读写4WUB3075,16-bit Unsigned
3组_56号_扩展数据C,MODBUS RTU,4x,3076,昆仑ModbusRTU迁移地址；原昆仑变量:设备0_读写4WUB3076,16-bit Unsigned
3组_57号_扩展数据C,MODBUS RTU,4x,3077,昆仑ModbusRTU迁移地址；原昆仑变量:设备0_读写4WUB3077,16-bit Unsigned
3组_58号_扩展数据C,MODBUS RTU,4x,3078,昆仑ModbusRTU迁移地址；原昆仑变量:设备0_读写4WUB3078,16-bit Unsigned
3组_59号_扩展数据C,MODBUS RTU,4x,3079,昆仑ModbusRTU迁移地址；原昆仑变量:设备0_读写4WUB3079,16-bit Unsigned
3组_60号_扩展数据C,MODBUS RTU,4x,3080,昆仑ModbusRTU迁移地址；原昆仑变量:设备0_读写4WUB3080,16-bit Unsigned
4组_01号_扩展数据C,MODBUS RTU,4x,3081,昆仑ModbusRTU迁移地址；原昆仑变量:设备0_读写4WUB3081,16-bit Unsigned
4组_02号_扩展数据C,MODBUS RTU,4x,3082,昆仑ModbusRTU迁移地址；原昆仑变量:设备0_读写4WUB3082,16-bit Unsigned
4组_03号_扩展数据C,MODBUS RTU,4x,3083,昆仑ModbusRTU迁移地址；原昆仑变量:设备0_读写4WUB3083,16-bit Unsigned
4组_04号_扩展数据C,MODBUS RTU,4x,3084,昆仑ModbusRTU迁移地址；原昆仑变量:设备0_读写4WUB3084,16-bit Unsigned
4组_05号_扩展数据C,MODBUS RTU,4x,3085,昆仑ModbusRTU迁移地址；原昆仑变量:设备0_读写4WUB3085,16-bit Unsigned
4组_06号_扩展数据C,MODBUS RTU,4x,3086,昆仑ModbusRTU迁移地址；原昆仑变量:设备0_读写4WUB3086,16-bit Unsigned
4组_07号_扩展数据C,MODBUS RTU,4x,3087,昆仑ModbusRTU迁移地址；原昆仑变量:设备0_读写4WUB3087,16-bit Unsigned
4组_08号_扩展数据C,MODBUS RTU,4x,3088,昆仑ModbusRTU迁移地址；原昆仑变量:设备0_读写4WUB3088,16-bit Unsigned
4组_09号_扩展数据C,MODBUS RTU,4x,3089,昆仑ModbusRTU迁移地址；原昆仑变量:设备0_读写4WUB3089,16-bit Unsigned
4组_10号_扩展数据C,MODBUS RTU,4x,3090,昆仑ModbusRTU迁移地址；原昆仑变量:设备0_读写4WUB3090,16-bit Unsigned
4组_11号_扩展数据C,MODBUS RTU,4x,3091,昆仑ModbusRTU迁移地址；原昆仑变量:设备0_读写4WUB3091,16-bit Unsigned
4组_12号_扩展数据C,MODBUS RTU,4x,3092,昆仑ModbusRTU迁移地址；原昆仑变量:设备0_读写4WUB3092,16-bit Unsigned
4组_13号_扩展数据C,MODBUS RTU,4x,3093,昆仑ModbusRTU迁移地址；原昆仑变量:设备0_读写4WUB3093,16-bit Unsigned
4组_14号_扩展数据C,MODBUS RTU,4x,3094,昆仑ModbusRTU迁移地址；原昆仑变量:设备0_读写4WUB3094,16-bit Unsigned
4组_15号_扩展数据C,MODBUS RTU,4x,3095,昆仑ModbusRTU迁移地址；原昆仑变量:设备0_读写4WUB3095,16-bit Unsigned
4组_16号_扩展数据C,MODBUS RTU,4x,3096,昆仑ModbusRTU迁移地址；原昆仑变量:设备0_读写4WUB3096,16-bit Unsigned
4组_17号_扩展数据C,MODBUS RTU,4x,3097,昆仑ModbusRTU迁移地址；原昆仑变量:设备0_读写4WUB3097,16-bit Unsigned
4组_18号_扩展数据C,MODBUS RTU,4x,3098,昆仑ModbusRTU迁移地址；原昆仑变量:设备0_读写4WUB3098,16-bit Unsigned
4组_19号_扩展数据C,MODBUS RTU,4x,3099,昆仑ModbusRTU迁移地址；原昆仑变量:设备0_读写4WUB3099,16-bit Unsigned
4组_20号_扩展数据C,MODBUS RTU,4x,3100,昆仑ModbusRTU迁移地址；原昆仑变量:设备0_读写4WUB3100,16-bit Unsigned
4组_21号_扩展数据C,MODBUS RTU,4x,3101,昆仑ModbusRTU迁移地址；原昆仑变量:设备0_读写4WUB3101,16-bit Unsigned
4组_22号_扩展数据C,MODBUS RTU,4x,3102,昆仑ModbusRTU迁移地址；原昆仑变量:设备0_读写4WUB3102,16-bit Unsigned
4组_23号_扩展数据C,MODBUS RTU,4x,3103,昆仑ModbusRTU迁移地址；原昆仑变量:设备0_读写4WUB3103,16-bit Unsigned
4组_24号_扩展数据C,MODBUS RTU,4x,3104,昆仑ModbusRTU迁移地址；原昆仑变量:设备0_读写4WUB3104,16-bit Unsigned
4组_25号_扩展数据C,MODBUS RTU,4x,3105,昆仑ModbusRTU迁移地址；原昆仑变量:设备0_读写4WUB3105,16-bit Unsigned
4组_26号_扩展数据C,MODBUS RTU,4x,3106,昆仑ModbusRTU迁移地址；原昆仑变量:设备0_读写4WUB3106,16-bit Unsigned
4组_27号_扩展数据C,MODBUS RTU,4x,3107,昆仑ModbusRTU迁移地址；原昆仑变量:设备0_读写4WUB3107,16-bit Unsigned
4组_28号_扩展数据C,MODBUS RTU,4x,3108,昆仑ModbusRTU迁移地址；原昆仑变量:设备0_读写4WUB3108,16-bit Unsigned
4组_29号_扩展数据C,MODBUS RTU,4x,3109,昆仑ModbusRTU迁移地址；原昆仑变量:设备0_读写4WUB3109,16-bit Unsigned
4组_30号_扩展数据C,MODBUS RTU,4x,3110,昆仑ModbusRTU迁移地址；原昆仑变量:设备0_读写4WUB3110,16-bit Unsigned
4组_31号_扩展数据C,MODBUS RTU,4x,3111,昆仑ModbusRTU迁移地址；原昆仑变量:设备0_读写4WUB3111,16-bit Unsigned
4组_32号_扩展数据C,MODBUS RTU,4x,3112,昆仑ModbusRTU迁移地址；原昆仑变量:设备0_读写4WUB3112,16-bit Unsigned
4组_33号_扩展数据C,MODBUS RTU,4x,3113,昆仑ModbusRTU迁移地址；原昆仑变量:设备0_读写4WUB3113,16-bit Unsigned
4组_34号_扩展数据C,MODBUS RTU,4x,3114,昆仑ModbusRTU迁移地址；原昆仑变量:设备0_读写4WUB3114,16-bit Unsigned
4组_35号_扩展数据C,MODBUS RTU,4x,3115,昆仑ModbusRTU迁移地址；原昆仑变量:设备0_读写4WUB3115,16-bit Unsigned
4组_36号_扩展数据C,MODBUS RTU,4x,3116,昆仑ModbusRTU迁移地址；原昆仑变量:设备0_读写4WUB3116,16-bit Unsigned
4组_37号_扩展数据C,MODBUS RTU,4x,3117,昆仑ModbusRTU迁移地址；原昆仑变量:设备0_读写4WUB3117,16-bit Unsigned
4组_38号_扩展数据C,MODBUS RTU,4x,3118,昆仑ModbusRTU迁移地址；原昆仑变量:设备0_读写4WUB3118,16-bit Unsigned
4组_39号_扩展数据C,MODBUS RTU,4x,3119,昆仑ModbusRTU迁移地址；原昆仑变量:设备0_读写4WUB3119,16-bit Unsigned
4组_40号_扩展数据C,MODBUS RTU,4x,3120,昆仑ModbusRTU迁移地址；原昆仑变量:设备0_读写4WUB3120,16-bit Unsigned
4组_41号_扩展数据C,MODBUS RTU,4x,3121,昆仑ModbusRTU迁移地址；原昆仑变量:设备0_读写4WUB3121,16-bit Unsigned
4组_42号_扩展数据C,MODBUS RTU,4x,3122,昆仑ModbusRTU迁移地址；原昆仑变量:设备0_读写4WUB3122,16-bit Unsigned
4组_43号_扩展数据C,MODBUS RTU,4x,3123,昆仑ModbusRTU迁移地址；原昆仑变量:设备0_读写4WUB3123,16-bit Unsigned
4组_44号_扩展数据C,MODBUS RTU,4x,3124,昆仑ModbusRTU迁移地址；原昆仑变量:设备0_读写4WUB3124,16-bit Unsigned
4组_45号_扩展数据C,MODBUS RTU,4x,3125,昆仑ModbusRTU迁移地址；原昆仑变量:设备0_读写4WUB3125,16-bit Unsigned
4组_46号_扩展数据C,MODBUS RTU,4x,3126,昆仑ModbusRTU迁移地址；原昆仑变量:设备0_读写4WUB3126,16-bit Unsigned
4组_47号_扩展数据C,MODBUS RTU,4x,3127,昆仑ModbusRTU迁移地址；原昆仑变量:设备0_读写4WUB3127,16-bit Unsigned
4组_48号_扩展数据C,MODBUS RTU,4x,3128,昆仑ModbusRTU迁移地址；原昆仑变量:设备0_读写4WUB3128,16-bit Unsigned
4组_49号_扩展数据C,MODBUS RTU,4x,3129,昆仑ModbusRTU迁移地址；原昆仑变量:设备0_读写4WUB3129,16-bit Unsigned
4组_50号_扩展数据C,MODBUS RTU,4x,3130,昆仑ModbusRTU迁移地址；原昆仑变量:设备0_读写4WUB3130,16-bit Unsigned
4组_51号_扩展数据C,MODBUS RTU,4x,3131,昆仑ModbusRTU迁移地址；原昆仑变量:设备0_读写4WUB3131,16-bit Unsigned
4组_52号_扩展数据C,MODBUS RTU,4x,3132,昆仑ModbusRTU迁移地址；原昆仑变量:设备0_读写4WUB3132,16-bit Unsigned
4组_53号_扩展数据C,MODBUS RTU,4x,3133,昆仑ModbusRTU迁移地址；原昆仑变量:设备0_读写4WUB3133,16-bit Unsigned
4组_54号_扩展数据C,MODBUS RTU,4x,3134,昆仑ModbusRTU迁移地址；原昆仑变量:设备0_读写4WUB3134,16-bit Unsigned
4组_55号_扩展数据C,MODBUS RTU,4x,3135,昆仑ModbusRTU迁移地址；原昆仑变量:设备0_读写4WUB3135,16-bit Unsigned
4组_56号_扩展数据C,MODBUS RTU,4x,3136,昆仑ModbusRTU迁移地址；原昆仑变量:设备0_读写4WUB3136,16-bit Unsigned
4组_57号_扩展数据C,MODBUS RTU,4x,3137,昆仑ModbusRTU迁移地址；原昆仑变量:设备0_读写4WUB3137,16-bit Unsigned
4组_58号_扩展数据C,MODBUS RTU,4x,3138,昆仑ModbusRTU迁移地址；原昆仑变量:设备0_读写4WUB3138,16-bit Unsigned
4组_59号_扩展数据C,MODBUS RTU,4x,3139,昆仑ModbusRTU迁移地址；原昆仑变量:设备0_读写4WUB3139,16-bit Unsigned
4组_60号_扩展数据C,MODBUS RTU,4x,3140,昆仑ModbusRTU迁移地址；原昆仑变量:设备0_读写4WUB3140,16-bit Unsigned
5组_01号_扩展数据C,MODBUS RTU,4x,3141,昆仑ModbusRTU迁移地址；原昆仑变量:设备0_读写4WUB3141,16-bit Unsigned
5组_02号_扩展数据C,MODBUS RTU,4x,3142,昆仑ModbusRTU迁移地址；原昆仑变量:设备0_读写4WUB3142,16-bit Unsigned
5组_03号_扩展数据C,MODBUS RTU,4x,3143,昆仑ModbusRTU迁移地址；原昆仑变量:设备0_读写4WUB3143,16-bit Unsigned
5组_04号_扩展数据C,MODBUS RTU,4x,3144,昆仑ModbusRTU迁移地址；原昆仑变量:设备0_读写4WUB3144,16-bit Unsigned
5组_05号_扩展数据C,MODBUS RTU,4x,3145,昆仑ModbusRTU迁移地址；原昆仑变量:设备0_读写4WUB3145,16-bit Unsigned
5组_06号_扩展数据C,MODBUS RTU,4x,3146,昆仑ModbusRTU迁移地址；原昆仑变量:设备0_读写4WUB3146,16-bit Unsigned
5组_07号_扩展数据C,MODBUS RTU,4x,3147,昆仑ModbusRTU迁移地址；原昆仑变量:设备0_读写4WUB3147,16-bit Unsigned
5组_08号_扩展数据C,MODBUS RTU,4x,3148,昆仑ModbusRTU迁移地址；原昆仑变量:设备0_读写4WUB3148,16-bit Unsigned
5组_09号_扩展数据C,MODBUS RTU,4x,3149,昆仑ModbusRTU迁移地址；原昆仑变量:设备0_读写4WUB3149,16-bit Unsigned
5组_10号_扩展数据C,MODBUS RTU,4x,3150,昆仑ModbusRTU迁移地址；原昆仑变量:设备0_读写4WUB3150,16-bit Unsigned
5组_11号_扩展数据C,MODBUS RTU,4x,3151,昆仑ModbusRTU迁移地址；原昆仑变量:设备0_读写4WUB3151,16-bit Unsigned
5组_12号_扩展数据C,MODBUS RTU,4x,3152,昆仑ModbusRTU迁移地址；原昆仑变量:设备0_读写4WUB3152,16-bit Unsigned
5组_13号_扩展数据C,MODBUS RTU,4x,3153,昆仑ModbusRTU迁移地址；原昆仑变量:设备0_读写4WUB3153,16-bit Unsigned
5组_14号_扩展数据C,MODBUS RTU,4x,3154,昆仑ModbusRTU迁移地址；原昆仑变量:设备0_读写4WUB3154,16-bit Unsigned
5组_15号_扩展数据C,MODBUS RTU,4x,3155,昆仑ModbusRTU迁移地址；原昆仑变量:设备0_读写4WUB3155,16-bit Unsigned
5组_16号_扩展数据C,MODBUS RTU,4x,3156,昆仑ModbusRTU迁移地址；原昆仑变量:设备0_读写4WUB3156,16-bit Unsigned
5组_17号_扩展数据C,MODBUS RTU,4x,3157,昆仑ModbusRTU迁移地址；原昆仑变量:设备0_读写4WUB3157,16-bit Unsigned
5组_18号_扩展数据C,MODBUS RTU,4x,3158,昆仑ModbusRTU迁移地址；原昆仑变量:设备0_读写4WUB3158,16-bit Unsigned
5组_19号_扩展数据C,MODBUS RTU,4x,3159,昆仑ModbusRTU迁移地址；原昆仑变量:设备0_读写4WUB3159,16-bit Unsigned
5组_20号_扩展数据C,MODBUS RTU,4x,3160,昆仑ModbusRTU迁移地址；原昆仑变量:设备0_读写4WUB3160,16-bit Unsigned
5组_21号_扩展数据C,MODBUS RTU,4x,3161,昆仑ModbusRTU迁移地址；原昆仑变量:设备0_读写4WUB3161,16-bit Unsigned
5组_22号_扩展数据C,MODBUS RTU,4x,3162,昆仑ModbusRTU迁移地址；原昆仑变量:设备0_读写4WUB3162,16-bit Unsigned
5组_23号_扩展数据C,MODBUS RTU,4x,3163,昆仑ModbusRTU迁移地址；原昆仑变量:设备0_读写4WUB3163,16-bit Unsigned
5组_24号_扩展数据C,MODBUS RTU,4x,3164,昆仑ModbusRTU迁移地址；原昆仑变量:设备0_读写4WUB3164,16-bit Unsigned
5组_25号_扩展数据C,MODBUS RTU,4x,3165,昆仑ModbusRTU迁移地址；原昆仑变量:设备0_读写4WUB3165,16-bit Unsigned
5组_26号_扩展数据C,MODBUS RTU,4x,3166,昆仑ModbusRTU迁移地址；原昆仑变量:设备0_读写4WUB3166,16-bit Unsigned
5组_27号_扩展数据C,MODBUS RTU,4x,3167,昆仑ModbusRTU迁移地址；原昆仑变量:设备0_读写4WUB3167,16-bit Unsigned
5组_28号_扩展数据C,MODBUS RTU,4x,3168,昆仑ModbusRTU迁移地址；原昆仑变量:设备0_读写4WUB3168,16-bit Unsigned
5组_29号_扩展数据C,MODBUS RTU,4x,3169,昆仑ModbusRTU迁移地址；原昆仑变量:设备0_读写4WUB3169,16-bit Unsigned
5组_30号_扩展数据C,MODBUS RTU,4x,3170,昆仑ModbusRTU迁移地址；原昆仑变量:设备0_读写4WUB3170,16-bit Unsigned
5组_31号_扩展数据C,MODBUS RTU,4x,3171,昆仑ModbusRTU迁移地址；原昆仑变量:设备0_读写4WUB3171,16-bit Unsigned
5组_32号_扩展数据C,MODBUS RTU,4x,3172,昆仑ModbusRTU迁移地址；原昆仑变量:设备0_读写4WUB3172,16-bit Unsigned
5组_33号_扩展数据C,MODBUS RTU,4x,3173,昆仑ModbusRTU迁移地址；原昆仑变量:设备0_读写4WUB3173,16-bit Unsigned
5组_34号_扩展数据C,MODBUS RTU,4x,3174,昆仑ModbusRTU迁移地址；原昆仑变量:设备0_读写4WUB3174,16-bit Unsigned
5组_35号_扩展数据C,MODBUS RTU,4x,3175,昆仑ModbusRTU迁移地址；原昆仑变量:设备0_读写4WUB3175,16-bit Unsigned
5组_36号_扩展数据C,MODBUS RTU,4x,3176,昆仑ModbusRTU迁移地址；原昆仑变量:设备0_读写4WUB3176,16-bit Unsigned
5组_37号_扩展数据C,MODBUS RTU,4x,3177,昆仑ModbusRTU迁移地址；原昆仑变量:设备0_读写4WUB3177,16-bit Unsigned
5组_38号_扩展数据C,MODBUS RTU,4x,3178,昆仑ModbusRTU迁移地址；原昆仑变量:设备0_读写4WUB3178,16-bit Unsigned
5组_39号_扩展数据C,MODBUS RTU,4x,3179,昆仑ModbusRTU迁移地址；原昆仑变量:设备0_读写4WUB3179,16-bit Unsigned
5组_40号_扩展数据C,MODBUS RTU,4x,3180,昆仑ModbusRTU迁移地址；原昆仑变量:设备0_读写4WUB3180,16-bit Unsigned
5组_41号_扩展数据C,MODBUS RTU,4x,3181,昆仑ModbusRTU迁移地址；原昆仑变量:设备0_读写4WUB3181,16-bit Unsigned
5组_42号_扩展数据C,MODBUS RTU,4x,3182,昆仑ModbusRTU迁移地址；原昆仑变量:设备0_读写4WUB3182,16-bit Unsigned
5组_43号_扩展数据C,MODBUS RTU,4x,3183,昆仑ModbusRTU迁移地址；原昆仑变量:设备0_读写4WUB3183,16-bit Unsigned
5组_44号_扩展数据C,MODBUS RTU,4x,3184,昆仑ModbusRTU迁移地址；原昆仑变量:设备0_读写4WUB3184,16-bit Unsigned
5组_45号_扩展数据C,MODBUS RTU,4x,3185,昆仑ModbusRTU迁移地址；原昆仑变量:设备0_读写4WUB3185,16-bit Unsigned
5组_46号_扩展数据C,MODBUS RTU,4x,3186,昆仑ModbusRTU迁移地址；原昆仑变量:设备0_读写4WUB3186,16-bit Unsigned
5组_47号_扩展数据C,MODBUS RTU,4x,3187,昆仑ModbusRTU迁移地址；原昆仑变量:设备0_读写4WUB3187,16-bit Unsigned
5组_48号_扩展数据C,MODBUS RTU,4x,3188,昆仑ModbusRTU迁移地址；原昆仑变量:设备0_读写4WUB3188,16-bit Unsigned
5组_49号_扩展数据C,MODBUS RTU,4x,3189,昆仑ModbusRTU迁移地址；原昆仑变量:设备0_读写4WUB3189,16-bit Unsigned
5组_50号_扩展数据C,MODBUS RTU,4x,3190,昆仑ModbusRTU迁移地址；原昆仑变量:设备0_读写4WUB3190,16-bit Unsigned
5组_51号_扩展数据C,MODBUS RTU,4x,3191,昆仑ModbusRTU迁移地址；原昆仑变量:设备0_读写4WUB3191,16-bit Unsigned
5组_52号_扩展数据C,MODBUS RTU,4x,3192,昆仑ModbusRTU迁移地址；原昆仑变量:设备0_读写4WUB3192,16-bit Unsigned
5组_53号_扩展数据C,MODBUS RTU,4x,3193,昆仑ModbusRTU迁移地址；原昆仑变量:设备0_读写4WUB3193,16-bit Unsigned
5组_54号_扩展数据C,MODBUS RTU,4x,3194,昆仑ModbusRTU迁移地址；原昆仑变量:设备0_读写4WUB3194,16-bit Unsigned
5组_55号_扩展数据C,MODBUS RTU,4x,3195,昆仑ModbusRTU迁移地址；原昆仑变量:设备0_读写4WUB3195,16-bit Unsigned
5组_56号_扩展数据C,MODBUS RTU,4x,3196,昆仑ModbusRTU迁移地址；原昆仑变量:设备0_读写4WUB3196,16-bit Unsigned
5组_57号_扩展数据C,MODBUS RTU,4x,3197,昆仑ModbusRTU迁移地址；原昆仑变量:设备0_读写4WUB3197,16-bit Unsigned
5组_58号_扩展数据C,MODBUS RTU,4x,3198,昆仑ModbusRTU迁移地址；原昆仑变量:设备0_读写4WUB3198,16-bit Unsigned
5组_59号_扩展数据C,MODBUS RTU,4x,3199,昆仑ModbusRTU迁移地址；原昆仑变量:设备0_读写4WUB3199,16-bit Unsigned
5组_60号_扩展数据C,MODBUS RTU,4x,3200,昆仑ModbusRTU迁移地址；原昆仑变量:设备0_读写4WUB3200,16-bit Unsigned
1组_01号_扩展数据D,MODBUS RTU,4x,3201,昆仑ModbusRTU迁移地址；原昆仑变量:设备0_读写4WUB3201,16-bit Unsigned
1组_02号_扩展数据D,MODBUS RTU,4x,3202,昆仑ModbusRTU迁移地址；原昆仑变量:设备0_读写4WUB3202,16-bit Unsigned
1组_03号_扩展数据D,MODBUS RTU,4x,3203,昆仑ModbusRTU迁移地址；原昆仑变量:设备0_读写4WUB3203,16-bit Unsigned
1组_04号_扩展数据D,MODBUS RTU,4x,3204,昆仑ModbusRTU迁移地址；原昆仑变量:设备0_读写4WUB3204,16-bit Unsigned
1组_05号_扩展数据D,MODBUS RTU,4x,3205,昆仑ModbusRTU迁移地址；原昆仑变量:设备0_读写4WUB3205,16-bit Unsigned
1组_06号_扩展数据D,MODBUS RTU,4x,3206,昆仑ModbusRTU迁移地址；原昆仑变量:设备0_读写4WUB3206,16-bit Unsigned
1组_07号_扩展数据D,MODBUS RTU,4x,3207,昆仑ModbusRTU迁移地址；原昆仑变量:设备0_读写4WUB3207,16-bit Unsigned
1组_08号_扩展数据D,MODBUS RTU,4x,3208,昆仑ModbusRTU迁移地址；原昆仑变量:设备0_读写4WUB3208,16-bit Unsigned
1组_09号_扩展数据D,MODBUS RTU,4x,3209,昆仑ModbusRTU迁移地址；原昆仑变量:设备0_读写4WUB3209,16-bit Unsigned
1组_10号_扩展数据D,MODBUS RTU,4x,3210,昆仑ModbusRTU迁移地址；原昆仑变量:设备0_读写4WUB3210,16-bit Unsigned
1组_11号_扩展数据D,MODBUS RTU,4x,3211,昆仑ModbusRTU迁移地址；原昆仑变量:设备0_读写4WUB3211,16-bit Unsigned
1组_12号_扩展数据D,MODBUS RTU,4x,3212,昆仑ModbusRTU迁移地址；原昆仑变量:设备0_读写4WUB3212,16-bit Unsigned
1组_13号_扩展数据D,MODBUS RTU,4x,3213,昆仑ModbusRTU迁移地址；原昆仑变量:设备0_读写4WUB3213,16-bit Unsigned
1组_14号_扩展数据D,MODBUS RTU,4x,3214,昆仑ModbusRTU迁移地址；原昆仑变量:设备0_读写4WUB3214,16-bit Unsigned
1组_15号_扩展数据D,MODBUS RTU,4x,3215,昆仑ModbusRTU迁移地址；原昆仑变量:设备0_读写4WUB3215,16-bit Unsigned
1组_16号_扩展数据D,MODBUS RTU,4x,3216,昆仑ModbusRTU迁移地址；原昆仑变量:设备0_读写4WUB3216,16-bit Unsigned
1组_17号_扩展数据D,MODBUS RTU,4x,3217,昆仑ModbusRTU迁移地址；原昆仑变量:设备0_读写4WUB3217,16-bit Unsigned
1组_18号_扩展数据D,MODBUS RTU,4x,3218,昆仑ModbusRTU迁移地址；原昆仑变量:设备0_读写4WUB3218,16-bit Unsigned
1组_19号_扩展数据D,MODBUS RTU,4x,3219,昆仑ModbusRTU迁移地址；原昆仑变量:设备0_读写4WUB3219,16-bit Unsigned
1组_20号_扩展数据D,MODBUS RTU,4x,3220,昆仑ModbusRTU迁移地址；原昆仑变量:设备0_读写4WUB3220,16-bit Unsigned
1组_21号_扩展数据D,MODBUS RTU,6x,3221,昆仑ModbusRTU迁移地址；原昆仑变量:设备0_读写4WUB3221,16-bit Unsigned
1组_22号_扩展数据D,MODBUS RTU,6x,3222,昆仑ModbusRTU迁移地址；原昆仑变量:设备0_读写4WUB3222,16-bit Unsigned
1组_23号_扩展数据D,MODBUS RTU,6x,3223,昆仑ModbusRTU迁移地址；原昆仑变量:设备0_读写4WUB3223,16-bit Unsigned
1组_24号_扩展数据D,MODBUS RTU,6x,3224,昆仑ModbusRTU迁移地址；原昆仑变量:设备0_读写4WUB3224,16-bit Unsigned
1组_25号_扩展数据D,MODBUS RTU,6x,3225,昆仑ModbusRTU迁移地址；原昆仑变量:设备0_读写4WUB3225,16-bit Unsigned
1组_26号_扩展数据D,MODBUS RTU,6x,3226,昆仑ModbusRTU迁移地址；原昆仑变量:设备0_读写4WUB3226,16-bit Unsigned
1组_27号_扩展数据D,MODBUS RTU,6x,3227,昆仑ModbusRTU迁移地址；原昆仑变量:设备0_读写4WUB3227,16-bit Unsigned
1组_28号_扩展数据D,MODBUS RTU,6x,3228,昆仑ModbusRTU迁移地址；原昆仑变量:设备0_读写4WUB3228,16-bit Unsigned
1组_29号_扩展数据D,MODBUS RTU,6x,3229,昆仑ModbusRTU迁移地址；原昆仑变量:设备0_读写4WUB3229,16-bit Unsigned
1组_30号_扩展数据D,MODBUS RTU,6x,3230,昆仑ModbusRTU迁移地址；原昆仑变量:设备0_读写4WUB3230,16-bit Unsigned
1组_31号_扩展数据D,MODBUS RTU,6x,3231,昆仑ModbusRTU迁移地址；原昆仑变量:设备0_读写4WUB3231,16-bit Unsigned
1组_32号_扩展数据D,MODBUS RTU,6x,3232,昆仑ModbusRTU迁移地址；原昆仑变量:设备0_读写4WUB3232,16-bit Unsigned
1组_33号_扩展数据D,MODBUS RTU,6x,3233,昆仑ModbusRTU迁移地址；原昆仑变量:设备0_读写4WUB3233,16-bit Unsigned
1组_34号_扩展数据D,MODBUS RTU,6x,3234,昆仑ModbusRTU迁移地址；原昆仑变量:设备0_读写4WUB3234,16-bit Unsigned
1组_35号_扩展数据D,MODBUS RTU,6x,3235,昆仑ModbusRTU迁移地址；原昆仑变量:设备0_读写4WUB3235,16-bit Unsigned
1组_36号_扩展数据D,MODBUS RTU,6x,3236,昆仑ModbusRTU迁移地址；原昆仑变量:设备0_读写4WUB3236,16-bit Unsigned
1组_37号_扩展数据D,MODBUS RTU,6x,3237,昆仑ModbusRTU迁移地址；原昆仑变量:设备0_读写4WUB3237,16-bit Unsigned
1组_38号_扩展数据D,MODBUS RTU,6x,3238,昆仑ModbusRTU迁移地址；原昆仑变量:设备0_读写4WUB3238,16-bit Unsigned
1组_39号_扩展数据D,MODBUS RTU,6x,3239,昆仑ModbusRTU迁移地址；原昆仑变量:设备0_读写4WUB3239,16-bit Unsigned
1组_40号_扩展数据D,MODBUS RTU,6x,3240,昆仑ModbusRTU迁移地址；原昆仑变量:设备0_读写4WUB3240,16-bit Unsigned
1组_41号_扩展数据D,MODBUS RTU,6x,3241,昆仑ModbusRTU迁移地址；原昆仑变量:设备0_读写4WUB3241,16-bit Unsigned
1组_42号_扩展数据D,MODBUS RTU,6x,3242,昆仑ModbusRTU迁移地址；原昆仑变量:设备0_读写4WUB3242,16-bit Unsigned
1组_43号_扩展数据D,MODBUS RTU,6x,3243,昆仑ModbusRTU迁移地址；原昆仑变量:设备0_读写4WUB3243,16-bit Unsigned
1组_44号_扩展数据D,MODBUS RTU,6x,3244,昆仑ModbusRTU迁移地址；原昆仑变量:设备0_读写4WUB3244,16-bit Unsigned
1组_45号_扩展数据D,MODBUS RTU,6x,3245,昆仑ModbusRTU迁移地址；原昆仑变量:设备0_读写4WUB3245,16-bit Unsigned
1组_46号_扩展数据D,MODBUS RTU,6x,3246,昆仑ModbusRTU迁移地址；原昆仑变量:设备0_读写4WUB3246,16-bit Unsigned
1组_47号_扩展数据D,MODBUS RTU,6x,3247,昆仑ModbusRTU迁移地址；原昆仑变量:设备0_读写4WUB3247,16-bit Unsigned
1组_48号_扩展数据D,MODBUS RTU,6x,3248,昆仑ModbusRTU迁移地址；原昆仑变量:设备0_读写4WUB3248,16-bit Unsigned
1组_49号_扩展数据D,MODBUS RTU,6x,3249,昆仑ModbusRTU迁移地址；原昆仑变量:设备0_读写4WUB3249,16-bit Unsigned
1组_50号_扩展数据D,MODBUS RTU,6x,3250,昆仑ModbusRTU迁移地址；原昆仑变量:设备0_读写4WUB3250,16-bit Unsigned
1组_51号_扩展数据D,MODBUS RTU,6x,3251,昆仑ModbusRTU迁移地址；原昆仑变量:设备0_读写4WUB3251,16-bit Unsigned
1组_52号_扩展数据D,MODBUS RTU,6x,3252,昆仑ModbusRTU迁移地址；原昆仑变量:设备0_读写4WUB3252,16-bit Unsigned
1组_53号_扩展数据D,MODBUS RTU,6x,3253,昆仑ModbusRTU迁移地址；原昆仑变量:设备0_读写4WUB3253,16-bit Unsigned
1组_54号_扩展数据D,MODBUS RTU,6x,3254,昆仑ModbusRTU迁移地址；原昆仑变量:设备0_读写4WUB3254,16-bit Unsigned
1组_55号_扩展数据D,MODBUS RTU,6x,3255,昆仑ModbusRTU迁移地址；原昆仑变量:设备0_读写4WUB3255,16-bit Unsigned
1组_56号_扩展数据D,MODBUS RTU,6x,3256,昆仑ModbusRTU迁移地址；原昆仑变量:设备0_读写4WUB3256,16-bit Unsigned
1组_57号_扩展数据D,MODBUS RTU,6x,3257,昆仑ModbusRTU迁移地址；原昆仑变量:设备0_读写4WUB3257,16-bit Unsigned
1组_58号_扩展数据D,MODBUS RTU,6x,3258,昆仑ModbusRTU迁移地址；原昆仑变量:设备0_读写4WUB3258,16-bit Unsigned
1组_59号_扩展数据D,MODBUS RTU,6x,3259,昆仑ModbusRTU迁移地址；原昆仑变量:设备0_读写4WUB3259,16-bit Unsigned
1组_60号_扩展数据D,MODBUS RTU,6x,3260,昆仑ModbusRTU迁移地址；原昆仑变量:设备0_读写4WUB3260,16-bit Unsigned
2组_01号_扩展数据D,MODBUS RTU,6x,3261,昆仑ModbusRTU迁移地址；原昆仑变量:设备0_读写4WUB3261,16-bit Unsigned
2组_02号_扩展数据D,MODBUS RTU,6x,3262,昆仑ModbusRTU迁移地址；原昆仑变量:设备0_读写4WUB3262,16-bit Unsigned
2组_03号_扩展数据D,MODBUS RTU,6x,3263,昆仑ModbusRTU迁移地址；原昆仑变量:设备0_读写4WUB3263,16-bit Unsigned
2组_04号_扩展数据D,MODBUS RTU,6x,3264,昆仑ModbusRTU迁移地址；原昆仑变量:设备0_读写4WUB3264,16-bit Unsigned
2组_05号_扩展数据D,MODBUS RTU,6x,3265,昆仑ModbusRTU迁移地址；原昆仑变量:设备0_读写4WUB3265,16-bit Unsigned
2组_06号_扩展数据D,MODBUS RTU,6x,3266,昆仑ModbusRTU迁移地址；原昆仑变量:设备0_读写4WUB3266,16-bit Unsigned
2组_07号_扩展数据D,MODBUS RTU,6x,3267,昆仑ModbusRTU迁移地址；原昆仑变量:设备0_读写4WUB3267,16-bit Unsigned
2组_08号_扩展数据D,MODBUS RTU,6x,3268,昆仑ModbusRTU迁移地址；原昆仑变量:设备0_读写4WUB3268,16-bit Unsigned
2组_09号_扩展数据D,MODBUS RTU,6x,3269,昆仑ModbusRTU迁移地址；原昆仑变量:设备0_读写4WUB3269,16-bit Unsigned
2组_10号_扩展数据D,MODBUS RTU,6x,3270,昆仑ModbusRTU迁移地址；原昆仑变量:设备0_读写4WUB3270,16-bit Unsigned
2组_11号_扩展数据D,MODBUS RTU,6x,3271,昆仑ModbusRTU迁移地址；原昆仑变量:设备0_读写4WUB3271,16-bit Unsigned
2组_12号_扩展数据D,MODBUS RTU,6x,3272,昆仑ModbusRTU迁移地址；原昆仑变量:设备0_读写4WUB3272,16-bit Unsigned
2组_13号_扩展数据D,MODBUS RTU,6x,3273,昆仑ModbusRTU迁移地址；原昆仑变量:设备0_读写4WUB3273,16-bit Unsigned
2组_14号_扩展数据D,MODBUS RTU,6x,3274,昆仑ModbusRTU迁移地址；原昆仑变量:设备0_读写4WUB3274,16-bit Unsigned
2组_15号_扩展数据D,MODBUS RTU,6x,3275,昆仑ModbusRTU迁移地址；原昆仑变量:设备0_读写4WUB3275,16-bit Unsigned
2组_16号_扩展数据D,MODBUS RTU,6x,3276,昆仑ModbusRTU迁移地址；原昆仑变量:设备0_读写4WUB3276,16-bit Unsigned
2组_17号_扩展数据D,MODBUS RTU,6x,3277,昆仑ModbusRTU迁移地址；原昆仑变量:设备0_读写4WUB3277,16-bit Unsigned
2组_18号_扩展数据D,MODBUS RTU,6x,3278,昆仑ModbusRTU迁移地址；原昆仑变量:设备0_读写4WUB3278,16-bit Unsigned
2组_19号_扩展数据D,MODBUS RTU,6x,3279,昆仑ModbusRTU迁移地址；原昆仑变量:设备0_读写4WUB3279,16-bit Unsigned
2组_20号_扩展数据D,MODBUS RTU,6x,3280,昆仑ModbusRTU迁移地址；原昆仑变量:设备0_读写4WUB3280,16-bit Unsigned
2组_21号_扩展数据D,MODBUS RTU,6x,3281,昆仑ModbusRTU迁移地址；原昆仑变量:设备0_读写4WUB3281,16-bit Unsigned
2组_22号_扩展数据D,MODBUS RTU,6x,3282,昆仑ModbusRTU迁移地址；原昆仑变量:设备0_读写4WUB3282,16-bit Unsigned
2组_23号_扩展数据D,MODBUS RTU,6x,3283,昆仑ModbusRTU迁移地址；原昆仑变量:设备0_读写4WUB3283,16-bit Unsigned
2组_24号_扩展数据D,MODBUS RTU,6x,3284,昆仑ModbusRTU迁移地址；原昆仑变量:设备0_读写4WUB3284,16-bit Unsigned
2组_25号_扩展数据D,MODBUS RTU,6x,3285,昆仑ModbusRTU迁移地址；原昆仑变量:设备0_读写4WUB3285,16-bit Unsigned
2组_26号_扩展数据D,MODBUS RTU,6x,3286,昆仑ModbusRTU迁移地址；原昆仑变量:设备0_读写4WUB3286,16-bit Unsigned
2组_27号_扩展数据D,MODBUS RTU,6x,3287,昆仑ModbusRTU迁移地址；原昆仑变量:设备0_读写4WUB3287,16-bit Unsigned
2组_28号_扩展数据D,MODBUS RTU,6x,3288,昆仑ModbusRTU迁移地址；原昆仑变量:设备0_读写4WUB3288,16-bit Unsigned
2组_29号_扩展数据D,MODBUS RTU,6x,3289,昆仑ModbusRTU迁移地址；原昆仑变量:设备0_读写4WUB3289,16-bit Unsigned
2组_30号_扩展数据D,MODBUS RTU,6x,3290,昆仑ModbusRTU迁移地址；原昆仑变量:设备0_读写4WUB3290,16-bit Unsigned
2组_31号_扩展数据D,MODBUS RTU,6x,3291,昆仑ModbusRTU迁移地址；原昆仑变量:设备0_读写4WUB3291,16-bit Unsigned
2组_32号_扩展数据D,MODBUS RTU,6x,3292,昆仑ModbusRTU迁移地址；原昆仑变量:设备0_读写4WUB3292,16-bit Unsigned
2组_33号_扩展数据D,MODBUS RTU,6x,3293,昆仑ModbusRTU迁移地址；原昆仑变量:设备0_读写4WUB3293,16-bit Unsigned
2组_34号_扩展数据D,MODBUS RTU,6x,3294,昆仑ModbusRTU迁移地址；原昆仑变量:设备0_读写4WUB3294,16-bit Unsigned
2组_35号_扩展数据D,MODBUS RTU,6x,3295,昆仑ModbusRTU迁移地址；原昆仑变量:设备0_读写4WUB3295,16-bit Unsigned
2组_36号_扩展数据D,MODBUS RTU,6x,3296,昆仑ModbusRTU迁移地址；原昆仑变量:设备0_读写4WUB3296,16-bit Unsigned
2组_37号_扩展数据D,MODBUS RTU,6x,3297,昆仑ModbusRTU迁移地址；原昆仑变量:设备0_读写4WUB3297,16-bit Unsigned
2组_38号_扩展数据D,MODBUS RTU,6x,3298,昆仑ModbusRTU迁移地址；原昆仑变量:设备0_读写4WUB3298,16-bit Unsigned
2组_39号_扩展数据D,MODBUS RTU,6x,3299,昆仑ModbusRTU迁移地址；原昆仑变量:设备0_读写4WUB3299,16-bit Unsigned
2组_40号_扩展数据D,MODBUS RTU,6x,3300,昆仑ModbusRTU迁移地址；原昆仑变量:设备0_读写4WUB3300,16-bit Unsigned
2组_41号_扩展数据D,MODBUS RTU,6x,3301,昆仑ModbusRTU迁移地址；原昆仑变量:设备0_读写4WUB3301,16-bit Unsigned
2组_42号_扩展数据D,MODBUS RTU,6x,3302,昆仑ModbusRTU迁移地址；原昆仑变量:设备0_读写4WUB3302,16-bit Unsigned
2组_43号_扩展数据D,MODBUS RTU,6x,3303,昆仑ModbusRTU迁移地址；原昆仑变量:设备0_读写4WUB3303,16-bit Unsigned
2组_44号_扩展数据D,MODBUS RTU,6x,3304,昆仑ModbusRTU迁移地址；原昆仑变量:设备0_读写4WUB3304,16-bit Unsigned
2组_45号_扩展数据D,MODBUS RTU,6x,3305,昆仑ModbusRTU迁移地址；原昆仑变量:设备0_读写4WUB3305,16-bit Unsigned
2组_46号_扩展数据D,MODBUS RTU,6x,3306,昆仑ModbusRTU迁移地址；原昆仑变量:设备0_读写4WUB3306,16-bit Unsigned
2组_47号_扩展数据D,MODBUS RTU,6x,3307,昆仑ModbusRTU迁移地址；原昆仑变量:设备0_读写4WUB3307,16-bit Unsigned
2组_48号_扩展数据D,MODBUS RTU,6x,3308,昆仑ModbusRTU迁移地址；原昆仑变量:设备0_读写4WUB3308,16-bit Unsigned
2组_49号_扩展数据D,MODBUS RTU,6x,3309,昆仑ModbusRTU迁移地址；原昆仑变量:设备0_读写4WUB3309,16-bit Unsigned
2组_50号_扩展数据D,MODBUS RTU,6x,3310,昆仑ModbusRTU迁移地址；原昆仑变量:设备0_读写4WUB3310,16-bit Unsigned
2组_51号_扩展数据D,MODBUS RTU,6x,3311,昆仑ModbusRTU迁移地址；原昆仑变量:设备0_读写4WUB3311,16-bit Unsigned
2组_52号_扩展数据D,MODBUS RTU,6x,3312,昆仑ModbusRTU迁移地址；原昆仑变量:设备0_读写4WUB3312,16-bit Unsigned
2组_53号_扩展数据D,MODBUS RTU,6x,3313,昆仑ModbusRTU迁移地址；原昆仑变量:设备0_读写4WUB3313,16-bit Unsigned
2组_54号_扩展数据D,MODBUS RTU,6x,3314,昆仑ModbusRTU迁移地址；原昆仑变量:设备0_读写4WUB3314,16-bit Unsigned
2组_55号_扩展数据D,MODBUS RTU,6x,3315,昆仑ModbusRTU迁移地址；原昆仑变量:设备0_读写4WUB3315,16-bit Unsigned
2组_56号_扩展数据D,MODBUS RTU,6x,3316,昆仑ModbusRTU迁移地址；原昆仑变量:设备0_读写4WUB3316,16-bit Unsigned
2组_57号_扩展数据D,MODBUS RTU,6x,3317,昆仑ModbusRTU迁移地址；原昆仑变量:设备0_读写4WUB3317,16-bit Unsigned
2组_58号_扩展数据D,MODBUS RTU,6x,3318,昆仑ModbusRTU迁移地址；原昆仑变量:设备0_读写4WUB3318,16-bit Unsigned
2组_59号_扩展数据D,MODBUS RTU,6x,3319,昆仑ModbusRTU迁移地址；原昆仑变量:设备0_读写4WUB3319,16-bit Unsigned
2组_60号_扩展数据D,MODBUS RTU,6x,3320,昆仑ModbusRTU迁移地址；原昆仑变量:设备0_读写4WUB3320,16-bit Unsigned
3组_01号_扩展数据D,MODBUS RTU,6x,3321,昆仑ModbusRTU迁移地址；原昆仑变量:设备0_读写4WUB3321,16-bit Unsigned
3组_02号_扩展数据D,MODBUS RTU,6x,3322,昆仑ModbusRTU迁移地址；原昆仑变量:设备0_读写4WUB3322,16-bit Unsigned
3组_03号_扩展数据D,MODBUS RTU,6x,3323,昆仑ModbusRTU迁移地址；原昆仑变量:设备0_读写4WUB3323,16-bit Unsigned
3组_04号_扩展数据D,MODBUS RTU,6x,3324,昆仑ModbusRTU迁移地址；原昆仑变量:设备0_读写4WUB3324,16-bit Unsigned
3组_05号_扩展数据D,MODBUS RTU,6x,3325,昆仑ModbusRTU迁移地址；原昆仑变量:设备0_读写4WUB3325,16-bit Unsigned
3组_06号_扩展数据D,MODBUS RTU,6x,3326,昆仑ModbusRTU迁移地址；原昆仑变量:设备0_读写4WUB3326,16-bit Unsigned
3组_07号_扩展数据D,MODBUS RTU,6x,3327,昆仑ModbusRTU迁移地址；原昆仑变量:设备0_读写4WUB3327,16-bit Unsigned
3组_08号_扩展数据D,MODBUS RTU,6x,3328,昆仑ModbusRTU迁移地址；原昆仑变量:设备0_读写4WUB3328,16-bit Unsigned
3组_09号_扩展数据D,MODBUS RTU,6x,3329,昆仑ModbusRTU迁移地址；原昆仑变量:设备0_读写4WUB3329,16-bit Unsigned
3组_10号_扩展数据D,MODBUS RTU,6x,3330,昆仑ModbusRTU迁移地址；原昆仑变量:设备0_读写4WUB3330,16-bit Unsigned
3组_11号_扩展数据D,MODBUS RTU,6x,3331,昆仑ModbusRTU迁移地址；原昆仑变量:设备0_读写4WUB3331,16-bit Unsigned
3组_12号_扩展数据D,MODBUS RTU,6x,3332,昆仑ModbusRTU迁移地址；原昆仑变量:设备0_读写4WUB3332,16-bit Unsigned
3组_13号_扩展数据D,MODBUS RTU,6x,3333,昆仑ModbusRTU迁移地址；原昆仑变量:设备0_读写4WUB3333,16-bit Unsigned
3组_14号_扩展数据D,MODBUS RTU,6x,3334,昆仑ModbusRTU迁移地址；原昆仑变量:设备0_读写4WUB3334,16-bit Unsigned
3组_15号_扩展数据D,MODBUS RTU,6x,3335,昆仑ModbusRTU迁移地址；原昆仑变量:设备0_读写4WUB3335,16-bit Unsigned
3组_16号_扩展数据D,MODBUS RTU,6x,3336,昆仑ModbusRTU迁移地址；原昆仑变量:设备0_读写4WUB3336,16-bit Unsigned
3组_17号_扩展数据D,MODBUS RTU,6x,3337,昆仑ModbusRTU迁移地址；原昆仑变量:设备0_读写4WUB3337,16-bit Unsigned
3组_18号_扩展数据D,MODBUS RTU,6x,3338,昆仑ModbusRTU迁移地址；原昆仑变量:设备0_读写4WUB3338,16-bit Unsigned
3组_19号_扩展数据D,MODBUS RTU,6x,3339,昆仑ModbusRTU迁移地址；原昆仑变量:设备0_读写4WUB3339,16-bit Unsigned
3组_20号_扩展数据D,MODBUS RTU,6x,3340,昆仑ModbusRTU迁移地址；原昆仑变量:设备0_读写4WUB3340,16-bit Unsigned
3组_21号_扩展数据D,MODBUS RTU,6x,3341,昆仑ModbusRTU迁移地址；原昆仑变量:设备0_读写4WUB3341,16-bit Unsigned
3组_22号_扩展数据D,MODBUS RTU,6x,3342,昆仑ModbusRTU迁移地址；原昆仑变量:设备0_读写4WUB3342,16-bit Unsigned
3组_23号_扩展数据D,MODBUS RTU,6x,3343,昆仑ModbusRTU迁移地址；原昆仑变量:设备0_读写4WUB3343,16-bit Unsigned
3组_24号_扩展数据D,MODBUS RTU,6x,3344,昆仑ModbusRTU迁移地址；原昆仑变量:设备0_读写4WUB3344,16-bit Unsigned
3组_25号_扩展数据D,MODBUS RTU,6x,3345,昆仑ModbusRTU迁移地址；原昆仑变量:设备0_读写4WUB3345,16-bit Unsigned
3组_26号_扩展数据D,MODBUS RTU,6x,3346,昆仑ModbusRTU迁移地址；原昆仑变量:设备0_读写4WUB3346,16-bit Unsigned
3组_27号_扩展数据D,MODBUS RTU,6x,3347,昆仑ModbusRTU迁移地址；原昆仑变量:设备0_读写4WUB3347,16-bit Unsigned
3组_28号_扩展数据D,MODBUS RTU,6x,3348,昆仑ModbusRTU迁移地址；原昆仑变量:设备0_读写4WUB3348,16-bit Unsigned
3组_29号_扩展数据D,MODBUS RTU,6x,3349,昆仑ModbusRTU迁移地址；原昆仑变量:设备0_读写4WUB3349,16-bit Unsigned
3组_30号_扩展数据D,MODBUS RTU,6x,3350,昆仑ModbusRTU迁移地址；原昆仑变量:设备0_读写4WUB3350,16-bit Unsigned
3组_31号_扩展数据D,MODBUS RTU,6x,3351,昆仑ModbusRTU迁移地址；原昆仑变量:设备0_读写4WUB3351,16-bit Unsigned
3组_32号_扩展数据D,MODBUS RTU,6x,3352,昆仑ModbusRTU迁移地址；原昆仑变量:设备0_读写4WUB3352,16-bit Unsigned
3组_33号_扩展数据D,MODBUS RTU,6x,3353,昆仑ModbusRTU迁移地址；原昆仑变量:设备0_读写4WUB3353,16-bit Unsigned
3组_34号_扩展数据D,MODBUS RTU,6x,3354,昆仑ModbusRTU迁移地址；原昆仑变量:设备0_读写4WUB3354,16-bit Unsigned
3组_35号_扩展数据D,MODBUS RTU,6x,3355,昆仑ModbusRTU迁移地址；原昆仑变量:设备0_读写4WUB3355,16-bit Unsigned
3组_36号_扩展数据D,MODBUS RTU,6x,3356,昆仑ModbusRTU迁移地址；原昆仑变量:设备0_读写4WUB3356,16-bit Unsigned
3组_37号_扩展数据D,MODBUS RTU,6x,3357,昆仑ModbusRTU迁移地址；原昆仑变量:设备0_读写4WUB3357,16-bit Unsigned
3组_38号_扩展数据D,MODBUS RTU,6x,3358,昆仑ModbusRTU迁移地址；原昆仑变量:设备0_读写4WUB3358,16-bit Unsigned
3组_39号_扩展数据D,MODBUS RTU,6x,3359,昆仑ModbusRTU迁移地址；原昆仑变量:设备0_读写4WUB3359,16-bit Unsigned
3组_40号_扩展数据D,MODBUS RTU,6x,3360,昆仑ModbusRTU迁移地址；原昆仑变量:设备0_读写4WUB3360,16-bit Unsigned
3组_41号_扩展数据D,MODBUS RTU,6x,3361,昆仑ModbusRTU迁移地址；原昆仑变量:设备0_读写4WUB3361,16-bit Unsigned
3组_42号_扩展数据D,MODBUS RTU,6x,3362,昆仑ModbusRTU迁移地址；原昆仑变量:设备0_读写4WUB3362,16-bit Unsigned
3组_43号_扩展数据D,MODBUS RTU,6x,3363,昆仑ModbusRTU迁移地址；原昆仑变量:设备0_读写4WUB3363,16-bit Unsigned
3组_44号_扩展数据D,MODBUS RTU,6x,3364,昆仑ModbusRTU迁移地址；原昆仑变量:设备0_读写4WUB3364,16-bit Unsigned
3组_45号_扩展数据D,MODBUS RTU,6x,3365,昆仑ModbusRTU迁移地址；原昆仑变量:设备0_读写4WUB3365,16-bit Unsigned
3组_46号_扩展数据D,MODBUS RTU,6x,3366,昆仑ModbusRTU迁移地址；原昆仑变量:设备0_读写4WUB3366,16-bit Unsigned
3组_47号_扩展数据D,MODBUS RTU,6x,3367,昆仑ModbusRTU迁移地址；原昆仑变量:设备0_读写4WUB3367,16-bit Unsigned
3组_48号_扩展数据D,MODBUS RTU,6x,3368,昆仑ModbusRTU迁移地址；原昆仑变量:设备0_读写4WUB3368,16-bit Unsigned
3组_49号_扩展数据D,MODBUS RTU,6x,3369,昆仑ModbusRTU迁移地址；原昆仑变量:设备0_读写4WUB3369,16-bit Unsigned
3组_50号_扩展数据D,MODBUS RTU,6x,3370,昆仑ModbusRTU迁移地址；原昆仑变量:设备0_读写4WUB3370,16-bit Unsigned
3组_51号_扩展数据D,MODBUS RTU,6x,3371,昆仑ModbusRTU迁移地址；原昆仑变量:设备0_读写4WUB3371,16-bit Unsigned
3组_52号_扩展数据D,MODBUS RTU,6x,3372,昆仑ModbusRTU迁移地址；原昆仑变量:设备0_读写4WUB3372,16-bit Unsigned
3组_53号_扩展数据D,MODBUS RTU,6x,3373,昆仑ModbusRTU迁移地址；原昆仑变量:设备0_读写4WUB3373,16-bit Unsigned
3组_54号_扩展数据D,MODBUS RTU,6x,3374,昆仑ModbusRTU迁移地址；原昆仑变量:设备0_读写4WUB3374,16-bit Unsigned
3组_55号_扩展数据D,MODBUS RTU,6x,3375,昆仑ModbusRTU迁移地址；原昆仑变量:设备0_读写4WUB3375,16-bit Unsigned
3组_56号_扩展数据D,MODBUS RTU,6x,3376,昆仑ModbusRTU迁移地址；原昆仑变量:设备0_读写4WUB3376,16-bit Unsigned
3组_57号_扩展数据D,MODBUS RTU,6x,3377,昆仑ModbusRTU迁移地址；原昆仑变量:设备0_读写4WUB3377,16-bit Unsigned
3组_58号_扩展数据D,MODBUS RTU,6x,3378,昆仑ModbusRTU迁移地址；原昆仑变量:设备0_读写4WUB3378,16-bit Unsigned
3组_59号_扩展数据D,MODBUS RTU,6x,3379,昆仑ModbusRTU迁移地址；原昆仑变量:设备0_读写4WUB3379,16-bit Unsigned
3组_60号_扩展数据D,MODBUS RTU,6x,3380,昆仑ModbusRTU迁移地址；原昆仑变量:设备0_读写4WUB3380,16-bit Unsigned
4组_01号_扩展数据D,MODBUS RTU,6x,3381,昆仑ModbusRTU迁移地址；原昆仑变量:设备0_读写4WUB3381,16-bit Unsigned
4组_02号_扩展数据D,MODBUS RTU,6x,3382,昆仑ModbusRTU迁移地址；原昆仑变量:设备0_读写4WUB3382,16-bit Unsigned
4组_03号_扩展数据D,MODBUS RTU,6x,3383,昆仑ModbusRTU迁移地址；原昆仑变量:设备0_读写4WUB3383,16-bit Unsigned
4组_04号_扩展数据D,MODBUS RTU,6x,3384,昆仑ModbusRTU迁移地址；原昆仑变量:设备0_读写4WUB3384,16-bit Unsigned
4组_05号_扩展数据D,MODBUS RTU,6x,3385,昆仑ModbusRTU迁移地址；原昆仑变量:设备0_读写4WUB3385,16-bit Unsigned
4组_06号_扩展数据D,MODBUS RTU,6x,3386,昆仑ModbusRTU迁移地址；原昆仑变量:设备0_读写4WUB3386,16-bit Unsigned
4组_07号_扩展数据D,MODBUS RTU,6x,3387,昆仑ModbusRTU迁移地址；原昆仑变量:设备0_读写4WUB3387,16-bit Unsigned
4组_08号_扩展数据D,MODBUS RTU,6x,3388,昆仑ModbusRTU迁移地址；原昆仑变量:设备0_读写4WUB3388,16-bit Unsigned
4组_09号_扩展数据D,MODBUS RTU,6x,3389,昆仑ModbusRTU迁移地址；原昆仑变量:设备0_读写4WUB3389,16-bit Unsigned
4组_10号_扩展数据D,MODBUS RTU,6x,3390,昆仑ModbusRTU迁移地址；原昆仑变量:设备0_读写4WUB3390,16-bit Unsigned
4组_11号_扩展数据D,MODBUS RTU,6x,3391,昆仑ModbusRTU迁移地址；原昆仑变量:设备0_读写4WUB3391,16-bit Unsigned
4组_12号_扩展数据D,MODBUS RTU,6x,3392,昆仑ModbusRTU迁移地址；原昆仑变量:设备0_读写4WUB3392,16-bit Unsigned
4组_13号_扩展数据D,MODBUS RTU,6x,3393,昆仑ModbusRTU迁移地址；原昆仑变量:设备0_读写4WUB3393,16-bit Unsigned
4组_14号_扩展数据D,MODBUS RTU,6x,3394,昆仑ModbusRTU迁移地址；原昆仑变量:设备0_读写4WUB3394,16-bit Unsigned
4组_15号_扩展数据D,MODBUS RTU,6x,3395,昆仑ModbusRTU迁移地址；原昆仑变量:设备0_读写4WUB3395,16-bit Unsigned
4组_16号_扩展数据D,MODBUS RTU,6x,3396,昆仑ModbusRTU迁移地址；原昆仑变量:设备0_读写4WUB3396,16-bit Unsigned
4组_17号_扩展数据D,MODBUS RTU,6x,3397,昆仑ModbusRTU迁移地址；原昆仑变量:设备0_读写4WUB3397,16-bit Unsigned
4组_18号_扩展数据D,MODBUS RTU,6x,3398,昆仑ModbusRTU迁移地址；原昆仑变量:设备0_读写4WUB3398,16-bit Unsigned
4组_19号_扩展数据D,MODBUS RTU,6x,3399,昆仑ModbusRTU迁移地址；原昆仑变量:设备0_读写4WUB3399,16-bit Unsigned
4组_20号_扩展数据D,MODBUS RTU,6x,3400,昆仑ModbusRTU迁移地址；原昆仑变量:设备0_读写4WUB3400,16-bit Unsigned
4组_21号_扩展数据D,MODBUS RTU,6x,3401,昆仑ModbusRTU迁移地址；原昆仑变量:设备0_读写4WUB3401,16-bit Unsigned
4组_22号_扩展数据D,MODBUS RTU,6x,3402,昆仑ModbusRTU迁移地址；原昆仑变量:设备0_读写4WUB3402,16-bit Unsigned
4组_23号_扩展数据D,MODBUS RTU,6x,3403,昆仑ModbusRTU迁移地址；原昆仑变量:设备0_读写4WUB3403,16-bit Unsigned
4组_24号_扩展数据D,MODBUS RTU,6x,3404,昆仑ModbusRTU迁移地址；原昆仑变量:设备0_读写4WUB3404,16-bit Unsigned
4组_25号_扩展数据D,MODBUS RTU,6x,3405,昆仑ModbusRTU迁移地址；原昆仑变量:设备0_读写4WUB3405,16-bit Unsigned
4组_26号_扩展数据D,MODBUS RTU,6x,3406,昆仑ModbusRTU迁移地址；原昆仑变量:设备0_读写4WUB3406,16-bit Unsigned
4组_27号_扩展数据D,MODBUS RTU,6x,3407,昆仑ModbusRTU迁移地址；原昆仑变量:设备0_读写4WUB3407,16-bit Unsigned
4组_28号_扩展数据D,MODBUS RTU,6x,3408,昆仑ModbusRTU迁移地址；原昆仑变量:设备0_读写4WUB3408,16-bit Unsigned
4组_29号_扩展数据D,MODBUS RTU,6x,3409,昆仑ModbusRTU迁移地址；原昆仑变量:设备0_读写4WUB3409,16-bit Unsigned
4组_30号_扩展数据D,MODBUS RTU,6x,3410,昆仑ModbusRTU迁移地址；原昆仑变量:设备0_读写4WUB3410,16-bit Unsigned
4组_31号_扩展数据D,MODBUS RTU,6x,3411,昆仑ModbusRTU迁移地址；原昆仑变量:设备0_读写4WUB3411,16-bit Unsigned
4组_32号_扩展数据D,MODBUS RTU,6x,3412,昆仑ModbusRTU迁移地址；原昆仑变量:设备0_读写4WUB3412,16-bit Unsigned
4组_33号_扩展数据D,MODBUS RTU,6x,3413,昆仑ModbusRTU迁移地址；原昆仑变量:设备0_读写4WUB3413,16-bit Unsigned
4组_34号_扩展数据D,MODBUS RTU,6x,3414,昆仑ModbusRTU迁移地址；原昆仑变量:设备0_读写4WUB3414,16-bit Unsigned
4组_35号_扩展数据D,MODBUS RTU,6x,3415,昆仑ModbusRTU迁移地址；原昆仑变量:设备0_读写4WUB3415,16-bit Unsigned
4组_36号_扩展数据D,MODBUS RTU,6x,3416,昆仑ModbusRTU迁移地址；原昆仑变量:设备0_读写4WUB3416,16-bit Unsigned
4组_37号_扩展数据D,MODBUS RTU,6x,3417,昆仑ModbusRTU迁移地址；原昆仑变量:设备0_读写4WUB3417,16-bit Unsigned
4组_38号_扩展数据D,MODBUS RTU,6x,3418,昆仑ModbusRTU迁移地址；原昆仑变量:设备0_读写4WUB3418,16-bit Unsigned
4组_39号_扩展数据D,MODBUS RTU,6x,3419,昆仑ModbusRTU迁移地址；原昆仑变量:设备0_读写4WUB3419,16-bit Unsigned
4组_40号_扩展数据D,MODBUS RTU,6x,3420,昆仑ModbusRTU迁移地址；原昆仑变量:设备0_读写4WUB3420,16-bit Unsigned
4组_41号_扩展数据D,MODBUS RTU,6x,3421,昆仑ModbusRTU迁移地址；原昆仑变量:设备0_读写4WUB3421,16-bit Unsigned
4组_42号_扩展数据D,MODBUS RTU,6x,3422,昆仑ModbusRTU迁移地址；原昆仑变量:设备0_读写4WUB3422,16-bit Unsigned
4组_43号_扩展数据D,MODBUS RTU,6x,3423,昆仑ModbusRTU迁移地址；原昆仑变量:设备0_读写4WUB3423,16-bit Unsigned
4组_44号_扩展数据D,MODBUS RTU,6x,3424,昆仑ModbusRTU迁移地址；原昆仑变量:设备0_读写4WUB3424,16-bit Unsigned
4组_45号_扩展数据D,MODBUS RTU,6x,3425,昆仑ModbusRTU迁移地址；原昆仑变量:设备0_读写4WUB3425,16-bit Unsigned
4组_46号_扩展数据D,MODBUS RTU,6x,3426,昆仑ModbusRTU迁移地址；原昆仑变量:设备0_读写4WUB3426,16-bit Unsigned
4组_47号_扩展数据D,MODBUS RTU,6x,3427,昆仑ModbusRTU迁移地址；原昆仑变量:设备0_读写4WUB3427,16-bit Unsigned
4组_48号_扩展数据D,MODBUS RTU,6x,3428,昆仑ModbusRTU迁移地址；原昆仑变量:设备0_读写4WUB3428,16-bit Unsigned
4组_49号_扩展数据D,MODBUS RTU,6x,3429,昆仑ModbusRTU迁移地址；原昆仑变量:设备0_读写4WUB3429,16-bit Unsigned
4组_50号_扩展数据D,MODBUS RTU,6x,3430,昆仑ModbusRTU迁移地址；原昆仑变量:设备0_读写4WUB3430,16-bit Unsigned
4组_51号_扩展数据D,MODBUS RTU,6x,3431,昆仑ModbusRTU迁移地址；原昆仑变量:设备0_读写4WUB3431,16-bit Unsigned
4组_52号_扩展数据D,MODBUS RTU,6x,3432,昆仑ModbusRTU迁移地址；原昆仑变量:设备0_读写4WUB3432,16-bit Unsigned
4组_53号_扩展数据D,MODBUS RTU,6x,3433,昆仑ModbusRTU迁移地址；原昆仑变量:设备0_读写4WUB3433,16-bit Unsigned
4组_54号_扩展数据D,MODBUS RTU,6x,3434,昆仑ModbusRTU迁移地址；原昆仑变量:设备0_读写4WUB3434,16-bit Unsigned
4组_55号_扩展数据D,MODBUS RTU,6x,3435,昆仑ModbusRTU迁移地址；原昆仑变量:设备0_读写4WUB3435,16-bit Unsigned
4组_56号_扩展数据D,MODBUS RTU,6x,3436,昆仑ModbusRTU迁移地址；原昆仑变量:设备0_读写4WUB3436,16-bit Unsigned
4组_57号_扩展数据D,MODBUS RTU,6x,3437,昆仑ModbusRTU迁移地址；原昆仑变量:设备0_读写4WUB3437,16-bit Unsigned
4组_58号_扩展数据D,MODBUS RTU,6x,3438,昆仑ModbusRTU迁移地址；原昆仑变量:设备0_读写4WUB3438,16-bit Unsigned
4组_59号_扩展数据D,MODBUS RTU,6x,3439,昆仑ModbusRTU迁移地址；原昆仑变量:设备0_读写4WUB3439,16-bit Unsigned
4组_60号_扩展数据D,MODBUS RTU,6x,3440,昆仑ModbusRTU迁移地址；原昆仑变量:设备0_读写4WUB3440,16-bit Unsigned
5组_01号_扩展数据D,MODBUS RTU,6x,3441,昆仑ModbusRTU迁移地址；原昆仑变量:设备0_读写4WUB3441,16-bit Unsigned
5组_02号_扩展数据D,MODBUS RTU,6x,3442,昆仑ModbusRTU迁移地址；原昆仑变量:设备0_读写4WUB3442,16-bit Unsigned
5组_03号_扩展数据D,MODBUS RTU,6x,3443,昆仑ModbusRTU迁移地址；原昆仑变量:设备0_读写4WUB3443,16-bit Unsigned
5组_04号_扩展数据D,MODBUS RTU,6x,3444,昆仑ModbusRTU迁移地址；原昆仑变量:设备0_读写4WUB3444,16-bit Unsigned
5组_05号_扩展数据D,MODBUS RTU,6x,3445,昆仑ModbusRTU迁移地址；原昆仑变量:设备0_读写4WUB3445,16-bit Unsigned
5组_06号_扩展数据D,MODBUS RTU,6x,3446,昆仑ModbusRTU迁移地址；原昆仑变量:设备0_读写4WUB3446,16-bit Unsigned
5组_07号_扩展数据D,MODBUS RTU,6x,3447,昆仑ModbusRTU迁移地址；原昆仑变量:设备0_读写4WUB3447,16-bit Unsigned
5组_08号_扩展数据D,MODBUS RTU,6x,3448,昆仑ModbusRTU迁移地址；原昆仑变量:设备0_读写4WUB3448,16-bit Unsigned
5组_09号_扩展数据D,MODBUS RTU,6x,3449,昆仑ModbusRTU迁移地址；原昆仑变量:设备0_读写4WUB3449,16-bit Unsigned
5组_10号_扩展数据D,MODBUS RTU,6x,3450,昆仑ModbusRTU迁移地址；原昆仑变量:设备0_读写4WUB3450,16-bit Unsigned
5组_11号_扩展数据D,MODBUS RTU,6x,3451,昆仑ModbusRTU迁移地址；原昆仑变量:设备0_读写4WUB3451,16-bit Unsigned
5组_12号_扩展数据D,MODBUS RTU,6x,3452,昆仑ModbusRTU迁移地址；原昆仑变量:设备0_读写4WUB3452,16-bit Unsigned
5组_13号_扩展数据D,MODBUS RTU,6x,3453,昆仑ModbusRTU迁移地址；原昆仑变量:设备0_读写4WUB3453,16-bit Unsigned
5组_14号_扩展数据D,MODBUS RTU,6x,3454,昆仑ModbusRTU迁移地址；原昆仑变量:设备0_读写4WUB3454,16-bit Unsigned
5组_15号_扩展数据D,MODBUS RTU,6x,3455,昆仑ModbusRTU迁移地址；原昆仑变量:设备0_读写4WUB3455,16-bit Unsigned
5组_16号_扩展数据D,MODBUS RTU,6x,3456,昆仑ModbusRTU迁移地址；原昆仑变量:设备0_读写4WUB3456,16-bit Unsigned
5组_17号_扩展数据D,MODBUS RTU,6x,3457,昆仑ModbusRTU迁移地址；原昆仑变量:设备0_读写4WUB3457,16-bit Unsigned
5组_18号_扩展数据D,MODBUS RTU,6x,3458,昆仑ModbusRTU迁移地址；原昆仑变量:设备0_读写4WUB3458,16-bit Unsigned
5组_19号_扩展数据D,MODBUS RTU,6x,3459,昆仑ModbusRTU迁移地址；原昆仑变量:设备0_读写4WUB3459,16-bit Unsigned
5组_20号_扩展数据D,MODBUS RTU,6x,3460,昆仑ModbusRTU迁移地址；原昆仑变量:设备0_读写4WUB3460,16-bit Unsigned
5组_21号_扩展数据D,MODBUS RTU,6x,3461,昆仑ModbusRTU迁移地址；原昆仑变量:设备0_读写4WUB3461,16-bit Unsigned
5组_22号_扩展数据D,MODBUS RTU,6x,3462,昆仑ModbusRTU迁移地址；原昆仑变量:设备0_读写4WUB3462,16-bit Unsigned
5组_23号_扩展数据D,MODBUS RTU,6x,3463,昆仑ModbusRTU迁移地址；原昆仑变量:设备0_读写4WUB3463,16-bit Unsigned
5组_24号_扩展数据D,MODBUS RTU,6x,3464,昆仑ModbusRTU迁移地址；原昆仑变量:设备0_读写4WUB3464,16-bit Unsigned
5组_25号_扩展数据D,MODBUS RTU,6x,3465,昆仑ModbusRTU迁移地址；原昆仑变量:设备0_读写4WUB3465,16-bit Unsigned
5组_26号_扩展数据D,MODBUS RTU,6x,3466,昆仑ModbusRTU迁移地址；原昆仑变量:设备0_读写4WUB3466,16-bit Unsigned
5组_27号_扩展数据D,MODBUS RTU,6x,3467,昆仑ModbusRTU迁移地址；原昆仑变量:设备0_读写4WUB3467,16-bit Unsigned
5组_28号_扩展数据D,MODBUS RTU,6x,3468,昆仑ModbusRTU迁移地址；原昆仑变量:设备0_读写4WUB3468,16-bit Unsigned
5组_29号_扩展数据D,MODBUS RTU,6x,3469,昆仑ModbusRTU迁移地址；原昆仑变量:设备0_读写4WUB3469,16-bit Unsigned
5组_30号_扩展数据D,MODBUS RTU,6x,3470,昆仑ModbusRTU迁移地址；原昆仑变量:设备0_读写4WUB3470,16-bit Unsigned
5组_31号_扩展数据D,MODBUS RTU,6x,3471,昆仑ModbusRTU迁移地址；原昆仑变量:设备0_读写4WUB3471,16-bit Unsigned
5组_32号_扩展数据D,MODBUS RTU,6x,3472,昆仑ModbusRTU迁移地址；原昆仑变量:设备0_读写4WUB3472,16-bit Unsigned
5组_33号_扩展数据D,MODBUS RTU,6x,3473,昆仑ModbusRTU迁移地址；原昆仑变量:设备0_读写4WUB3473,16-bit Unsigned
5组_34号_扩展数据D,MODBUS RTU,6x,3474,昆仑ModbusRTU迁移地址；原昆仑变量:设备0_读写4WUB3474,16-bit Unsigned
5组_35号_扩展数据D,MODBUS RTU,6x,3475,昆仑ModbusRTU迁移地址；原昆仑变量:设备0_读写4WUB3475,16-bit Unsigned
5组_36号_扩展数据D,MODBUS RTU,6x,3476,昆仑ModbusRTU迁移地址；原昆仑变量:设备0_读写4WUB3476,16-bit Unsigned
5组_37号_扩展数据D,MODBUS RTU,6x,3477,昆仑ModbusRTU迁移地址；原昆仑变量:设备0_读写4WUB3477,16-bit Unsigned
5组_38号_扩展数据D,MODBUS RTU,6x,3478,昆仑ModbusRTU迁移地址；原昆仑变量:设备0_读写4WUB3478,16-bit Unsigned
5组_39号_扩展数据D,MODBUS RTU,6x,3479,昆仑ModbusRTU迁移地址；原昆仑变量:设备0_读写4WUB3479,16-bit Unsigned
5组_40号_扩展数据D,MODBUS RTU,6x,3480,昆仑ModbusRTU迁移地址；原昆仑变量:设备0_读写4WUB3480,16-bit Unsigned
5组_41号_扩展数据D,MODBUS RTU,6x,3481,昆仑ModbusRTU迁移地址；原昆仑变量:设备0_读写4WUB3481,16-bit Unsigned
5组_42号_扩展数据D,MODBUS RTU,6x,3482,昆仑ModbusRTU迁移地址；原昆仑变量:设备0_读写4WUB3482,16-bit Unsigned
5组_43号_扩展数据D,MODBUS RTU,6x,3483,昆仑ModbusRTU迁移地址；原昆仑变量:设备0_读写4WUB3483,16-bit Unsigned
5组_44号_扩展数据D,MODBUS RTU,6x,3484,昆仑ModbusRTU迁移地址；原昆仑变量:设备0_读写4WUB3484,16-bit Unsigned
5组_45号_扩展数据D,MODBUS RTU,6x,3485,昆仑ModbusRTU迁移地址；原昆仑变量:设备0_读写4WUB3485,16-bit Unsigned
5组_46号_扩展数据D,MODBUS RTU,6x,3486,昆仑ModbusRTU迁移地址；原昆仑变量:设备0_读写4WUB3486,16-bit Unsigned
5组_47号_扩展数据D,MODBUS RTU,6x,3487,昆仑ModbusRTU迁移地址；原昆仑变量:设备0_读写4WUB3487,16-bit Unsigned
5组_48号_扩展数据D,MODBUS RTU,6x,3488,昆仑ModbusRTU迁移地址；原昆仑变量:设备0_读写4WUB3488,16-bit Unsigned
5组_49号_扩展数据D,MODBUS RTU,6x,3489,昆仑ModbusRTU迁移地址；原昆仑变量:设备0_读写4WUB3489,16-bit Unsigned
5组_50号_扩展数据D,MODBUS RTU,6x,3490,昆仑ModbusRTU迁移地址；原昆仑变量:设备0_读写4WUB3490,16-bit Unsigned
5组_51号_扩展数据D,MODBUS RTU,6x,3491,昆仑ModbusRTU迁移地址；原昆仑变量:设备0_读写4WUB3491,16-bit Unsigned
5组_52号_扩展数据D,MODBUS RTU,6x,3492,昆仑ModbusRTU迁移地址；原昆仑变量:设备0_读写4WUB3492,16-bit Unsigned
5组_53号_扩展数据D,MODBUS RTU,6x,3493,昆仑ModbusRTU迁移地址；原昆仑变量:设备0_读写4WUB3493,16-bit Unsigned
5组_54号_扩展数据D,MODBUS RTU,6x,3494,昆仑ModbusRTU迁移地址；原昆仑变量:设备0_读写4WUB3494,16-bit Unsigned
5组_55号_扩展数据D,MODBUS RTU,6x,3495,昆仑ModbusRTU迁移地址；原昆仑变量:设备0_读写4WUB3495,16-bit Unsigned
5组_56号_扩展数据D,MODBUS RTU,6x,3496,昆仑ModbusRTU迁移地址；原昆仑变量:设备0_读写4WUB3496,16-bit Unsigned
5组_57号_扩展数据D,MODBUS RTU,6x,3497,昆仑ModbusRTU迁移地址；原昆仑变量:设备0_读写4WUB3497,16-bit Unsigned
5组_58号_扩展数据D,MODBUS RTU,6x,3498,昆仑ModbusRTU迁移地址；原昆仑变量:设备0_读写4WUB3498,16-bit Unsigned
5组_59号_扩展数据D,MODBUS RTU,6x,3499,昆仑ModbusRTU迁移地址；原昆仑变量:设备0_读写4WUB3499,16-bit Unsigned
5组_60号_扩展数据D,MODBUS RTU,6x,3500,昆仑ModbusRTU迁移地址；原昆仑变量:设备0_读写4WUB3500,16-bit Unsigned
传感器_0001,MODBUS RTU,6x,3501,传感器数据；原昆仑变量:sensor0001,16-bit Unsigned
传感器_0002,MODBUS RTU,6x,3502,传感器数据；原昆仑变量:sensor0002,16-bit Unsigned
传感器_0003,MODBUS RTU,6x,3503,传感器数据；原昆仑变量:sensor0003,16-bit Unsigned
传感器_0004,MODBUS RTU,6x,3504,传感器数据；原昆仑变量:sensor0004,16-bit Unsigned
传感器_0005,MODBUS RTU,6x,3505,传感器数据；原昆仑变量:sensor0005,16-bit Unsigned
传感器_0006,MODBUS RTU,6x,3506,传感器数据；原昆仑变量:sensor0006,16-bit Unsigned
传感器_0007,MODBUS RTU,6x,3507,传感器数据；原昆仑变量:sensor0007,16-bit Unsigned
传感器_0008,MODBUS RTU,6x,3508,传感器数据；原昆仑变量:sensor0008,16-bit Unsigned
传感器_0009,MODBUS RTU,6x,3509,传感器数据；原昆仑变量:sensor0009,16-bit Unsigned
传感器_0010,MODBUS RTU,6x,3510,传感器数据；原昆仑变量:sensor0010,16-bit Unsigned
传感器_0011,MODBUS RTU,6x,3511,传感器数据；原昆仑变量:sensor0011,16-bit Unsigned
传感器_0012,MODBUS RTU,6x,3512,传感器数据；原昆仑变量:sensor0012,16-bit Unsigned
传感器_0013,MODBUS RTU,6x,3513,传感器数据；原昆仑变量:sensor0013,16-bit Unsigned
传感器_0014,MODBUS RTU,6x,3514,传感器数据；原昆仑变量:sensor0014,16-bit Unsigned
传感器_0015,MODBUS RTU,6x,3515,传感器数据；原昆仑变量:sensor0015,16-bit Unsigned
传感器_0016,MODBUS RTU,6x,3516,传感器数据；原昆仑变量:sensor0016,16-bit Unsigned
传感器_0017,MODBUS RTU,6x,3517,传感器数据；原昆仑变量:sensor0017,16-bit Unsigned
传感器_0018,MODBUS RTU,6x,3518,传感器数据；原昆仑变量:sensor0018,16-bit Unsigned
传感器_0019,MODBUS RTU,6x,3519,传感器数据；原昆仑变量:sensor0019,16-bit Unsigned
传感器_0020,MODBUS RTU,6x,3520,传感器数据；原昆仑变量:sensor0020,16-bit Unsigned
传感器_0021,MODBUS RTU,6x,3521,传感器数据；原昆仑变量:sensor0021,16-bit Unsigned
传感器_0022,MODBUS RTU,6x,3522,传感器数据；原昆仑变量:sensor0022,16-bit Unsigned
传感器_0023,MODBUS RTU,6x,3523,传感器数据；原昆仑变量:sensor0023,16-bit Unsigned
传感器_0024,MODBUS RTU,6x,3524,传感器数据；原昆仑变量:sensor0024,16-bit Unsigned
传感器_0025,MODBUS RTU,6x,3525,传感器数据；原昆仑变量:sensor0025,16-bit Unsigned
传感器_0026,MODBUS RTU,6x,3526,传感器数据；原昆仑变量:sensor0026,16-bit Unsigned
传感器_0027,MODBUS RTU,6x,3527,传感器数据；原昆仑变量:sensor0027,16-bit Unsigned
传感器_0028,MODBUS RTU,6x,3528,传感器数据；原昆仑变量:sensor0028,16-bit Unsigned
传感器_0029,MODBUS RTU,6x,3529,传感器数据；原昆仑变量:sensor0029,16-bit Unsigned
传感器_0030,MODBUS RTU,6x,3530,传感器数据；原昆仑变量:sensor0030,16-bit Unsigned
传感器_0031,MODBUS RTU,6x,3531,传感器数据；原昆仑变量:sensor0031,16-bit Unsigned
传感器_0032,MODBUS RTU,6x,3532,传感器数据；原昆仑变量:sensor0032,16-bit Unsigned
传感器_0033,MODBUS RTU,6x,3533,传感器数据；原昆仑变量:sensor0033,16-bit Unsigned
传感器_0034,MODBUS RTU,6x,3534,传感器数据；原昆仑变量:sensor0034,16-bit Unsigned
传感器_0035,MODBUS RTU,6x,3535,传感器数据；原昆仑变量:sensor0035,16-bit Unsigned
传感器_0036,MODBUS RTU,6x,3536,传感器数据；原昆仑变量:sensor0036,16-bit Unsigned
传感器_0037,MODBUS RTU,6x,3537,传感器数据；原昆仑变量:sensor0037,16-bit Unsigned
传感器_0038,MODBUS RTU,6x,3538,传感器数据；原昆仑变量:sensor0038,16-bit Unsigned
传感器_0039,MODBUS RTU,6x,3539,传感器数据；原昆仑变量:sensor0039,16-bit Unsigned
传感器_0040,MODBUS RTU,6x,3540,传感器数据；原昆仑变量:sensor0040,16-bit Unsigned
传感器_0041,MODBUS RTU,6x,3541,传感器数据；原昆仑变量:sensor0041,16-bit Unsigned
传感器_0042,MODBUS RTU,6x,3542,传感器数据；原昆仑变量:sensor0042,16-bit Unsigned
传感器_0043,MODBUS RTU,6x,3543,传感器数据；原昆仑变量:sensor0043,16-bit Unsigned
传感器_0044,MODBUS RTU,6x,3544,传感器数据；原昆仑变量:sensor0044,16-bit Unsigned
传感器_0045,MODBUS RTU,6x,3545,传感器数据；原昆仑变量:sensor0045,16-bit Unsigned
传感器_0046,MODBUS RTU,6x,3546,传感器数据；原昆仑变量:sensor0046,16-bit Unsigned
传感器_0047,MODBUS RTU,6x,3547,传感器数据；原昆仑变量:sensor0047,16-bit Unsigned
传感器_0048,MODBUS RTU,6x,3548,传感器数据；原昆仑变量:sensor0048,16-bit Unsigned
传感器_0049,MODBUS RTU,6x,3549,传感器数据；原昆仑变量:sensor0049,16-bit Unsigned
传感器_0050,MODBUS RTU,6x,3550,传感器数据；原昆仑变量:sensor0050,16-bit Unsigned
传感器_0051,MODBUS RTU,4x,3551,传感器数据；原昆仑变量:sensor0051,16-bit Unsigned
传感器_0052,MODBUS RTU,4x,3552,传感器数据；原昆仑变量:sensor0052,16-bit Unsigned
传感器_0053,MODBUS RTU,4x,3553,传感器数据；原昆仑变量:sensor0053,16-bit Unsigned
传感器_0054,MODBUS RTU,4x,3554,传感器数据；原昆仑变量:sensor0054,16-bit Unsigned
传感器_0055,MODBUS RTU,4x,3555,传感器数据；原昆仑变量:sensor0055,16-bit Unsigned
传感器_0056,MODBUS RTU,4x,3556,传感器数据；原昆仑变量:sensor0056,16-bit Unsigned
传感器_0057,MODBUS RTU,4x,3557,传感器数据；原昆仑变量:sensor0057,16-bit Unsigned
传感器_0058,MODBUS RTU,4x,3558,传感器数据；原昆仑变量:sensor0058,16-bit Unsigned
传感器_0059,MODBUS RTU,4x,3559,传感器数据；原昆仑变量:sensor0059,16-bit Unsigned
传感器_0060,MODBUS RTU,4x,3560,传感器数据；原昆仑变量:sensor0060,16-bit Unsigned
传感器_0061,MODBUS RTU,4x,3561,传感器数据；原昆仑变量:sensor0061,16-bit Unsigned
传感器_0062,MODBUS RTU,4x,3562,传感器数据；原昆仑变量:sensor0062,16-bit Unsigned
传感器_0063,MODBUS RTU,4x,3563,传感器数据；原昆仑变量:sensor0063,16-bit Unsigned
传感器_0064,MODBUS RTU,4x,3564,传感器数据；原昆仑变量:sensor0064,16-bit Unsigned
传感器_0065,MODBUS RTU,4x,3565,传感器数据；原昆仑变量:sensor0065,16-bit Unsigned
传感器_0066,MODBUS RTU,4x,3566,传感器数据；原昆仑变量:sensor0066,16-bit Unsigned
传感器_0067,MODBUS RTU,4x,3567,传感器数据；原昆仑变量:sensor0067,16-bit Unsigned
传感器_0068,MODBUS RTU,4x,3568,传感器数据；原昆仑变量:sensor0068,16-bit Unsigned
传感器_0069,MODBUS RTU,4x,3569,传感器数据；原昆仑变量:sensor0069,16-bit Unsigned
传感器_0070,MODBUS RTU,4x,3570,传感器数据；原昆仑变量:sensor0070,16-bit Unsigned
传感器_0071,MODBUS RTU,4x,3571,传感器数据；原昆仑变量:sensor0071,16-bit Unsigned
传感器_0072,MODBUS RTU,4x,3572,传感器数据；原昆仑变量:sensor0072,16-bit Unsigned
传感器_0073,MODBUS RTU,4x,3573,传感器数据；原昆仑变量:sensor0073,16-bit Unsigned
传感器_0074,MODBUS RTU,4x,3574,传感器数据；原昆仑变量:sensor0074,16-bit Unsigned
传感器_0075,MODBUS RTU,4x,3575,传感器数据；原昆仑变量:sensor0075,16-bit Unsigned
传感器_0076,MODBUS RTU,4x,3576,传感器数据；原昆仑变量:sensor0076,16-bit Unsigned
传感器_0077,MODBUS RTU,4x,3577,传感器数据；原昆仑变量:sensor0077,16-bit Unsigned
传感器_0078,MODBUS RTU,4x,3578,传感器数据；原昆仑变量:sensor0078,16-bit Unsigned
传感器_0079,MODBUS RTU,4x,3579,传感器数据；原昆仑变量:sensor0079,16-bit Unsigned
传感器_0080,MODBUS RTU,4x,3580,传感器数据；原昆仑变量:sensor0080,16-bit Unsigned
传感器_0081,MODBUS RTU,4x,3581,传感器数据；原昆仑变量:sensor0081,16-bit Unsigned
传感器_0082,MODBUS RTU,4x,3582,传感器数据；原昆仑变量:sensor0082,16-bit Unsigned
传感器_0083,MODBUS RTU,4x,3583,传感器数据；原昆仑变量:sensor0083,16-bit Unsigned
传感器_0084,MODBUS RTU,4x,3584,传感器数据；原昆仑变量:sensor0084,16-bit Unsigned
传感器_0085,MODBUS RTU,4x,3585,传感器数据；原昆仑变量:sensor0085,16-bit Unsigned
传感器_0086,MODBUS RTU,4x,3586,传感器数据；原昆仑变量:sensor0086,16-bit Unsigned
传感器_0087,MODBUS RTU,4x,3587,传感器数据；原昆仑变量:sensor0087,16-bit Unsigned
传感器_0088,MODBUS RTU,4x,3588,传感器数据；原昆仑变量:sensor0088,16-bit Unsigned
传感器_0089,MODBUS RTU,4x,3589,传感器数据；原昆仑变量:sensor0089,16-bit Unsigned
传感器_0090,MODBUS RTU,4x,3590,传感器数据；原昆仑变量:sensor0090,16-bit Unsigned
传感器_0091,MODBUS RTU,4x,3591,传感器数据；原昆仑变量:sensor0091,16-bit Unsigned
传感器_0092,MODBUS RTU,4x,3592,传感器数据；原昆仑变量:sensor0092,16-bit Unsigned
传感器_0093,MODBUS RTU,4x,3593,传感器数据；原昆仑变量:sensor0093,16-bit Unsigned
传感器_0094,MODBUS RTU,4x,3594,传感器数据；原昆仑变量:sensor0094,16-bit Unsigned
传感器_0095,MODBUS RTU,4x,3595,传感器数据；原昆仑变量:sensor0095,16-bit Unsigned
传感器_0096,MODBUS RTU,4x,3596,传感器数据；原昆仑变量:sensor0096,16-bit Unsigned
传感器_0097,MODBUS RTU,4x,3597,传感器数据；原昆仑变量:sensor0097,16-bit Unsigned
传感器_0098,MODBUS RTU,4x,3598,传感器数据；原昆仑变量:sensor0098,16-bit Unsigned
传感器_0099,MODBUS RTU,4x,3599,传感器数据；原昆仑变量:sensor0099,16-bit Unsigned
传感器_0100,MODBUS RTU,4x,3600,传感器数据；原昆仑变量:sensor0100,16-bit Unsigned
传感器_0101,MODBUS RTU,6x,3601,传感器数据；原昆仑变量:sensor0101,16-bit Unsigned
传感器_0102,MODBUS RTU,6x,3602,传感器数据；原昆仑变量:sensor0102,16-bit Unsigned
传感器_0103,MODBUS RTU,6x,3603,传感器数据；原昆仑变量:sensor0103,16-bit Unsigned
传感器_0104,MODBUS RTU,6x,3604,传感器数据；原昆仑变量:sensor0104,16-bit Unsigned
传感器_0105,MODBUS RTU,6x,3605,传感器数据；原昆仑变量:sensor0105,16-bit Unsigned
传感器_0106,MODBUS RTU,6x,3606,传感器数据；原昆仑变量:sensor0106,16-bit Unsigned
传感器_0107,MODBUS RTU,6x,3607,传感器数据；原昆仑变量:sensor0107,16-bit Unsigned
传感器_0108,MODBUS RTU,6x,3608,传感器数据；原昆仑变量:sensor0108,16-bit Unsigned
传感器_0109,MODBUS RTU,6x,3609,传感器数据；原昆仑变量:sensor0109,16-bit Unsigned
传感器_0110,MODBUS RTU,6x,3610,传感器数据；原昆仑变量:sensor0110,16-bit Unsigned
传感器_0111,MODBUS RTU,6x,3611,传感器数据；原昆仑变量:sensor0111,16-bit Unsigned
传感器_0112,MODBUS RTU,6x,3612,传感器数据；原昆仑变量:sensor0112,16-bit Unsigned
传感器_0113,MODBUS RTU,6x,3613,传感器数据；原昆仑变量:sensor0113,16-bit Unsigned
传感器_0114,MODBUS RTU,6x,3614,传感器数据；原昆仑变量:sensor0114,16-bit Unsigned
传感器_0115,MODBUS RTU,6x,3615,传感器数据；原昆仑变量:sensor0115,16-bit Unsigned
传感器_0116,MODBUS RTU,6x,3616,传感器数据；原昆仑变量:sensor0116,16-bit Unsigned
传感器_0117,MODBUS RTU,6x,3617,传感器数据；原昆仑变量:sensor0117,16-bit Unsigned
传感器_0118,MODBUS RTU,6x,3618,传感器数据；原昆仑变量:sensor0118,16-bit Unsigned
传感器_0119,MODBUS RTU,6x,3619,传感器数据；原昆仑变量:sensor0119,16-bit Unsigned
传感器_0120,MODBUS RTU,6x,3620,传感器数据；原昆仑变量:sensor0120,16-bit Unsigned
传感器_0121,MODBUS RTU,6x,3621,传感器数据；原昆仑变量:sensor0121,16-bit Unsigned
传感器_0122,MODBUS RTU,6x,3622,传感器数据；原昆仑变量:sensor0122,16-bit Unsigned
传感器_0123,MODBUS RTU,6x,3623,传感器数据；原昆仑变量:sensor0123,16-bit Unsigned
传感器_0124,MODBUS RTU,6x,3624,传感器数据；原昆仑变量:sensor0124,16-bit Unsigned
传感器_0125,MODBUS RTU,6x,3625,传感器数据；原昆仑变量:sensor0125,16-bit Unsigned
传感器_0126,MODBUS RTU,6x,3626,传感器数据；原昆仑变量:sensor0126,16-bit Unsigned
传感器_0127,MODBUS RTU,6x,3627,传感器数据；原昆仑变量:sensor0127,16-bit Unsigned
传感器_0128,MODBUS RTU,6x,3628,传感器数据；原昆仑变量:sensor0128,16-bit Unsigned
传感器_0129,MODBUS RTU,6x,3629,传感器数据；原昆仑变量:sensor0129,16-bit Unsigned
传感器_0130,MODBUS RTU,6x,3630,传感器数据；原昆仑变量:sensor0130,16-bit Unsigned
传感器_0131,MODBUS RTU,6x,3631,传感器数据；原昆仑变量:sensor0131,16-bit Unsigned
传感器_0132,MODBUS RTU,6x,3632,传感器数据；原昆仑变量:sensor0132,16-bit Unsigned
传感器_0133,MODBUS RTU,6x,3633,传感器数据；原昆仑变量:sensor0133,16-bit Unsigned
传感器_0134,MODBUS RTU,6x,3634,传感器数据；原昆仑变量:sensor0134,16-bit Unsigned
传感器_0135,MODBUS RTU,6x,3635,传感器数据；原昆仑变量:sensor0135,16-bit Unsigned
传感器_0136,MODBUS RTU,6x,3636,传感器数据；原昆仑变量:sensor0136,16-bit Unsigned
传感器_0137,MODBUS RTU,6x,3637,传感器数据；原昆仑变量:sensor0137,16-bit Unsigned
传感器_0138,MODBUS RTU,6x,3638,传感器数据；原昆仑变量:sensor0138,16-bit Unsigned
传感器_0139,MODBUS RTU,6x,3639,传感器数据；原昆仑变量:sensor0139,16-bit Unsigned
传感器_0140,MODBUS RTU,6x,3640,传感器数据；原昆仑变量:sensor0140,16-bit Unsigned
传感器_0141,MODBUS RTU,6x,3641,传感器数据；原昆仑变量:sensor0141,16-bit Unsigned
传感器_0142,MODBUS RTU,6x,3642,传感器数据；原昆仑变量:sensor0142,16-bit Unsigned
传感器_0143,MODBUS RTU,6x,3643,传感器数据；原昆仑变量:sensor0143,16-bit Unsigned
传感器_0144,MODBUS RTU,6x,3644,传感器数据；原昆仑变量:sensor0144,16-bit Unsigned
传感器_0145,MODBUS RTU,6x,3645,传感器数据；原昆仑变量:sensor0145,16-bit Unsigned
传感器_0146,MODBUS RTU,6x,3646,传感器数据；原昆仑变量:sensor0146,16-bit Unsigned
传感器_0147,MODBUS RTU,6x,3647,传感器数据；原昆仑变量:sensor0147,16-bit Unsigned
传感器_0148,MODBUS RTU,6x,3648,传感器数据；原昆仑变量:sensor0148,16-bit Unsigned
传感器_0149,MODBUS RTU,6x,3649,传感器数据；原昆仑变量:sensor0149,16-bit Unsigned
传感器_0150,MODBUS RTU,6x,3650,传感器数据；原昆仑变量:sensor0150,16-bit Unsigned
传感器_0151,MODBUS RTU,6x,3651,传感器数据；原昆仑变量:sensor0151,16-bit Unsigned
传感器_0152,MODBUS RTU,6x,3652,传感器数据；原昆仑变量:sensor0152,16-bit Unsigned
传感器_0153,MODBUS RTU,6x,3653,传感器数据；原昆仑变量:sensor0153,16-bit Unsigned
传感器_0154,MODBUS RTU,6x,3654,传感器数据；原昆仑变量:sensor0154,16-bit Unsigned
传感器_0155,MODBUS RTU,6x,3655,传感器数据；原昆仑变量:sensor0155,16-bit Unsigned
传感器_0156,MODBUS RTU,6x,3656,传感器数据；原昆仑变量:sensor0156,16-bit Unsigned
传感器_0157,MODBUS RTU,6x,3657,传感器数据；原昆仑变量:sensor0157,16-bit Unsigned
传感器_0158,MODBUS RTU,6x,3658,传感器数据；原昆仑变量:sensor0158,16-bit Unsigned
传感器_0159,MODBUS RTU,6x,3659,传感器数据；原昆仑变量:sensor0159,16-bit Unsigned
传感器_0160,MODBUS RTU,6x,3660,传感器数据；原昆仑变量:sensor0160,16-bit Unsigned
传感器_0161,MODBUS RTU,6x,3661,传感器数据；原昆仑变量:sensor0161,16-bit Unsigned
传感器_0162,MODBUS RTU,6x,3662,传感器数据；原昆仑变量:sensor0162,16-bit Unsigned
传感器_0163,MODBUS RTU,6x,3663,传感器数据；原昆仑变量:sensor0163,16-bit Unsigned
传感器_0164,MODBUS RTU,6x,3664,传感器数据；原昆仑变量:sensor0164,16-bit Unsigned
传感器_0165,MODBUS RTU,6x,3665,传感器数据；原昆仑变量:sensor0165,16-bit Unsigned
传感器_0166,MODBUS RTU,6x,3666,传感器数据；原昆仑变量:sensor0166,16-bit Unsigned
传感器_0167,MODBUS RTU,6x,3667,传感器数据；原昆仑变量:sensor0167,16-bit Unsigned
传感器_0168,MODBUS RTU,6x,3668,传感器数据；原昆仑变量:sensor0168,16-bit Unsigned
传感器_0169,MODBUS RTU,6x,3669,传感器数据；原昆仑变量:sensor0169,16-bit Unsigned
传感器_0170,MODBUS RTU,6x,3670,传感器数据；原昆仑变量:sensor0170,16-bit Unsigned
传感器_0171,MODBUS RTU,6x,3671,传感器数据；原昆仑变量:sensor0171,16-bit Unsigned
传感器_0172,MODBUS RTU,6x,3672,传感器数据；原昆仑变量:sensor0172,16-bit Unsigned
传感器_0173,MODBUS RTU,6x,3673,传感器数据；原昆仑变量:sensor0173,16-bit Unsigned
传感器_0174,MODBUS RTU,6x,3674,传感器数据；原昆仑变量:sensor0174,16-bit Unsigned
传感器_0175,MODBUS RTU,6x,3675,传感器数据；原昆仑变量:sensor0175,16-bit Unsigned
传感器_0176,MODBUS RTU,6x,3676,传感器数据；原昆仑变量:sensor0176,16-bit Unsigned
传感器_0177,MODBUS RTU,6x,3677,传感器数据；原昆仑变量:sensor0177,16-bit Unsigned
传感器_0178,MODBUS RTU,6x,3678,传感器数据；原昆仑变量:sensor0178,16-bit Unsigned
传感器_0179,MODBUS RTU,6x,3679,传感器数据；原昆仑变量:sensor0179,16-bit Unsigned
传感器_0180,MODBUS RTU,6x,3680,传感器数据；原昆仑变量:sensor0180,16-bit Unsigned
传感器_0181,MODBUS RTU,6x,3681,传感器数据；原昆仑变量:sensor0181,16-bit Unsigned
传感器_0182,MODBUS RTU,6x,3682,传感器数据；原昆仑变量:sensor0182,16-bit Unsigned
传感器_0183,MODBUS RTU,6x,3683,传感器数据；原昆仑变量:sensor0183,16-bit Unsigned
传感器_0184,MODBUS RTU,6x,3684,传感器数据；原昆仑变量:sensor0184,16-bit Unsigned
传感器_0185,MODBUS RTU,6x,3685,传感器数据；原昆仑变量:sensor0185,16-bit Unsigned
传感器_0186,MODBUS RTU,6x,3686,传感器数据；原昆仑变量:sensor0186,16-bit Unsigned
传感器_0187,MODBUS RTU,6x,3687,传感器数据；原昆仑变量:sensor0187,16-bit Unsigned
传感器_0188,MODBUS RTU,6x,3688,传感器数据；原昆仑变量:sensor0188,16-bit Unsigned
传感器_0189,MODBUS RTU,6x,3689,传感器数据；原昆仑变量:sensor0189,16-bit Unsigned
传感器_0190,MODBUS RTU,6x,3690,传感器数据；原昆仑变量:sensor0190,16-bit Unsigned
传感器_0191,MODBUS RTU,6x,3691,传感器数据；原昆仑变量:sensor0191,16-bit Unsigned
传感器_0192,MODBUS RTU,6x,3692,传感器数据；原昆仑变量:sensor0192,16-bit Unsigned
传感器_0193,MODBUS RTU,6x,3693,传感器数据；原昆仑变量:sensor0193,16-bit Unsigned
传感器_0194,MODBUS RTU,6x,3694,传感器数据；原昆仑变量:sensor0194,16-bit Unsigned
传感器_0195,MODBUS RTU,6x,3695,传感器数据；原昆仑变量:sensor0195,16-bit Unsigned
传感器_0196,MODBUS RTU,6x,3696,传感器数据；原昆仑变量:sensor0196,16-bit Unsigned
传感器_0197,MODBUS RTU,6x,3697,传感器数据；原昆仑变量:sensor0197,16-bit Unsigned
传感器_0198,MODBUS RTU,6x,3698,传感器数据；原昆仑变量:sensor0198,16-bit Unsigned
传感器_0199,MODBUS RTU,6x,3699,传感器数据；原昆仑变量:sensor0199,16-bit Unsigned
传感器_0200,MODBUS RTU,6x,3700,传感器数据；原昆仑变量:sensor0200,16-bit Unsigned
传感器_0201,MODBUS RTU,6x,3701,传感器数据；原昆仑变量:sensor0201,16-bit Unsigned
传感器_0202,MODBUS RTU,6x,3702,传感器数据；原昆仑变量:sensor0202,16-bit Unsigned
传感器_0203,MODBUS RTU,6x,3703,传感器数据；原昆仑变量:sensor0203,16-bit Unsigned
传感器_0204,MODBUS RTU,6x,3704,传感器数据；原昆仑变量:sensor0204,16-bit Unsigned
传感器_0205,MODBUS RTU,6x,3705,传感器数据；原昆仑变量:sensor0205,16-bit Unsigned
传感器_0206,MODBUS RTU,6x,3706,传感器数据；原昆仑变量:sensor0206,16-bit Unsigned
传感器_0207,MODBUS RTU,6x,3707,传感器数据；原昆仑变量:sensor0207,16-bit Unsigned
传感器_0208,MODBUS RTU,6x,3708,传感器数据；原昆仑变量:sensor0208,16-bit Unsigned
传感器_0209,MODBUS RTU,6x,3709,传感器数据；原昆仑变量:sensor0209,16-bit Unsigned
传感器_0210,MODBUS RTU,6x,3710,传感器数据；原昆仑变量:sensor0210,16-bit Unsigned
传感器_0211,MODBUS RTU,6x,3711,传感器数据；原昆仑变量:sensor0211,16-bit Unsigned
传感器_0212,MODBUS RTU,6x,3712,传感器数据；原昆仑变量:sensor0212,16-bit Unsigned
传感器_0213,MODBUS RTU,6x,3713,传感器数据；原昆仑变量:sensor0213,16-bit Unsigned
传感器_0214,MODBUS RTU,6x,3714,传感器数据；原昆仑变量:sensor0214,16-bit Unsigned
传感器_0215,MODBUS RTU,6x,3715,传感器数据；原昆仑变量:sensor0215,16-bit Unsigned
传感器_0216,MODBUS RTU,6x,3716,传感器数据；原昆仑变量:sensor0216,16-bit Unsigned
传感器_0217,MODBUS RTU,6x,3717,传感器数据；原昆仑变量:sensor0217,16-bit Unsigned
传感器_0218,MODBUS RTU,6x,3718,传感器数据；原昆仑变量:sensor0218,16-bit Unsigned
传感器_0219,MODBUS RTU,6x,3719,传感器数据；原昆仑变量:sensor0219,16-bit Unsigned
传感器_0220,MODBUS RTU,6x,3720,传感器数据；原昆仑变量:sensor0220,16-bit Unsigned
传感器_0221,MODBUS RTU,6x,3721,传感器数据；原昆仑变量:sensor0221,16-bit Unsigned
传感器_0222,MODBUS RTU,6x,3722,传感器数据；原昆仑变量:sensor0222,16-bit Unsigned
传感器_0223,MODBUS RTU,6x,3723,传感器数据；原昆仑变量:sensor0223,16-bit Unsigned
传感器_0224,MODBUS RTU,6x,3724,传感器数据；原昆仑变量:sensor0224,16-bit Unsigned
传感器_0225,MODBUS RTU,6x,3725,传感器数据；原昆仑变量:sensor0225,16-bit Unsigned
传感器_0226,MODBUS RTU,6x,3726,传感器数据；原昆仑变量:sensor0226,16-bit Unsigned
传感器_0227,MODBUS RTU,6x,3727,传感器数据；原昆仑变量:sensor0227,16-bit Unsigned
传感器_0228,MODBUS RTU,6x,3728,传感器数据；原昆仑变量:sensor0228,16-bit Unsigned
传感器_0229,MODBUS RTU,6x,3729,传感器数据；原昆仑变量:sensor0229,16-bit Unsigned
传感器_0230,MODBUS RTU,6x,3730,传感器数据；原昆仑变量:sensor0230,16-bit Unsigned
传感器_0231,MODBUS RTU,6x,3731,传感器数据；原昆仑变量:sensor0231,16-bit Unsigned
传感器_0232,MODBUS RTU,6x,3732,传感器数据；原昆仑变量:sensor0232,16-bit Unsigned
传感器_0233,MODBUS RTU,6x,3733,传感器数据；原昆仑变量:sensor0233,16-bit Unsigned
传感器_0234,MODBUS RTU,6x,3734,传感器数据；原昆仑变量:sensor0234,16-bit Unsigned
传感器_0235,MODBUS RTU,6x,3735,传感器数据；原昆仑变量:sensor0235,16-bit Unsigned
传感器_0236,MODBUS RTU,6x,3736,传感器数据；原昆仑变量:sensor0236,16-bit Unsigned
传感器_0237,MODBUS RTU,6x,3737,传感器数据；原昆仑变量:sensor0237,16-bit Unsigned
传感器_0238,MODBUS RTU,6x,3738,传感器数据；原昆仑变量:sensor0238,16-bit Unsigned
传感器_0239,MODBUS RTU,6x,3739,传感器数据；原昆仑变量:sensor0239,16-bit Unsigned
传感器_0240,MODBUS RTU,6x,3740,传感器数据；原昆仑变量:sensor0240,16-bit Unsigned
传感器_0241,MODBUS RTU,6x,3741,传感器数据；原昆仑变量:sensor0241,16-bit Unsigned
传感器_0242,MODBUS RTU,6x,3742,传感器数据；原昆仑变量:sensor0242,16-bit Unsigned
传感器_0243,MODBUS RTU,6x,3743,传感器数据；原昆仑变量:sensor0243,16-bit Unsigned
传感器_0244,MODBUS RTU,6x,3744,传感器数据；原昆仑变量:sensor0244,16-bit Unsigned
传感器_0245,MODBUS RTU,6x,3745,传感器数据；原昆仑变量:sensor0245,16-bit Unsigned
传感器_0246,MODBUS RTU,6x,3746,传感器数据；原昆仑变量:sensor0246,16-bit Unsigned
传感器_0247,MODBUS RTU,6x,3747,传感器数据；原昆仑变量:sensor0247,16-bit Unsigned
传感器_0248,MODBUS RTU,6x,3748,传感器数据；原昆仑变量:sensor0248,16-bit Unsigned
传感器_0249,MODBUS RTU,6x,3749,传感器数据；原昆仑变量:sensor0249,16-bit Unsigned
传感器_0250,MODBUS RTU,6x,3750,传感器数据；原昆仑变量:sensor0250,16-bit Unsigned
传感器_0251,MODBUS RTU,6x,3751,传感器数据；原昆仑变量:sensor0251,16-bit Unsigned
传感器_0252,MODBUS RTU,6x,3752,传感器数据；原昆仑变量:sensor0252,16-bit Unsigned
传感器_0253,MODBUS RTU,6x,3753,传感器数据；原昆仑变量:sensor0253,16-bit Unsigned
传感器_0254,MODBUS RTU,6x,3754,传感器数据；原昆仑变量:sensor0254,16-bit Unsigned
传感器_0255,MODBUS RTU,6x,3755,传感器数据；原昆仑变量:sensor0255,16-bit Unsigned
传感器_0256,MODBUS RTU,6x,3756,传感器数据；原昆仑变量:sensor0256,16-bit Unsigned
传感器_0257,MODBUS RTU,6x,3757,传感器数据；原昆仑变量:sensor0257,16-bit Unsigned
传感器_0258,MODBUS RTU,6x,3758,传感器数据；原昆仑变量:sensor0258,16-bit Unsigned
传感器_0259,MODBUS RTU,6x,3759,传感器数据；原昆仑变量:sensor0259,16-bit Unsigned
传感器_0260,MODBUS RTU,6x,3760,传感器数据；原昆仑变量:sensor0260,16-bit Unsigned
传感器_0261,MODBUS RTU,6x,3761,传感器数据；原昆仑变量:sensor0261,16-bit Unsigned
传感器_0262,MODBUS RTU,6x,3762,传感器数据；原昆仑变量:sensor0262,16-bit Unsigned
传感器_0263,MODBUS RTU,6x,3763,传感器数据；原昆仑变量:sensor0263,16-bit Unsigned
传感器_0264,MODBUS RTU,6x,3764,传感器数据；原昆仑变量:sensor0264,16-bit Unsigned
传感器_0265,MODBUS RTU,6x,3765,传感器数据；原昆仑变量:sensor0265,16-bit Unsigned
传感器_0266,MODBUS RTU,6x,3766,传感器数据；原昆仑变量:sensor0266,16-bit Unsigned
传感器_0267,MODBUS RTU,6x,3767,传感器数据；原昆仑变量:sensor0267,16-bit Unsigned
传感器_0268,MODBUS RTU,6x,3768,传感器数据；原昆仑变量:sensor0268,16-bit Unsigned
传感器_0269,MODBUS RTU,6x,3769,传感器数据；原昆仑变量:sensor0269,16-bit Unsigned
传感器_0270,MODBUS RTU,6x,3770,传感器数据；原昆仑变量:sensor0270,16-bit Unsigned
传感器_0271,MODBUS RTU,6x,3771,传感器数据；原昆仑变量:sensor0271,16-bit Unsigned
传感器_0272,MODBUS RTU,6x,3772,传感器数据；原昆仑变量:sensor0272,16-bit Unsigned
传感器_0273,MODBUS RTU,6x,3773,传感器数据；原昆仑变量:sensor0273,16-bit Unsigned
传感器_0274,MODBUS RTU,6x,3774,传感器数据；原昆仑变量:sensor0274,16-bit Unsigned
传感器_0275,MODBUS RTU,6x,3775,传感器数据；原昆仑变量:sensor0275,16-bit Unsigned
传感器_0276,MODBUS RTU,6x,3776,传感器数据；原昆仑变量:sensor0276,16-bit Unsigned
传感器_0277,MODBUS RTU,6x,3777,传感器数据；原昆仑变量:sensor0277,16-bit Unsigned
传感器_0278,MODBUS RTU,6x,3778,传感器数据；原昆仑变量:sensor0278,16-bit Unsigned
传感器_0279,MODBUS RTU,6x,3779,传感器数据；原昆仑变量:sensor0279,16-bit Unsigned
传感器_0280,MODBUS RTU,6x,3780,传感器数据；原昆仑变量:sensor0280,16-bit Unsigned
传感器_0281,MODBUS RTU,6x,3781,传感器数据；原昆仑变量:sensor0281,16-bit Unsigned
传感器_0282,MODBUS RTU,6x,3782,传感器数据；原昆仑变量:sensor0282,16-bit Unsigned
传感器_0283,MODBUS RTU,6x,3783,传感器数据；原昆仑变量:sensor0283,16-bit Unsigned
传感器_0284,MODBUS RTU,6x,3784,传感器数据；原昆仑变量:sensor0284,16-bit Unsigned
传感器_0285,MODBUS RTU,6x,3785,传感器数据；原昆仑变量:sensor0285,16-bit Unsigned
传感器_0286,MODBUS RTU,6x,3786,传感器数据；原昆仑变量:sensor0286,16-bit Unsigned
传感器_0287,MODBUS RTU,6x,3787,传感器数据；原昆仑变量:sensor0287,16-bit Unsigned
传感器_0288,MODBUS RTU,6x,3788,传感器数据；原昆仑变量:sensor0288,16-bit Unsigned
传感器_0289,MODBUS RTU,6x,3789,传感器数据；原昆仑变量:sensor0289,16-bit Unsigned
传感器_0290,MODBUS RTU,6x,3790,传感器数据；原昆仑变量:sensor0290,16-bit Unsigned
传感器_0291,MODBUS RTU,6x,3791,传感器数据；原昆仑变量:sensor0291,16-bit Unsigned
传感器_0292,MODBUS RTU,6x,3792,传感器数据；原昆仑变量:sensor0292,16-bit Unsigned
传感器_0293,MODBUS RTU,6x,3793,传感器数据；原昆仑变量:sensor0293,16-bit Unsigned
传感器_0294,MODBUS RTU,6x,3794,传感器数据；原昆仑变量:sensor0294,16-bit Unsigned
传感器_0295,MODBUS RTU,6x,3795,传感器数据；原昆仑变量:sensor0295,16-bit Unsigned
传感器_0296,MODBUS RTU,6x,3796,传感器数据；原昆仑变量:sensor0296,16-bit Unsigned
传感器_0297,MODBUS RTU,6x,3797,传感器数据；原昆仑变量:sensor0297,16-bit Unsigned
传感器_0298,MODBUS RTU,6x,3798,传感器数据；原昆仑变量:sensor0298,16-bit Unsigned
传感器_0299,MODBUS RTU,6x,3799,传感器数据；原昆仑变量:sensor0299,16-bit Unsigned
传感器_0300,MODBUS RTU,6x,3800,传感器数据；原昆仑变量:sensor0300,16-bit Unsigned
传感器_0301,MODBUS RTU,6x,3801,传感器数据；原昆仑变量:sensor0301,16-bit Unsigned
传感器_0302,MODBUS RTU,6x,3802,传感器数据；原昆仑变量:sensor0302,16-bit Unsigned
传感器_0303,MODBUS RTU,6x,3803,传感器数据；原昆仑变量:sensor0303,16-bit Unsigned
传感器_0304,MODBUS RTU,6x,3804,传感器数据；原昆仑变量:sensor0304,16-bit Unsigned
传感器_0305,MODBUS RTU,6x,3805,传感器数据；原昆仑变量:sensor0305,16-bit Unsigned
传感器_0306,MODBUS RTU,6x,3806,传感器数据；原昆仑变量:sensor0306,16-bit Unsigned
传感器_0307,MODBUS RTU,6x,3807,传感器数据；原昆仑变量:sensor0307,16-bit Unsigned
传感器_0308,MODBUS RTU,6x,3808,传感器数据；原昆仑变量:sensor0308,16-bit Unsigned
传感器_0309,MODBUS RTU,6x,3809,传感器数据；原昆仑变量:sensor0309,16-bit Unsigned
传感器_0310,MODBUS RTU,6x,3810,传感器数据；原昆仑变量:sensor0310,16-bit Unsigned
传感器_0311,MODBUS RTU,6x,3811,传感器数据；原昆仑变量:sensor0311,16-bit Unsigned
传感器_0312,MODBUS RTU,6x,3812,传感器数据；原昆仑变量:sensor0312,16-bit Unsigned
传感器_0313,MODBUS RTU,6x,3813,传感器数据；原昆仑变量:sensor0313,16-bit Unsigned
传感器_0314,MODBUS RTU,6x,3814,传感器数据；原昆仑变量:sensor0314,16-bit Unsigned
传感器_0315,MODBUS RTU,6x,3815,传感器数据；原昆仑变量:sensor0315,16-bit Unsigned
传感器_0316,MODBUS RTU,6x,3816,传感器数据；原昆仑变量:sensor0316,16-bit Unsigned
传感器_0317,MODBUS RTU,6x,3817,传感器数据；原昆仑变量:sensor0317,16-bit Unsigned
传感器_0318,MODBUS RTU,6x,3818,传感器数据；原昆仑变量:sensor0318,16-bit Unsigned
传感器_0319,MODBUS RTU,6x,3819,传感器数据；原昆仑变量:sensor0319,16-bit Unsigned
传感器_0320,MODBUS RTU,6x,3820,传感器数据；原昆仑变量:sensor0320,16-bit Unsigned
传感器_0321,MODBUS RTU,6x,3821,传感器数据；原昆仑变量:sensor0321,16-bit Unsigned
传感器_0322,MODBUS RTU,6x,3822,传感器数据；原昆仑变量:sensor0322,16-bit Unsigned
传感器_0323,MODBUS RTU,6x,3823,传感器数据；原昆仑变量:sensor0323,16-bit Unsigned
传感器_0324,MODBUS RTU,6x,3824,传感器数据；原昆仑变量:sensor0324,16-bit Unsigned
传感器_0325,MODBUS RTU,6x,3825,传感器数据；原昆仑变量:sensor0325,16-bit Unsigned
传感器_0326,MODBUS RTU,6x,3826,传感器数据；原昆仑变量:sensor0326,16-bit Unsigned
传感器_0327,MODBUS RTU,6x,3827,传感器数据；原昆仑变量:sensor0327,16-bit Unsigned
传感器_0328,MODBUS RTU,6x,3828,传感器数据；原昆仑变量:sensor0328,16-bit Unsigned
传感器_0329,MODBUS RTU,6x,3829,传感器数据；原昆仑变量:sensor0329,16-bit Unsigned
传感器_0330,MODBUS RTU,6x,3830,传感器数据；原昆仑变量:sensor0330,16-bit Unsigned
传感器_0331,MODBUS RTU,6x,3831,传感器数据；原昆仑变量:sensor0331,16-bit Unsigned
传感器_0332,MODBUS RTU,6x,3832,传感器数据；原昆仑变量:sensor0332,16-bit Unsigned
传感器_0333,MODBUS RTU,6x,3833,传感器数据；原昆仑变量:sensor0333,16-bit Unsigned
传感器_0334,MODBUS RTU,6x,3834,传感器数据；原昆仑变量:sensor0334,16-bit Unsigned
传感器_0335,MODBUS RTU,6x,3835,传感器数据；原昆仑变量:sensor0335,16-bit Unsigned
传感器_0336,MODBUS RTU,6x,3836,传感器数据；原昆仑变量:sensor0336,16-bit Unsigned
传感器_0337,MODBUS RTU,6x,3837,传感器数据；原昆仑变量:sensor0337,16-bit Unsigned
传感器_0338,MODBUS RTU,6x,3838,传感器数据；原昆仑变量:sensor0338,16-bit Unsigned
传感器_0339,MODBUS RTU,6x,3839,传感器数据；原昆仑变量:sensor0339,16-bit Unsigned
传感器_0340,MODBUS RTU,6x,3840,传感器数据；原昆仑变量:sensor0340,16-bit Unsigned
传感器_0341,MODBUS RTU,6x,3841,传感器数据；原昆仑变量:sensor0341,16-bit Unsigned
传感器_0342,MODBUS RTU,6x,3842,传感器数据；原昆仑变量:sensor0342,16-bit Unsigned
传感器_0343,MODBUS RTU,6x,3843,传感器数据；原昆仑变量:sensor0343,16-bit Unsigned
传感器_0344,MODBUS RTU,6x,3844,传感器数据；原昆仑变量:sensor0344,16-bit Unsigned
传感器_0345,MODBUS RTU,6x,3845,传感器数据；原昆仑变量:sensor0345,16-bit Unsigned
传感器_0346,MODBUS RTU,6x,3846,传感器数据；原昆仑变量:sensor0346,16-bit Unsigned
传感器_0347,MODBUS RTU,6x,3847,传感器数据；原昆仑变量:sensor0347,16-bit Unsigned
传感器_0348,MODBUS RTU,6x,3848,传感器数据；原昆仑变量:sensor0348,16-bit Unsigned
传感器_0349,MODBUS RTU,6x,3849,传感器数据；原昆仑变量:sensor0349,16-bit Unsigned
传感器_0350,MODBUS RTU,6x,3850,传感器数据；原昆仑变量:sensor0350,16-bit Unsigned
传感器_0351,MODBUS RTU,6x,3851,传感器数据；原昆仑变量:sensor0351,16-bit Unsigned
传感器_0352,MODBUS RTU,6x,3852,传感器数据；原昆仑变量:sensor0352,16-bit Unsigned
传感器_0353,MODBUS RTU,6x,3853,传感器数据；原昆仑变量:sensor0353,16-bit Unsigned
传感器_0354,MODBUS RTU,6x,3854,传感器数据；原昆仑变量:sensor0354,16-bit Unsigned
传感器_0355,MODBUS RTU,6x,3855,传感器数据；原昆仑变量:sensor0355,16-bit Unsigned
传感器_0356,MODBUS RTU,6x,3856,传感器数据；原昆仑变量:sensor0356,16-bit Unsigned
传感器_0357,MODBUS RTU,6x,3857,传感器数据；原昆仑变量:sensor0357,16-bit Unsigned
传感器_0358,MODBUS RTU,6x,3858,传感器数据；原昆仑变量:sensor0358,16-bit Unsigned
传感器_0359,MODBUS RTU,6x,3859,传感器数据；原昆仑变量:sensor0359,16-bit Unsigned
传感器_0360,MODBUS RTU,6x,3860,传感器数据；原昆仑变量:sensor0360,16-bit Unsigned
传感器_0361,MODBUS RTU,6x,3861,传感器数据；原昆仑变量:sensor0361,16-bit Unsigned
传感器_0362,MODBUS RTU,6x,3862,传感器数据；原昆仑变量:sensor0362,16-bit Unsigned
传感器_0363,MODBUS RTU,6x,3863,传感器数据；原昆仑变量:sensor0363,16-bit Unsigned
传感器_0364,MODBUS RTU,6x,3864,传感器数据；原昆仑变量:sensor0364,16-bit Unsigned
传感器_0365,MODBUS RTU,6x,3865,传感器数据；原昆仑变量:sensor0365,16-bit Unsigned
传感器_0366,MODBUS RTU,6x,3866,传感器数据；原昆仑变量:sensor0366,16-bit Unsigned
传感器_0367,MODBUS RTU,6x,3867,传感器数据；原昆仑变量:sensor0367,16-bit Unsigned
传感器_0368,MODBUS RTU,6x,3868,传感器数据；原昆仑变量:sensor0368,16-bit Unsigned
传感器_0369,MODBUS RTU,6x,3869,传感器数据；原昆仑变量:sensor0369,16-bit Unsigned
传感器_0370,MODBUS RTU,6x,3870,传感器数据；原昆仑变量:sensor0370,16-bit Unsigned
传感器_0371,MODBUS RTU,6x,3871,传感器数据；原昆仑变量:sensor0371,16-bit Unsigned
传感器_0372,MODBUS RTU,6x,3872,传感器数据；原昆仑变量:sensor0372,16-bit Unsigned
传感器_0373,MODBUS RTU,6x,3873,传感器数据；原昆仑变量:sensor0373,16-bit Unsigned
传感器_0374,MODBUS RTU,6x,3874,传感器数据；原昆仑变量:sensor0374,16-bit Unsigned
传感器_0375,MODBUS RTU,6x,3875,传感器数据；原昆仑变量:sensor0375,16-bit Unsigned
传感器_0376,MODBUS RTU,6x,3876,传感器数据；原昆仑变量:sensor0376,16-bit Unsigned
传感器_0377,MODBUS RTU,6x,3877,传感器数据；原昆仑变量:sensor0377,16-bit Unsigned
传感器_0378,MODBUS RTU,6x,3878,传感器数据；原昆仑变量:sensor0378,16-bit Unsigned
传感器_0379,MODBUS RTU,6x,3879,传感器数据；原昆仑变量:sensor0379,16-bit Unsigned
传感器_0380,MODBUS RTU,6x,3880,传感器数据；原昆仑变量:sensor0380,16-bit Unsigned
传感器_0381,MODBUS RTU,6x,3881,传感器数据；原昆仑变量:sensor0381,16-bit Unsigned
传感器_0382,MODBUS RTU,6x,3882,传感器数据；原昆仑变量:sensor0382,16-bit Unsigned
传感器_0383,MODBUS RTU,6x,3883,传感器数据；原昆仑变量:sensor0383,16-bit Unsigned
传感器_0384,MODBUS RTU,6x,3884,传感器数据；原昆仑变量:sensor0384,16-bit Unsigned
传感器_0385,MODBUS RTU,6x,3885,传感器数据；原昆仑变量:sensor0385,16-bit Unsigned
传感器_0386,MODBUS RTU,6x,3886,传感器数据；原昆仑变量:sensor0386,16-bit Unsigned
传感器_0387,MODBUS RTU,6x,3887,传感器数据；原昆仑变量:sensor0387,16-bit Unsigned
传感器_0388,MODBUS RTU,6x,3888,传感器数据；原昆仑变量:sensor0388,16-bit Unsigned
传感器_0389,MODBUS RTU,6x,3889,传感器数据；原昆仑变量:sensor0389,16-bit Unsigned
传感器_0390,MODBUS RTU,6x,3890,传感器数据；原昆仑变量:sensor0390,16-bit Unsigned
传感器_0391,MODBUS RTU,6x,3891,传感器数据；原昆仑变量:sensor0391,16-bit Unsigned
传感器_0392,MODBUS RTU,6x,3892,传感器数据；原昆仑变量:sensor0392,16-bit Unsigned
传感器_0393,MODBUS RTU,6x,3893,传感器数据；原昆仑变量:sensor0393,16-bit Unsigned
传感器_0394,MODBUS RTU,6x,3894,传感器数据；原昆仑变量:sensor0394,16-bit Unsigned
传感器_0395,MODBUS RTU,6x,3895,传感器数据；原昆仑变量:sensor0395,16-bit Unsigned
传感器_0396,MODBUS RTU,6x,3896,传感器数据；原昆仑变量:sensor0396,16-bit Unsigned
传感器_0397,MODBUS RTU,6x,3897,传感器数据；原昆仑变量:sensor0397,16-bit Unsigned
传感器_0398,MODBUS RTU,6x,3898,传感器数据；原昆仑变量:sensor0398,16-bit Unsigned
传感器_0399,MODBUS RTU,6x,3899,传感器数据；原昆仑变量:sensor0399,16-bit Unsigned
传感器_0400,MODBUS RTU,6x,3900,传感器数据；原昆仑变量:sensor0400,16-bit Unsigned
传感器_0401,MODBUS RTU,4x,3901,传感器数据；原昆仑变量:sensor0401,16-bit Unsigned
传感器_0402,MODBUS RTU,4x,3902,传感器数据；原昆仑变量:sensor0402,16-bit Unsigned
传感器_0403,MODBUS RTU,4x,3903,传感器数据；原昆仑变量:sensor0403,16-bit Unsigned
传感器_0404,MODBUS RTU,4x,3904,传感器数据；原昆仑变量:sensor0404,16-bit Unsigned
传感器_0405,MODBUS RTU,4x,3905,传感器数据；原昆仑变量:sensor0405,16-bit Unsigned
传感器_0406,MODBUS RTU,4x,3906,传感器数据；原昆仑变量:sensor0406,16-bit Unsigned
传感器_0407,MODBUS RTU,4x,3907,传感器数据；原昆仑变量:sensor0407,16-bit Unsigned
传感器_0408,MODBUS RTU,4x,3908,传感器数据；原昆仑变量:sensor0408,16-bit Unsigned
传感器_0409,MODBUS RTU,4x,3909,传感器数据；原昆仑变量:sensor0409,16-bit Unsigned
传感器_0410,MODBUS RTU,4x,3910,传感器数据；原昆仑变量:sensor0410,16-bit Unsigned
传感器_0411,MODBUS RTU,4x,3911,传感器数据；原昆仑变量:sensor0411,16-bit Unsigned
传感器_0412,MODBUS RTU,4x,3912,传感器数据；原昆仑变量:sensor0412,16-bit Unsigned
传感器_0413,MODBUS RTU,4x,3913,传感器数据；原昆仑变量:sensor0413,16-bit Unsigned
传感器_0414,MODBUS RTU,4x,3914,传感器数据；原昆仑变量:sensor0414,16-bit Unsigned
传感器_0415,MODBUS RTU,4x,3915,传感器数据；原昆仑变量:sensor0415,16-bit Unsigned
传感器_0416,MODBUS RTU,4x,3916,传感器数据；原昆仑变量:sensor0416,16-bit Unsigned
传感器_0417,MODBUS RTU,4x,3917,传感器数据；原昆仑变量:sensor0417,16-bit Unsigned
传感器_0418,MODBUS RTU,4x,3918,传感器数据；原昆仑变量:sensor0418,16-bit Unsigned
传感器_0419,MODBUS RTU,4x,3919,传感器数据；原昆仑变量:sensor0419,16-bit Unsigned
传感器_0420,MODBUS RTU,4x,3920,传感器数据；原昆仑变量:sensor0420,16-bit Unsigned
传感器_0421,MODBUS RTU,4x,3921,传感器数据；原昆仑变量:sensor0421,16-bit Unsigned
传感器_0422,MODBUS RTU,4x,3922,传感器数据；原昆仑变量:sensor0422,16-bit Unsigned
传感器_0423,MODBUS RTU,4x,3923,传感器数据；原昆仑变量:sensor0423,16-bit Unsigned
传感器_0424,MODBUS RTU,4x,3924,传感器数据；原昆仑变量:sensor0424,16-bit Unsigned
传感器_0425,MODBUS RTU,4x,3925,传感器数据；原昆仑变量:sensor0425,16-bit Unsigned
传感器_0426,MODBUS RTU,4x,3926,传感器数据；原昆仑变量:sensor0426,16-bit Unsigned
传感器_0427,MODBUS RTU,4x,3927,传感器数据；原昆仑变量:sensor0427,16-bit Unsigned
传感器_0428,MODBUS RTU,4x,3928,传感器数据；原昆仑变量:sensor0428,16-bit Unsigned
传感器_0429,MODBUS RTU,4x,3929,传感器数据；原昆仑变量:sensor0429,16-bit Unsigned
传感器_0430,MODBUS RTU,4x,3930,传感器数据；原昆仑变量:sensor0430,16-bit Unsigned
传感器_0431,MODBUS RTU,4x,3931,传感器数据；原昆仑变量:sensor0431,16-bit Unsigned
传感器_0432,MODBUS RTU,4x,3932,传感器数据；原昆仑变量:sensor0432,16-bit Unsigned
传感器_0433,MODBUS RTU,4x,3933,传感器数据；原昆仑变量:sensor0433,16-bit Unsigned
传感器_0434,MODBUS RTU,4x,3934,传感器数据；原昆仑变量:sensor0434,16-bit Unsigned
传感器_0435,MODBUS RTU,4x,3935,传感器数据；原昆仑变量:sensor0435,16-bit Unsigned
传感器_0436,MODBUS RTU,4x,3936,传感器数据；原昆仑变量:sensor0436,16-bit Unsigned
传感器_0437,MODBUS RTU,4x,3937,传感器数据；原昆仑变量:sensor0437,16-bit Unsigned
传感器_0438,MODBUS RTU,4x,3938,传感器数据；原昆仑变量:sensor0438,16-bit Unsigned
传感器_0439,MODBUS RTU,4x,3939,传感器数据；原昆仑变量:sensor0439,16-bit Unsigned
传感器_0440,MODBUS RTU,4x,3940,传感器数据；原昆仑变量:sensor0440,16-bit Unsigned
传感器_0441,MODBUS RTU,4x,3941,传感器数据；原昆仑变量:sensor0441,16-bit Unsigned
传感器_0442,MODBUS RTU,4x,3942,传感器数据；原昆仑变量:sensor0442,16-bit Unsigned
传感器_0443,MODBUS RTU,4x,3943,传感器数据；原昆仑变量:sensor0443,16-bit Unsigned
传感器_0444,MODBUS RTU,4x,3944,传感器数据；原昆仑变量:sensor0444,16-bit Unsigned
传感器_0445,MODBUS RTU,4x,3945,传感器数据；原昆仑变量:sensor0445,16-bit Unsigned
传感器_0446,MODBUS RTU,4x,3946,传感器数据；原昆仑变量:sensor0446,16-bit Unsigned
传感器_0447,MODBUS RTU,4x,3947,传感器数据；原昆仑变量:sensor0447,16-bit Unsigned
传感器_0448,MODBUS RTU,4x,3948,传感器数据；原昆仑变量:sensor0448,16-bit Unsigned
传感器_0449,MODBUS RTU,4x,3949,传感器数据；原昆仑变量:sensor0449,16-bit Unsigned
传感器_0450,MODBUS RTU,4x,3950,传感器数据；原昆仑变量:sensor0450,16-bit Unsigned
传感器_0451,MODBUS RTU,4x,3951,传感器数据；原昆仑变量:sensor0451,16-bit Unsigned
传感器_0452,MODBUS RTU,4x,3952,传感器数据；原昆仑变量:sensor0452,16-bit Unsigned
传感器_0453,MODBUS RTU,4x,3953,传感器数据；原昆仑变量:sensor0453,16-bit Unsigned
传感器_0454,MODBUS RTU,4x,3954,传感器数据；原昆仑变量:sensor0454,16-bit Unsigned
传感器_0455,MODBUS RTU,4x,3955,传感器数据；原昆仑变量:sensor0455,16-bit Unsigned
传感器_0456,MODBUS RTU,4x,3956,传感器数据；原昆仑变量:sensor0456,16-bit Unsigned
传感器_0457,MODBUS RTU,4x,3957,传感器数据；原昆仑变量:sensor0457,16-bit Unsigned
传感器_0458,MODBUS RTU,4x,3958,传感器数据；原昆仑变量:sensor0458,16-bit Unsigned
传感器_0459,MODBUS RTU,4x,3959,传感器数据；原昆仑变量:sensor0459,16-bit Unsigned
传感器_0460,MODBUS RTU,4x,3960,传感器数据；原昆仑变量:sensor0460,16-bit Unsigned
传感器_0461,MODBUS RTU,4x,3961,传感器数据；原昆仑变量:sensor0461,16-bit Unsigned
传感器_0462,MODBUS RTU,4x,3962,传感器数据；原昆仑变量:sensor0462,16-bit Unsigned
传感器_0463,MODBUS RTU,4x,3963,传感器数据；原昆仑变量:sensor0463,16-bit Unsigned
传感器_0464,MODBUS RTU,4x,3964,传感器数据；原昆仑变量:sensor0464,16-bit Unsigned
传感器_0465,MODBUS RTU,4x,3965,传感器数据；原昆仑变量:sensor0465,16-bit Unsigned
传感器_0466,MODBUS RTU,4x,3966,传感器数据；原昆仑变量:sensor0466,16-bit Unsigned
传感器_0467,MODBUS RTU,4x,3967,传感器数据；原昆仑变量:sensor0467,16-bit Unsigned
传感器_0468,MODBUS RTU,4x,3968,传感器数据；原昆仑变量:sensor0468,16-bit Unsigned
传感器_0469,MODBUS RTU,4x,3969,传感器数据；原昆仑变量:sensor0469,16-bit Unsigned
传感器_0470,MODBUS RTU,4x,3970,传感器数据；原昆仑变量:sensor0470,16-bit Unsigned
传感器_0471,MODBUS RTU,4x,3971,传感器数据；原昆仑变量:sensor0471,16-bit Unsigned
传感器_0472,MODBUS RTU,4x,3972,传感器数据；原昆仑变量:sensor0472,16-bit Unsigned
传感器_0473,MODBUS RTU,4x,3973,传感器数据；原昆仑变量:sensor0473,16-bit Unsigned
传感器_0474,MODBUS RTU,4x,3974,传感器数据；原昆仑变量:sensor0474,16-bit Unsigned
传感器_0475,MODBUS RTU,4x,3975,传感器数据；原昆仑变量:sensor0475,16-bit Unsigned
传感器_0476,MODBUS RTU,4x,3976,传感器数据；原昆仑变量:sensor0476,16-bit Unsigned
传感器_0477,MODBUS RTU,4x,3977,传感器数据；原昆仑变量:sensor0477,16-bit Unsigned
传感器_0478,MODBUS RTU,4x,3978,传感器数据；原昆仑变量:sensor0478,16-bit Unsigned
传感器_0479,MODBUS RTU,4x,3979,传感器数据；原昆仑变量:sensor0479,16-bit Unsigned
传感器_0480,MODBUS RTU,4x,3980,传感器数据；原昆仑变量:sensor0480,16-bit Unsigned
传感器_0481,MODBUS RTU,4x,3981,传感器数据；原昆仑变量:sensor0481,16-bit Unsigned
传感器_0482,MODBUS RTU,4x,3982,传感器数据；原昆仑变量:sensor0482,16-bit Unsigned
传感器_0483,MODBUS RTU,4x,3983,传感器数据；原昆仑变量:sensor0483,16-bit Unsigned
传感器_0484,MODBUS RTU,4x,3984,传感器数据；原昆仑变量:sensor0484,16-bit Unsigned
传感器_0485,MODBUS RTU,4x,3985,传感器数据；原昆仑变量:sensor0485,16-bit Unsigned
传感器_0486,MODBUS RTU,4x,3986,传感器数据；原昆仑变量:sensor0486,16-bit Unsigned
传感器_0487,MODBUS RTU,4x,3987,传感器数据；原昆仑变量:sensor0487,16-bit Unsigned
传感器_0488,MODBUS RTU,4x,3988,传感器数据；原昆仑变量:sensor0488,16-bit Unsigned
传感器_0489,MODBUS RTU,4x,3989,传感器数据；原昆仑变量:sensor0489,16-bit Unsigned
传感器_0490,MODBUS RTU,4x,3990,传感器数据；原昆仑变量:sensor0490,16-bit Unsigned
传感器_0491,MODBUS RTU,4x,3991,传感器数据；原昆仑变量:sensor0491,16-bit Unsigned
传感器_0492,MODBUS RTU,4x,3992,传感器数据；原昆仑变量:sensor0492,16-bit Unsigned
传感器_0493,MODBUS RTU,4x,3993,传感器数据；原昆仑变量:sensor0493,16-bit Unsigned
传感器_0494,MODBUS RTU,4x,3994,传感器数据；原昆仑变量:sensor0494,16-bit Unsigned
传感器_0495,MODBUS RTU,4x,3995,传感器数据；原昆仑变量:sensor0495,16-bit Unsigned
传感器_0496,MODBUS RTU,4x,3996,传感器数据；原昆仑变量:sensor0496,16-bit Unsigned
传感器_0497,MODBUS RTU,4x,3997,传感器数据；原昆仑变量:sensor0497,16-bit Unsigned
传感器_0498,MODBUS RTU,4x,3998,传感器数据；原昆仑变量:sensor0498,16-bit Unsigned
传感器_0499,MODBUS RTU,4x,3999,传感器数据；原昆仑变量:sensor0499,16-bit Unsigned
传感器_0500,MODBUS RTU,4x,4000,传感器数据；原昆仑变量:sensor0500,16-bit Unsigned
6组_01号_设备状态,MODBUS RTU,4x,2#1,设备状态：0停止、1运行、>=2故障/异常；原昆仑变量:设备0_读写4WUB0001；站号2,16-bit Unsigned
6组_02号_设备状态,MODBUS RTU,4x,2#2,设备状态：0停止、1运行、>=2故障/异常；原昆仑变量:设备0_读写4WUB0002；站号2,16-bit Unsigned
6组_03号_设备状态,MODBUS RTU,4x,2#3,设备状态：0停止、1运行、>=2故障/异常；原昆仑变量:设备0_读写4WUB0003；站号2,16-bit Unsigned
6组_04号_设备状态,MODBUS RTU,4x,2#4,设备状态：0停止、1运行、>=2故障/异常；原昆仑变量:设备0_读写4WUB0004；站号2,16-bit Unsigned
6组_05号_设备状态,MODBUS RTU,4x,2#5,设备状态：0停止、1运行、>=2故障/异常；原昆仑变量:设备0_读写4WUB0005；站号2,16-bit Unsigned
6组_06号_设备状态,MODBUS RTU,4x,2#6,设备状态：0停止、1运行、>=2故障/异常；原昆仑变量:设备0_读写4WUB0006；站号2,16-bit Unsigned
6组_07号_设备状态,MODBUS RTU,4x,2#7,设备状态：0停止、1运行、>=2故障/异常；原昆仑变量:设备0_读写4WUB0007；站号2,16-bit Unsigned
6组_08号_设备状态,MODBUS RTU,4x,2#8,设备状态：0停止、1运行、>=2故障/异常；原昆仑变量:设备0_读写4WUB0008；站号2,16-bit Unsigned
6组_09号_设备状态,MODBUS RTU,4x,2#9,设备状态：0停止、1运行、>=2故障/异常；原昆仑变量:设备0_读写4WUB0009；站号2,16-bit Unsigned
6组_10号_设备状态,MODBUS RTU,4x,2#10,设备状态：0停止、1运行、>=2故障/异常；原昆仑变量:设备0_读写4WUB0010；站号2,16-bit Unsigned
6组_11号_设备状态,MODBUS RTU,4x,2#11,设备状态：0停止、1运行、>=2故障/异常；原昆仑变量:设备0_读写4WUB0011；站号2,16-bit Unsigned
6组_12号_设备状态,MODBUS RTU,4x,2#12,设备状态：0停止、1运行、>=2故障/异常；原昆仑变量:设备0_读写4WUB0012；站号2,16-bit Unsigned
6组_13号_设备状态,MODBUS RTU,4x,2#13,设备状态：0停止、1运行、>=2故障/异常；原昆仑变量:设备0_读写4WUB0013；站号2,16-bit Unsigned
6组_14号_设备状态,MODBUS RTU,4x,2#14,设备状态：0停止、1运行、>=2故障/异常；原昆仑变量:设备0_读写4WUB0014；站号2,16-bit Unsigned
6组_15号_设备状态,MODBUS RTU,4x,2#15,设备状态：0停止、1运行、>=2故障/异常；原昆仑变量:设备0_读写4WUB0015；站号2,16-bit Unsigned
6组_16号_设备状态,MODBUS RTU,4x,2#16,设备状态：0停止、1运行、>=2故障/异常；原昆仑变量:设备0_读写4WUB0016；站号2,16-bit Unsigned
6组_17号_设备状态,MODBUS RTU,4x,2#17,设备状态：0停止、1运行、>=2故障/异常；原昆仑变量:设备0_读写4WUB0017；站号2,16-bit Unsigned
6组_18号_设备状态,MODBUS RTU,4x,2#18,设备状态：0停止、1运行、>=2故障/异常；原昆仑变量:设备0_读写4WUB0018；站号2,16-bit Unsigned
6组_19号_设备状态,MODBUS RTU,4x,2#19,设备状态：0停止、1运行、>=2故障/异常；原昆仑变量:设备0_读写4WUB0019；站号2,16-bit Unsigned
6组_20号_设备状态,MODBUS RTU,4x,2#20,设备状态：0停止、1运行、>=2故障/异常；原昆仑变量:设备0_读写4WUB0020；站号2,16-bit Unsigned
6组_21号_设备状态,MODBUS RTU,4x,2#21,设备状态：0停止、1运行、>=2故障/异常；原昆仑变量:设备0_读写4WUB0021；站号2,16-bit Unsigned
6组_22号_设备状态,MODBUS RTU,4x,2#22,设备状态：0停止、1运行、>=2故障/异常；原昆仑变量:设备0_读写4WUB0022；站号2,16-bit Unsigned
6组_23号_设备状态,MODBUS RTU,4x,2#23,设备状态：0停止、1运行、>=2故障/异常；原昆仑变量:设备0_读写4WUB0023；站号2,16-bit Unsigned
6组_24号_设备状态,MODBUS RTU,4x,2#24,设备状态：0停止、1运行、>=2故障/异常；原昆仑变量:设备0_读写4WUB0024；站号2,16-bit Unsigned
6组_25号_设备状态,MODBUS RTU,4x,2#25,设备状态：0停止、1运行、>=2故障/异常；原昆仑变量:设备0_读写4WUB0025；站号2,16-bit Unsigned
6组_26号_设备状态,MODBUS RTU,4x,2#26,设备状态：0停止、1运行、>=2故障/异常；原昆仑变量:设备0_读写4WUB0026；站号2,16-bit Unsigned
6组_27号_设备状态,MODBUS RTU,4x,2#27,设备状态：0停止、1运行、>=2故障/异常；原昆仑变量:设备0_读写4WUB0027；站号2,16-bit Unsigned
6组_28号_设备状态,MODBUS RTU,4x,2#28,设备状态：0停止、1运行、>=2故障/异常；原昆仑变量:设备0_读写4WUB0028；站号2,16-bit Unsigned
6组_29号_设备状态,MODBUS RTU,4x,2#29,设备状态：0停止、1运行、>=2故障/异常；原昆仑变量:设备0_读写4WUB0029；站号2,16-bit Unsigned
6组_30号_设备状态,MODBUS RTU,4x,2#30,设备状态：0停止、1运行、>=2故障/异常；原昆仑变量:设备0_读写4WUB0030；站号2,16-bit Unsigned
6组_31号_设备状态,MODBUS RTU,4x,2#31,设备状态：0停止、1运行、>=2故障/异常；原昆仑变量:设备0_读写4WUB0031；站号2,16-bit Unsigned
6组_32号_设备状态,MODBUS RTU,4x,2#32,设备状态：0停止、1运行、>=2故障/异常；原昆仑变量:设备0_读写4WUB0032；站号2,16-bit Unsigned
6组_33号_设备状态,MODBUS RTU,4x,2#33,设备状态：0停止、1运行、>=2故障/异常；原昆仑变量:设备0_读写4WUB0033；站号2,16-bit Unsigned
6组_34号_设备状态,MODBUS RTU,4x,2#34,设备状态：0停止、1运行、>=2故障/异常；原昆仑变量:设备0_读写4WUB0034；站号2,16-bit Unsigned
6组_35号_设备状态,MODBUS RTU,4x,2#35,设备状态：0停止、1运行、>=2故障/异常；原昆仑变量:设备0_读写4WUB0035；站号2,16-bit Unsigned
6组_36号_设备状态,MODBUS RTU,4x,2#36,设备状态：0停止、1运行、>=2故障/异常；原昆仑变量:设备0_读写4WUB0036；站号2,16-bit Unsigned
6组_37号_设备状态,MODBUS RTU,4x,2#37,设备状态：0停止、1运行、>=2故障/异常；原昆仑变量:设备0_读写4WUB0037；站号2,16-bit Unsigned
6组_38号_设备状态,MODBUS RTU,4x,2#38,设备状态：0停止、1运行、>=2故障/异常；原昆仑变量:设备0_读写4WUB0038；站号2,16-bit Unsigned
6组_39号_设备状态,MODBUS RTU,4x,2#39,设备状态：0停止、1运行、>=2故障/异常；原昆仑变量:设备0_读写4WUB0039；站号2,16-bit Unsigned
6组_40号_设备状态,MODBUS RTU,4x,2#40,设备状态：0停止、1运行、>=2故障/异常；原昆仑变量:设备0_读写4WUB0040；站号2,16-bit Unsigned
6组_41号_设备状态,MODBUS RTU,4x,2#41,设备状态：0停止、1运行、>=2故障/异常；原昆仑变量:设备0_读写4WUB0041；站号2,16-bit Unsigned
6组_42号_设备状态,MODBUS RTU,4x,2#42,设备状态：0停止、1运行、>=2故障/异常；原昆仑变量:设备0_读写4WUB0042；站号2,16-bit Unsigned
6组_43号_设备状态,MODBUS RTU,4x,2#43,设备状态：0停止、1运行、>=2故障/异常；原昆仑变量:设备0_读写4WUB0043；站号2,16-bit Unsigned
6组_44号_设备状态,MODBUS RTU,4x,2#44,设备状态：0停止、1运行、>=2故障/异常；原昆仑变量:设备0_读写4WUB0044；站号2,16-bit Unsigned
6组_45号_设备状态,MODBUS RTU,4x,2#45,设备状态：0停止、1运行、>=2故障/异常；原昆仑变量:设备0_读写4WUB0045；站号2,16-bit Unsigned
6组_46号_设备状态,MODBUS RTU,4x,2#46,设备状态：0停止、1运行、>=2故障/异常；原昆仑变量:设备0_读写4WUB0046；站号2,16-bit Unsigned
6组_47号_设备状态,MODBUS RTU,4x,2#47,设备状态：0停止、1运行、>=2故障/异常；原昆仑变量:设备0_读写4WUB0047；站号2,16-bit Unsigned
6组_48号_设备状态,MODBUS RTU,4x,2#48,设备状态：0停止、1运行、>=2故障/异常；原昆仑变量:设备0_读写4WUB0048；站号2,16-bit Unsigned
6组_49号_设备状态,MODBUS RTU,4x,2#49,设备状态：0停止、1运行、>=2故障/异常；原昆仑变量:设备0_读写4WUB0049；站号2,16-bit Unsigned
6组_50号_设备状态,MODBUS RTU,4x,2#50,设备状态：0停止、1运行、>=2故障/异常；原昆仑变量:设备0_读写4WUB0050；站号2,16-bit Unsigned
6组_51号_设备状态,MODBUS RTU,4x,2#51,设备状态：0停止、1运行、>=2故障/异常；原昆仑变量:设备0_读写4WUB0051；站号2,16-bit Unsigned
6组_52号_设备状态,MODBUS RTU,4x,2#52,设备状态：0停止、1运行、>=2故障/异常；原昆仑变量:设备0_读写4WUB0052；站号2,16-bit Unsigned
6组_53号_设备状态,MODBUS RTU,4x,2#53,设备状态：0停止、1运行、>=2故障/异常；原昆仑变量:设备0_读写4WUB0053；站号2,16-bit Unsigned
6组_54号_设备状态,MODBUS RTU,4x,2#54,设备状态：0停止、1运行、>=2故障/异常；原昆仑变量:设备0_读写4WUB0054；站号2,16-bit Unsigned
6组_55号_设备状态,MODBUS RTU,4x,2#55,设备状态：0停止、1运行、>=2故障/异常；原昆仑变量:设备0_读写4WUB0055；站号2,16-bit Unsigned
6组_56号_设备状态,MODBUS RTU,4x,2#56,设备状态：0停止、1运行、>=2故障/异常；原昆仑变量:设备0_读写4WUB0056；站号2,16-bit Unsigned
6组_57号_设备状态,MODBUS RTU,4x,2#57,设备状态：0停止、1运行、>=2故障/异常；原昆仑变量:设备0_读写4WUB0057；站号2,16-bit Unsigned
6组_58号_设备状态,MODBUS RTU,4x,2#58,设备状态：0停止、1运行、>=2故障/异常；原昆仑变量:设备0_读写4WUB0058；站号2,16-bit Unsigned
6组_59号_设备状态,MODBUS RTU,4x,2#59,设备状态：0停止、1运行、>=2故障/异常；原昆仑变量:设备0_读写4WUB0059；站号2,16-bit Unsigned
6组_60号_设备状态,MODBUS RTU,4x,2#60,设备状态：0停止、1运行、>=2故障/异常；原昆仑变量:设备0_读写4WUB0060；站号2,16-bit Unsigned
7组_01号_设备状态,MODBUS RTU,4x,2#61,设备状态：0停止、1运行、>=2故障/异常；原昆仑变量:设备0_读写4WUB0061；站号2,16-bit Unsigned
7组_02号_设备状态,MODBUS RTU,4x,2#62,设备状态：0停止、1运行、>=2故障/异常；原昆仑变量:设备0_读写4WUB0062；站号2,16-bit Unsigned
7组_03号_设备状态,MODBUS RTU,4x,2#63,设备状态：0停止、1运行、>=2故障/异常；原昆仑变量:设备0_读写4WUB0063；站号2,16-bit Unsigned
7组_04号_设备状态,MODBUS RTU,4x,2#64,设备状态：0停止、1运行、>=2故障/异常；原昆仑变量:设备0_读写4WUB0064；站号2,16-bit Unsigned
7组_05号_设备状态,MODBUS RTU,4x,2#65,设备状态：0停止、1运行、>=2故障/异常；原昆仑变量:设备0_读写4WUB0065；站号2,16-bit Unsigned
7组_06号_设备状态,MODBUS RTU,4x,2#66,设备状态：0停止、1运行、>=2故障/异常；原昆仑变量:设备0_读写4WUB0066；站号2,16-bit Unsigned
7组_07号_设备状态,MODBUS RTU,4x,2#67,设备状态：0停止、1运行、>=2故障/异常；原昆仑变量:设备0_读写4WUB0067；站号2,16-bit Unsigned
7组_08号_设备状态,MODBUS RTU,4x,2#68,设备状态：0停止、1运行、>=2故障/异常；原昆仑变量:设备0_读写4WUB0068；站号2,16-bit Unsigned
7组_09号_设备状态,MODBUS RTU,4x,2#69,设备状态：0停止、1运行、>=2故障/异常；原昆仑变量:设备0_读写4WUB0069；站号2,16-bit Unsigned
7组_10号_设备状态,MODBUS RTU,4x,2#70,设备状态：0停止、1运行、>=2故障/异常；原昆仑变量:设备0_读写4WUB0070；站号2,16-bit Unsigned
7组_11号_设备状态,MODBUS RTU,4x,2#71,设备状态：0停止、1运行、>=2故障/异常；原昆仑变量:设备0_读写4WUB0071；站号2,16-bit Unsigned
7组_12号_设备状态,MODBUS RTU,4x,2#72,设备状态：0停止、1运行、>=2故障/异常；原昆仑变量:设备0_读写4WUB0072；站号2,16-bit Unsigned
7组_13号_设备状态,MODBUS RTU,4x,2#73,设备状态：0停止、1运行、>=2故障/异常；原昆仑变量:设备0_读写4WUB0073；站号2,16-bit Unsigned
7组_14号_设备状态,MODBUS RTU,4x,2#74,设备状态：0停止、1运行、>=2故障/异常；原昆仑变量:设备0_读写4WUB0074；站号2,16-bit Unsigned
7组_15号_设备状态,MODBUS RTU,4x,2#75,设备状态：0停止、1运行、>=2故障/异常；原昆仑变量:设备0_读写4WUB0075；站号2,16-bit Unsigned
7组_16号_设备状态,MODBUS RTU,4x,2#76,设备状态：0停止、1运行、>=2故障/异常；原昆仑变量:设备0_读写4WUB0076；站号2,16-bit Unsigned
7组_17号_设备状态,MODBUS RTU,4x,2#77,设备状态：0停止、1运行、>=2故障/异常；原昆仑变量:设备0_读写4WUB0077；站号2,16-bit Unsigned
7组_18号_设备状态,MODBUS RTU,4x,2#78,设备状态：0停止、1运行、>=2故障/异常；原昆仑变量:设备0_读写4WUB0078；站号2,16-bit Unsigned
7组_19号_设备状态,MODBUS RTU,4x,2#79,设备状态：0停止、1运行、>=2故障/异常；原昆仑变量:设备0_读写4WUB0079；站号2,16-bit Unsigned
7组_20号_设备状态,MODBUS RTU,4x,2#80,设备状态：0停止、1运行、>=2故障/异常；原昆仑变量:设备0_读写4WUB0080；站号2,16-bit Unsigned
7组_21号_设备状态,MODBUS RTU,4x,2#81,设备状态：0停止、1运行、>=2故障/异常；原昆仑变量:设备0_读写4WUB0081；站号2,16-bit Unsigned
7组_22号_设备状态,MODBUS RTU,4x,2#82,设备状态：0停止、1运行、>=2故障/异常；原昆仑变量:设备0_读写4WUB0082；站号2,16-bit Unsigned
7组_23号_设备状态,MODBUS RTU,4x,2#83,设备状态：0停止、1运行、>=2故障/异常；原昆仑变量:设备0_读写4WUB0083；站号2,16-bit Unsigned
7组_24号_设备状态,MODBUS RTU,4x,2#84,设备状态：0停止、1运行、>=2故障/异常；原昆仑变量:设备0_读写4WUB0084；站号2,16-bit Unsigned
7组_25号_设备状态,MODBUS RTU,4x,2#85,设备状态：0停止、1运行、>=2故障/异常；原昆仑变量:设备0_读写4WUB0085；站号2,16-bit Unsigned
7组_26号_设备状态,MODBUS RTU,4x,2#86,设备状态：0停止、1运行、>=2故障/异常；原昆仑变量:设备0_读写4WUB0086；站号2,16-bit Unsigned
7组_27号_设备状态,MODBUS RTU,4x,2#87,设备状态：0停止、1运行、>=2故障/异常；原昆仑变量:设备0_读写4WUB0087；站号2,16-bit Unsigned
7组_28号_设备状态,MODBUS RTU,4x,2#88,设备状态：0停止、1运行、>=2故障/异常；原昆仑变量:设备0_读写4WUB0088；站号2,16-bit Unsigned
7组_29号_设备状态,MODBUS RTU,4x,2#89,设备状态：0停止、1运行、>=2故障/异常；原昆仑变量:设备0_读写4WUB0089；站号2,16-bit Unsigned
7组_30号_设备状态,MODBUS RTU,4x,2#90,设备状态：0停止、1运行、>=2故障/异常；原昆仑变量:设备0_读写4WUB0090；站号2,16-bit Unsigned
7组_31号_设备状态,MODBUS RTU,4x,2#91,设备状态：0停止、1运行、>=2故障/异常；原昆仑变量:设备0_读写4WUB0091；站号2,16-bit Unsigned
7组_32号_设备状态,MODBUS RTU,4x,2#92,设备状态：0停止、1运行、>=2故障/异常；原昆仑变量:设备0_读写4WUB0092；站号2,16-bit Unsigned
7组_33号_设备状态,MODBUS RTU,4x,2#93,设备状态：0停止、1运行、>=2故障/异常；原昆仑变量:设备0_读写4WUB0093；站号2,16-bit Unsigned
7组_34号_设备状态,MODBUS RTU,4x,2#94,设备状态：0停止、1运行、>=2故障/异常；原昆仑变量:设备0_读写4WUB0094；站号2,16-bit Unsigned
7组_35号_设备状态,MODBUS RTU,4x,2#95,设备状态：0停止、1运行、>=2故障/异常；原昆仑变量:设备0_读写4WUB0095；站号2,16-bit Unsigned
7组_36号_设备状态,MODBUS RTU,4x,2#96,设备状态：0停止、1运行、>=2故障/异常；原昆仑变量:设备0_读写4WUB0096；站号2,16-bit Unsigned
7组_37号_设备状态,MODBUS RTU,4x,2#97,设备状态：0停止、1运行、>=2故障/异常；原昆仑变量:设备0_读写4WUB0097；站号2,16-bit Unsigned
7组_38号_设备状态,MODBUS RTU,4x,2#98,设备状态：0停止、1运行、>=2故障/异常；原昆仑变量:设备0_读写4WUB0098；站号2,16-bit Unsigned
7组_39号_设备状态,MODBUS RTU,4x,2#99,设备状态：0停止、1运行、>=2故障/异常；原昆仑变量:设备0_读写4WUB0099；站号2,16-bit Unsigned
7组_40号_设备状态,MODBUS RTU,4x,2#100,设备状态：0停止、1运行、>=2故障/异常；原昆仑变量:设备0_读写4WUB0100；站号2,16-bit Unsigned
7组_41号_设备状态,MODBUS RTU,4x,2#101,设备状态：0停止、1运行、>=2故障/异常；原昆仑变量:设备0_读写4WUB0101；站号2,16-bit Unsigned
7组_42号_设备状态,MODBUS RTU,4x,2#102,设备状态：0停止、1运行、>=2故障/异常；原昆仑变量:设备0_读写4WUB0102；站号2,16-bit Unsigned
7组_43号_设备状态,MODBUS RTU,4x,2#103,设备状态：0停止、1运行、>=2故障/异常；原昆仑变量:设备0_读写4WUB0103；站号2,16-bit Unsigned
7组_44号_设备状态,MODBUS RTU,4x,2#104,设备状态：0停止、1运行、>=2故障/异常；原昆仑变量:设备0_读写4WUB0104；站号2,16-bit Unsigned
7组_45号_设备状态,MODBUS RTU,4x,2#105,设备状态：0停止、1运行、>=2故障/异常；原昆仑变量:设备0_读写4WUB0105；站号2,16-bit Unsigned
7组_46号_设备状态,MODBUS RTU,4x,2#106,设备状态：0停止、1运行、>=2故障/异常；原昆仑变量:设备0_读写4WUB0106；站号2,16-bit Unsigned
7组_47号_设备状态,MODBUS RTU,4x,2#107,设备状态：0停止、1运行、>=2故障/异常；原昆仑变量:设备0_读写4WUB0107；站号2,16-bit Unsigned
7组_48号_设备状态,MODBUS RTU,4x,2#108,设备状态：0停止、1运行、>=2故障/异常；原昆仑变量:设备0_读写4WUB0108；站号2,16-bit Unsigned
7组_49号_设备状态,MODBUS RTU,4x,2#109,设备状态：0停止、1运行、>=2故障/异常；原昆仑变量:设备0_读写4WUB0109；站号2,16-bit Unsigned
7组_50号_设备状态,MODBUS RTU,4x,2#110,设备状态：0停止、1运行、>=2故障/异常；原昆仑变量:设备0_读写4WUB0110；站号2,16-bit Unsigned
7组_51号_设备状态,MODBUS RTU,4x,2#111,设备状态：0停止、1运行、>=2故障/异常；原昆仑变量:设备0_读写4WUB0111；站号2,16-bit Unsigned
7组_52号_设备状态,MODBUS RTU,4x,2#112,设备状态：0停止、1运行、>=2故障/异常；原昆仑变量:设备0_读写4WUB0112；站号2,16-bit Unsigned
7组_53号_设备状态,MODBUS RTU,4x,2#113,设备状态：0停止、1运行、>=2故障/异常；原昆仑变量:设备0_读写4WUB0113；站号2,16-bit Unsigned
7组_54号_设备状态,MODBUS RTU,4x,2#114,设备状态：0停止、1运行、>=2故障/异常；原昆仑变量:设备0_读写4WUB0114；站号2,16-bit Unsigned
7组_55号_设备状态,MODBUS RTU,4x,2#115,设备状态：0停止、1运行、>=2故障/异常；原昆仑变量:设备0_读写4WUB0115；站号2,16-bit Unsigned
7组_56号_设备状态,MODBUS RTU,4x,2#116,设备状态：0停止、1运行、>=2故障/异常；原昆仑变量:设备0_读写4WUB0116；站号2,16-bit Unsigned
7组_57号_设备状态,MODBUS RTU,4x,2#117,设备状态：0停止、1运行、>=2故障/异常；原昆仑变量:设备0_读写4WUB0117；站号2,16-bit Unsigned
7组_58号_设备状态,MODBUS RTU,4x,2#118,设备状态：0停止、1运行、>=2故障/异常；原昆仑变量:设备0_读写4WUB0118；站号2,16-bit Unsigned
7组_59号_设备状态,MODBUS RTU,4x,2#119,设备状态：0停止、1运行、>=2故障/异常；原昆仑变量:设备0_读写4WUB0119；站号2,16-bit Unsigned
7组_60号_设备状态,MODBUS RTU,4x,2#120,设备状态：0停止、1运行、>=2故障/异常；原昆仑变量:设备0_读写4WUB0120；站号2,16-bit Unsigned
8组_01号_设备状态,MODBUS RTU,4x,2#121,设备状态：0停止、1运行、>=2故障/异常；原昆仑变量:设备0_读写4WUB0121；站号2,16-bit Unsigned
8组_02号_设备状态,MODBUS RTU,4x,2#122,设备状态：0停止、1运行、>=2故障/异常；原昆仑变量:设备0_读写4WUB0122；站号2,16-bit Unsigned
8组_03号_设备状态,MODBUS RTU,4x,2#123,设备状态：0停止、1运行、>=2故障/异常；原昆仑变量:设备0_读写4WUB0123；站号2,16-bit Unsigned
8组_04号_设备状态,MODBUS RTU,4x,2#124,设备状态：0停止、1运行、>=2故障/异常；原昆仑变量:设备0_读写4WUB0124；站号2,16-bit Unsigned
8组_05号_设备状态,MODBUS RTU,4x,2#125,设备状态：0停止、1运行、>=2故障/异常；原昆仑变量:设备0_读写4WUB0125；站号2,16-bit Unsigned
8组_06号_设备状态,MODBUS RTU,4x,2#126,设备状态：0停止、1运行、>=2故障/异常；原昆仑变量:设备0_读写4WUB0126；站号2,16-bit Unsigned
8组_07号_设备状态,MODBUS RTU,4x,2#127,设备状态：0停止、1运行、>=2故障/异常；原昆仑变量:设备0_读写4WUB0127；站号2,16-bit Unsigned
8组_08号_设备状态,MODBUS RTU,4x,2#128,设备状态：0停止、1运行、>=2故障/异常；原昆仑变量:设备0_读写4WUB0128；站号2,16-bit Unsigned
8组_09号_设备状态,MODBUS RTU,4x,2#129,设备状态：0停止、1运行、>=2故障/异常；原昆仑变量:设备0_读写4WUB0129；站号2,16-bit Unsigned
8组_10号_设备状态,MODBUS RTU,4x,2#130,设备状态：0停止、1运行、>=2故障/异常；原昆仑变量:设备0_读写4WUB0130；站号2,16-bit Unsigned
8组_11号_设备状态,MODBUS RTU,4x,2#131,设备状态：0停止、1运行、>=2故障/异常；原昆仑变量:设备0_读写4WUB0131；站号2,16-bit Unsigned
8组_12号_设备状态,MODBUS RTU,4x,2#132,设备状态：0停止、1运行、>=2故障/异常；原昆仑变量:设备0_读写4WUB0132；站号2,16-bit Unsigned
8组_13号_设备状态,MODBUS RTU,4x,2#133,设备状态：0停止、1运行、>=2故障/异常；原昆仑变量:设备0_读写4WUB0133；站号2,16-bit Unsigned
8组_14号_设备状态,MODBUS RTU,4x,2#134,设备状态：0停止、1运行、>=2故障/异常；原昆仑变量:设备0_读写4WUB0134；站号2,16-bit Unsigned
8组_15号_设备状态,MODBUS RTU,4x,2#135,设备状态：0停止、1运行、>=2故障/异常；原昆仑变量:设备0_读写4WUB0135；站号2,16-bit Unsigned
8组_16号_设备状态,MODBUS RTU,4x,2#136,设备状态：0停止、1运行、>=2故障/异常；原昆仑变量:设备0_读写4WUB0136；站号2,16-bit Unsigned
8组_17号_设备状态,MODBUS RTU,4x,2#137,设备状态：0停止、1运行、>=2故障/异常；原昆仑变量:设备0_读写4WUB0137；站号2,16-bit Unsigned
8组_18号_设备状态,MODBUS RTU,4x,2#138,设备状态：0停止、1运行、>=2故障/异常；原昆仑变量:设备0_读写4WUB0138；站号2,16-bit Unsigned
8组_19号_设备状态,MODBUS RTU,4x,2#139,设备状态：0停止、1运行、>=2故障/异常；原昆仑变量:设备0_读写4WUB0139；站号2,16-bit Unsigned
8组_20号_设备状态,MODBUS RTU,4x,2#140,设备状态：0停止、1运行、>=2故障/异常；原昆仑变量:设备0_读写4WUB0140；站号2,16-bit Unsigned
8组_21号_设备状态,MODBUS RTU,4x,2#141,设备状态：0停止、1运行、>=2故障/异常；原昆仑变量:设备0_读写4WUB0141；站号2,16-bit Unsigned
8组_22号_设备状态,MODBUS RTU,4x,2#142,设备状态：0停止、1运行、>=2故障/异常；原昆仑变量:设备0_读写4WUB0142；站号2,16-bit Unsigned
8组_23号_设备状态,MODBUS RTU,4x,2#143,设备状态：0停止、1运行、>=2故障/异常；原昆仑变量:设备0_读写4WUB0143；站号2,16-bit Unsigned
8组_24号_设备状态,MODBUS RTU,4x,2#144,设备状态：0停止、1运行、>=2故障/异常；原昆仑变量:设备0_读写4WUB0144；站号2,16-bit Unsigned
8组_25号_设备状态,MODBUS RTU,4x,2#145,设备状态：0停止、1运行、>=2故障/异常；原昆仑变量:设备0_读写4WUB0145；站号2,16-bit Unsigned
8组_26号_设备状态,MODBUS RTU,4x,2#146,设备状态：0停止、1运行、>=2故障/异常；原昆仑变量:设备0_读写4WUB0146；站号2,16-bit Unsigned
8组_27号_设备状态,MODBUS RTU,4x,2#147,设备状态：0停止、1运行、>=2故障/异常；原昆仑变量:设备0_读写4WUB0147；站号2,16-bit Unsigned
8组_28号_设备状态,MODBUS RTU,4x,2#148,设备状态：0停止、1运行、>=2故障/异常；原昆仑变量:设备0_读写4WUB0148；站号2,16-bit Unsigned
8组_29号_设备状态,MODBUS RTU,4x,2#149,设备状态：0停止、1运行、>=2故障/异常；原昆仑变量:设备0_读写4WUB0149；站号2,16-bit Unsigned
8组_30号_设备状态,MODBUS RTU,4x,2#150,设备状态：0停止、1运行、>=2故障/异常；原昆仑变量:设备0_读写4WUB0150；站号2,16-bit Unsigned
8组_31号_设备状态,MODBUS RTU,4x,2#151,设备状态：0停止、1运行、>=2故障/异常；原昆仑变量:设备0_读写4WUB0151；站号2,16-bit Unsigned
8组_32号_设备状态,MODBUS RTU,4x,2#152,设备状态：0停止、1运行、>=2故障/异常；原昆仑变量:设备0_读写4WUB0152；站号2,16-bit Unsigned
8组_33号_设备状态,MODBUS RTU,4x,2#153,设备状态：0停止、1运行、>=2故障/异常；原昆仑变量:设备0_读写4WUB0153；站号2,16-bit Unsigned
8组_34号_设备状态,MODBUS RTU,4x,2#154,设备状态：0停止、1运行、>=2故障/异常；原昆仑变量:设备0_读写4WUB0154；站号2,16-bit Unsigned
8组_35号_设备状态,MODBUS RTU,4x,2#155,设备状态：0停止、1运行、>=2故障/异常；原昆仑变量:设备0_读写4WUB0155；站号2,16-bit Unsigned
8组_36号_设备状态,MODBUS RTU,4x,2#156,设备状态：0停止、1运行、>=2故障/异常；原昆仑变量:设备0_读写4WUB0156；站号2,16-bit Unsigned
8组_37号_设备状态,MODBUS RTU,4x,2#157,设备状态：0停止、1运行、>=2故障/异常；原昆仑变量:设备0_读写4WUB0157；站号2,16-bit Unsigned
8组_38号_设备状态,MODBUS RTU,4x,2#158,设备状态：0停止、1运行、>=2故障/异常；原昆仑变量:设备0_读写4WUB0158；站号2,16-bit Unsigned
8组_39号_设备状态,MODBUS RTU,4x,2#159,设备状态：0停止、1运行、>=2故障/异常；原昆仑变量:设备0_读写4WUB0159；站号2,16-bit Unsigned
8组_40号_设备状态,MODBUS RTU,4x,2#160,设备状态：0停止、1运行、>=2故障/异常；原昆仑变量:设备0_读写4WUB0160；站号2,16-bit Unsigned
8组_41号_设备状态,MODBUS RTU,4x,2#161,设备状态：0停止、1运行、>=2故障/异常；原昆仑变量:设备0_读写4WUB0161；站号2,16-bit Unsigned
8组_42号_设备状态,MODBUS RTU,4x,2#162,设备状态：0停止、1运行、>=2故障/异常；原昆仑变量:设备0_读写4WUB0162；站号2,16-bit Unsigned
8组_43号_设备状态,MODBUS RTU,4x,2#163,设备状态：0停止、1运行、>=2故障/异常；原昆仑变量:设备0_读写4WUB0163；站号2,16-bit Unsigned
8组_44号_设备状态,MODBUS RTU,4x,2#164,设备状态：0停止、1运行、>=2故障/异常；原昆仑变量:设备0_读写4WUB0164；站号2,16-bit Unsigned
8组_45号_设备状态,MODBUS RTU,4x,2#165,设备状态：0停止、1运行、>=2故障/异常；原昆仑变量:设备0_读写4WUB0165；站号2,16-bit Unsigned
8组_46号_设备状态,MODBUS RTU,4x,2#166,设备状态：0停止、1运行、>=2故障/异常；原昆仑变量:设备0_读写4WUB0166；站号2,16-bit Unsigned
8组_47号_设备状态,MODBUS RTU,4x,2#167,设备状态：0停止、1运行、>=2故障/异常；原昆仑变量:设备0_读写4WUB0167；站号2,16-bit Unsigned
8组_48号_设备状态,MODBUS RTU,4x,2#168,设备状态：0停止、1运行、>=2故障/异常；原昆仑变量:设备0_读写4WUB0168；站号2,16-bit Unsigned
8组_49号_设备状态,MODBUS RTU,4x,2#169,设备状态：0停止、1运行、>=2故障/异常；原昆仑变量:设备0_读写4WUB0169；站号2,16-bit Unsigned
8组_50号_设备状态,MODBUS RTU,4x,2#170,设备状态：0停止、1运行、>=2故障/异常；原昆仑变量:设备0_读写4WUB0170；站号2,16-bit Unsigned
8组_51号_设备状态,MODBUS RTU,4x,2#171,设备状态：0停止、1运行、>=2故障/异常；原昆仑变量:设备0_读写4WUB0171；站号2,16-bit Unsigned
8组_52号_设备状态,MODBUS RTU,4x,2#172,设备状态：0停止、1运行、>=2故障/异常；原昆仑变量:设备0_读写4WUB0172；站号2,16-bit Unsigned
8组_53号_设备状态,MODBUS RTU,4x,2#173,设备状态：0停止、1运行、>=2故障/异常；原昆仑变量:设备0_读写4WUB0173；站号2,16-bit Unsigned
8组_54号_设备状态,MODBUS RTU,4x,2#174,设备状态：0停止、1运行、>=2故障/异常；原昆仑变量:设备0_读写4WUB0174；站号2,16-bit Unsigned
8组_55号_设备状态,MODBUS RTU,4x,2#175,设备状态：0停止、1运行、>=2故障/异常；原昆仑变量:设备0_读写4WUB0175；站号2,16-bit Unsigned
8组_56号_设备状态,MODBUS RTU,4x,2#176,设备状态：0停止、1运行、>=2故障/异常；原昆仑变量:设备0_读写4WUB0176；站号2,16-bit Unsigned
8组_57号_设备状态,MODBUS RTU,4x,2#177,设备状态：0停止、1运行、>=2故障/异常；原昆仑变量:设备0_读写4WUB0177；站号2,16-bit Unsigned
8组_58号_设备状态,MODBUS RTU,4x,2#178,设备状态：0停止、1运行、>=2故障/异常；原昆仑变量:设备0_读写4WUB0178；站号2,16-bit Unsigned
8组_59号_设备状态,MODBUS RTU,4x,2#179,设备状态：0停止、1运行、>=2故障/异常；原昆仑变量:设备0_读写4WUB0179；站号2,16-bit Unsigned
8组_60号_设备状态,MODBUS RTU,4x,2#180,设备状态：0停止、1运行、>=2故障/异常；原昆仑变量:设备0_读写4WUB0180；站号2,16-bit Unsigned
9组_01号_设备状态,MODBUS RTU,4x,2#181,设备状态：0停止、1运行、>=2故障/异常；原昆仑变量:设备0_读写4WUB0181；站号2,16-bit Unsigned
9组_02号_设备状态,MODBUS RTU,4x,2#182,设备状态：0停止、1运行、>=2故障/异常；原昆仑变量:设备0_读写4WUB0182；站号2,16-bit Unsigned
9组_03号_设备状态,MODBUS RTU,4x,2#183,设备状态：0停止、1运行、>=2故障/异常；原昆仑变量:设备0_读写4WUB0183；站号2,16-bit Unsigned
9组_04号_设备状态,MODBUS RTU,4x,2#184,设备状态：0停止、1运行、>=2故障/异常；原昆仑变量:设备0_读写4WUB0184；站号2,16-bit Unsigned
9组_05号_设备状态,MODBUS RTU,4x,2#185,设备状态：0停止、1运行、>=2故障/异常；原昆仑变量:设备0_读写4WUB0185；站号2,16-bit Unsigned
9组_06号_设备状态,MODBUS RTU,4x,2#186,设备状态：0停止、1运行、>=2故障/异常；原昆仑变量:设备0_读写4WUB0186；站号2,16-bit Unsigned
9组_07号_设备状态,MODBUS RTU,4x,2#187,设备状态：0停止、1运行、>=2故障/异常；原昆仑变量:设备0_读写4WUB0187；站号2,16-bit Unsigned
9组_08号_设备状态,MODBUS RTU,4x,2#188,设备状态：0停止、1运行、>=2故障/异常；原昆仑变量:设备0_读写4WUB0188；站号2,16-bit Unsigned
9组_09号_设备状态,MODBUS RTU,4x,2#189,设备状态：0停止、1运行、>=2故障/异常；原昆仑变量:设备0_读写4WUB0189；站号2,16-bit Unsigned
9组_10号_设备状态,MODBUS RTU,4x,2#190,设备状态：0停止、1运行、>=2故障/异常；原昆仑变量:设备0_读写4WUB0190；站号2,16-bit Unsigned
9组_11号_设备状态,MODBUS RTU,4x,2#191,设备状态：0停止、1运行、>=2故障/异常；原昆仑变量:设备0_读写4WUB0191；站号2,16-bit Unsigned
9组_12号_设备状态,MODBUS RTU,4x,2#192,设备状态：0停止、1运行、>=2故障/异常；原昆仑变量:设备0_读写4WUB0192；站号2,16-bit Unsigned
9组_13号_设备状态,MODBUS RTU,4x,2#193,设备状态：0停止、1运行、>=2故障/异常；原昆仑变量:设备0_读写4WUB0193；站号2,16-bit Unsigned
9组_14号_设备状态,MODBUS RTU,4x,2#194,设备状态：0停止、1运行、>=2故障/异常；原昆仑变量:设备0_读写4WUB0194；站号2,16-bit Unsigned
9组_15号_设备状态,MODBUS RTU,4x,2#195,设备状态：0停止、1运行、>=2故障/异常；原昆仑变量:设备0_读写4WUB0195；站号2,16-bit Unsigned
9组_16号_设备状态,MODBUS RTU,4x,2#196,设备状态：0停止、1运行、>=2故障/异常；原昆仑变量:设备0_读写4WUB0196；站号2,16-bit Unsigned
9组_17号_设备状态,MODBUS RTU,4x,2#197,设备状态：0停止、1运行、>=2故障/异常；原昆仑变量:设备0_读写4WUB0197；站号2,16-bit Unsigned
9组_18号_设备状态,MODBUS RTU,4x,2#198,设备状态：0停止、1运行、>=2故障/异常；原昆仑变量:设备0_读写4WUB0198；站号2,16-bit Unsigned
9组_19号_设备状态,MODBUS RTU,4x,2#199,设备状态：0停止、1运行、>=2故障/异常；原昆仑变量:设备0_读写4WUB0199；站号2,16-bit Unsigned
9组_20号_设备状态,MODBUS RTU,4x,2#200,设备状态：0停止、1运行、>=2故障/异常；原昆仑变量:设备0_读写4WUB0200；站号2,16-bit Unsigned
9组_21号_设备状态,MODBUS RTU,4x,2#201,设备状态：0停止、1运行、>=2故障/异常；原昆仑变量:设备0_读写4WUB0201；站号2,16-bit Unsigned
9组_22号_设备状态,MODBUS RTU,4x,2#202,设备状态：0停止、1运行、>=2故障/异常；原昆仑变量:设备0_读写4WUB0202；站号2,16-bit Unsigned
9组_23号_设备状态,MODBUS RTU,4x,2#203,设备状态：0停止、1运行、>=2故障/异常；原昆仑变量:设备0_读写4WUB0203；站号2,16-bit Unsigned
9组_24号_设备状态,MODBUS RTU,4x,2#204,设备状态：0停止、1运行、>=2故障/异常；原昆仑变量:设备0_读写4WUB0204；站号2,16-bit Unsigned
9组_25号_设备状态,MODBUS RTU,4x,2#205,设备状态：0停止、1运行、>=2故障/异常；原昆仑变量:设备0_读写4WUB0205；站号2,16-bit Unsigned
9组_26号_设备状态,MODBUS RTU,4x,2#206,设备状态：0停止、1运行、>=2故障/异常；原昆仑变量:设备0_读写4WUB0206；站号2,16-bit Unsigned
9组_27号_设备状态,MODBUS RTU,4x,2#207,设备状态：0停止、1运行、>=2故障/异常；原昆仑变量:设备0_读写4WUB0207；站号2,16-bit Unsigned
9组_28号_设备状态,MODBUS RTU,4x,2#208,设备状态：0停止、1运行、>=2故障/异常；原昆仑变量:设备0_读写4WUB0208；站号2,16-bit Unsigned
9组_29号_设备状态,MODBUS RTU,4x,2#209,设备状态：0停止、1运行、>=2故障/异常；原昆仑变量:设备0_读写4WUB0209；站号2,16-bit Unsigned
9组_30号_设备状态,MODBUS RTU,4x,2#210,设备状态：0停止、1运行、>=2故障/异常；原昆仑变量:设备0_读写4WUB0210；站号2,16-bit Unsigned
9组_31号_设备状态,MODBUS RTU,4x,2#211,设备状态：0停止、1运行、>=2故障/异常；原昆仑变量:设备0_读写4WUB0211；站号2,16-bit Unsigned
9组_32号_设备状态,MODBUS RTU,4x,2#212,设备状态：0停止、1运行、>=2故障/异常；原昆仑变量:设备0_读写4WUB0212；站号2,16-bit Unsigned
9组_33号_设备状态,MODBUS RTU,4x,2#213,设备状态：0停止、1运行、>=2故障/异常；原昆仑变量:设备0_读写4WUB0213；站号2,16-bit Unsigned
9组_34号_设备状态,MODBUS RTU,4x,2#214,设备状态：0停止、1运行、>=2故障/异常；原昆仑变量:设备0_读写4WUB0214；站号2,16-bit Unsigned
9组_35号_设备状态,MODBUS RTU,4x,2#215,设备状态：0停止、1运行、>=2故障/异常；原昆仑变量:设备0_读写4WUB0215；站号2,16-bit Unsigned
9组_36号_设备状态,MODBUS RTU,4x,2#216,设备状态：0停止、1运行、>=2故障/异常；原昆仑变量:设备0_读写4WUB0216；站号2,16-bit Unsigned
9组_37号_设备状态,MODBUS RTU,4x,2#217,设备状态：0停止、1运行、>=2故障/异常；原昆仑变量:设备0_读写4WUB0217；站号2,16-bit Unsigned
9组_38号_设备状态,MODBUS RTU,4x,2#218,设备状态：0停止、1运行、>=2故障/异常；原昆仑变量:设备0_读写4WUB0218；站号2,16-bit Unsigned
9组_39号_设备状态,MODBUS RTU,4x,2#219,设备状态：0停止、1运行、>=2故障/异常；原昆仑变量:设备0_读写4WUB0219；站号2,16-bit Unsigned
9组_40号_设备状态,MODBUS RTU,4x,2#220,设备状态：0停止、1运行、>=2故障/异常；原昆仑变量:设备0_读写4WUB0220；站号2,16-bit Unsigned
9组_41号_设备状态,MODBUS RTU,4x,2#221,设备状态：0停止、1运行、>=2故障/异常；原昆仑变量:设备0_读写4WUB0221；站号2,16-bit Unsigned
9组_42号_设备状态,MODBUS RTU,4x,2#222,设备状态：0停止、1运行、>=2故障/异常；原昆仑变量:设备0_读写4WUB0222；站号2,16-bit Unsigned
9组_43号_设备状态,MODBUS RTU,4x,2#223,设备状态：0停止、1运行、>=2故障/异常；原昆仑变量:设备0_读写4WUB0223；站号2,16-bit Unsigned
9组_44号_设备状态,MODBUS RTU,4x,2#224,设备状态：0停止、1运行、>=2故障/异常；原昆仑变量:设备0_读写4WUB0224；站号2,16-bit Unsigned
9组_45号_设备状态,MODBUS RTU,4x,2#225,设备状态：0停止、1运行、>=2故障/异常；原昆仑变量:设备0_读写4WUB0225；站号2,16-bit Unsigned
9组_46号_设备状态,MODBUS RTU,4x,2#226,设备状态：0停止、1运行、>=2故障/异常；原昆仑变量:设备0_读写4WUB0226；站号2,16-bit Unsigned
9组_47号_设备状态,MODBUS RTU,4x,2#227,设备状态：0停止、1运行、>=2故障/异常；原昆仑变量:设备0_读写4WUB0227；站号2,16-bit Unsigned
9组_48号_设备状态,MODBUS RTU,4x,2#228,设备状态：0停止、1运行、>=2故障/异常；原昆仑变量:设备0_读写4WUB0228；站号2,16-bit Unsigned
9组_49号_设备状态,MODBUS RTU,4x,2#229,设备状态：0停止、1运行、>=2故障/异常；原昆仑变量:设备0_读写4WUB0229；站号2,16-bit Unsigned
9组_50号_设备状态,MODBUS RTU,4x,2#230,设备状态：0停止、1运行、>=2故障/异常；原昆仑变量:设备0_读写4WUB0230；站号2,16-bit Unsigned
9组_51号_设备状态,MODBUS RTU,4x,2#231,设备状态：0停止、1运行、>=2故障/异常；原昆仑变量:设备0_读写4WUB0231；站号2,16-bit Unsigned
9组_52号_设备状态,MODBUS RTU,4x,2#232,设备状态：0停止、1运行、>=2故障/异常；原昆仑变量:设备0_读写4WUB0232；站号2,16-bit Unsigned
9组_53号_设备状态,MODBUS RTU,4x,2#233,设备状态：0停止、1运行、>=2故障/异常；原昆仑变量:设备0_读写4WUB0233；站号2,16-bit Unsigned
9组_54号_设备状态,MODBUS RTU,4x,2#234,设备状态：0停止、1运行、>=2故障/异常；原昆仑变量:设备0_读写4WUB0234；站号2,16-bit Unsigned
9组_55号_设备状态,MODBUS RTU,4x,2#235,设备状态：0停止、1运行、>=2故障/异常；原昆仑变量:设备0_读写4WUB0235；站号2,16-bit Unsigned
9组_56号_设备状态,MODBUS RTU,4x,2#236,设备状态：0停止、1运行、>=2故障/异常；原昆仑变量:设备0_读写4WUB0236；站号2,16-bit Unsigned
9组_57号_设备状态,MODBUS RTU,4x,2#237,设备状态：0停止、1运行、>=2故障/异常；原昆仑变量:设备0_读写4WUB0237；站号2,16-bit Unsigned
9组_58号_设备状态,MODBUS RTU,4x,2#238,设备状态：0停止、1运行、>=2故障/异常；原昆仑变量:设备0_读写4WUB0238；站号2,16-bit Unsigned
9组_59号_设备状态,MODBUS RTU,4x,2#239,设备状态：0停止、1运行、>=2故障/异常；原昆仑变量:设备0_读写4WUB0239；站号2,16-bit Unsigned
9组_60号_设备状态,MODBUS RTU,4x,2#240,设备状态：0停止、1运行、>=2故障/异常；原昆仑变量:设备0_读写4WUB0240；站号2,16-bit Unsigned
10组_01号_设备状态,MODBUS RTU,4x,2#241,设备状态：0停止、1运行、>=2故障/异常；原昆仑变量:设备0_读写4WUB0241；站号2,16-bit Unsigned
10组_02号_设备状态,MODBUS RTU,4x,2#242,设备状态：0停止、1运行、>=2故障/异常；原昆仑变量:设备0_读写4WUB0242；站号2,16-bit Unsigned
10组_03号_设备状态,MODBUS RTU,4x,2#243,设备状态：0停止、1运行、>=2故障/异常；原昆仑变量:设备0_读写4WUB0243；站号2,16-bit Unsigned
10组_04号_设备状态,MODBUS RTU,4x,2#244,设备状态：0停止、1运行、>=2故障/异常；原昆仑变量:设备0_读写4WUB0244；站号2,16-bit Unsigned
10组_05号_设备状态,MODBUS RTU,4x,2#245,设备状态：0停止、1运行、>=2故障/异常；原昆仑变量:设备0_读写4WUB0245；站号2,16-bit Unsigned
10组_06号_设备状态,MODBUS RTU,4x,2#246,设备状态：0停止、1运行、>=2故障/异常；原昆仑变量:设备0_读写4WUB0246；站号2,16-bit Unsigned
10组_07号_设备状态,MODBUS RTU,4x,2#247,设备状态：0停止、1运行、>=2故障/异常；原昆仑变量:设备0_读写4WUB0247；站号2,16-bit Unsigned
10组_08号_设备状态,MODBUS RTU,4x,2#248,设备状态：0停止、1运行、>=2故障/异常；原昆仑变量:设备0_读写4WUB0248；站号2,16-bit Unsigned
10组_09号_设备状态,MODBUS RTU,4x,2#249,设备状态：0停止、1运行、>=2故障/异常；原昆仑变量:设备0_读写4WUB0249；站号2,16-bit Unsigned
10组_10号_设备状态,MODBUS RTU,4x,2#250,设备状态：0停止、1运行、>=2故障/异常；原昆仑变量:设备0_读写4WUB0250；站号2,16-bit Unsigned
10组_11号_设备状态,MODBUS RTU,4x,2#251,设备状态：0停止、1运行、>=2故障/异常；原昆仑变量:设备0_读写4WUB0251；站号2,16-bit Unsigned
10组_12号_设备状态,MODBUS RTU,4x,2#252,设备状态：0停止、1运行、>=2故障/异常；原昆仑变量:设备0_读写4WUB0252；站号2,16-bit Unsigned
10组_13号_设备状态,MODBUS RTU,4x,2#253,设备状态：0停止、1运行、>=2故障/异常；原昆仑变量:设备0_读写4WUB0253；站号2,16-bit Unsigned
10组_14号_设备状态,MODBUS RTU,4x,2#254,设备状态：0停止、1运行、>=2故障/异常；原昆仑变量:设备0_读写4WUB0254；站号2,16-bit Unsigned
10组_15号_设备状态,MODBUS RTU,4x,2#255,设备状态：0停止、1运行、>=2故障/异常；原昆仑变量:设备0_读写4WUB0255；站号2,16-bit Unsigned
10组_16号_设备状态,MODBUS RTU,4x,2#256,设备状态：0停止、1运行、>=2故障/异常；原昆仑变量:设备0_读写4WUB0256；站号2,16-bit Unsigned
10组_17号_设备状态,MODBUS RTU,4x,2#257,设备状态：0停止、1运行、>=2故障/异常；原昆仑变量:设备0_读写4WUB0257；站号2,16-bit Unsigned
10组_18号_设备状态,MODBUS RTU,4x,2#258,设备状态：0停止、1运行、>=2故障/异常；原昆仑变量:设备0_读写4WUB0258；站号2,16-bit Unsigned
10组_19号_设备状态,MODBUS RTU,4x,2#259,设备状态：0停止、1运行、>=2故障/异常；原昆仑变量:设备0_读写4WUB0259；站号2,16-bit Unsigned
10组_20号_设备状态,MODBUS RTU,4x,2#260,设备状态：0停止、1运行、>=2故障/异常；原昆仑变量:设备0_读写4WUB0260；站号2,16-bit Unsigned
10组_21号_设备状态,MODBUS RTU,4x,2#261,设备状态：0停止、1运行、>=2故障/异常；原昆仑变量:设备0_读写4WUB0261；站号2,16-bit Unsigned
10组_22号_设备状态,MODBUS RTU,4x,2#262,设备状态：0停止、1运行、>=2故障/异常；原昆仑变量:设备0_读写4WUB0262；站号2,16-bit Unsigned
10组_23号_设备状态,MODBUS RTU,4x,2#263,设备状态：0停止、1运行、>=2故障/异常；原昆仑变量:设备0_读写4WUB0263；站号2,16-bit Unsigned
10组_24号_设备状态,MODBUS RTU,4x,2#264,设备状态：0停止、1运行、>=2故障/异常；原昆仑变量:设备0_读写4WUB0264；站号2,16-bit Unsigned
10组_25号_设备状态,MODBUS RTU,4x,2#265,设备状态：0停止、1运行、>=2故障/异常；原昆仑变量:设备0_读写4WUB0265；站号2,16-bit Unsigned
10组_26号_设备状态,MODBUS RTU,4x,2#266,设备状态：0停止、1运行、>=2故障/异常；原昆仑变量:设备0_读写4WUB0266；站号2,16-bit Unsigned
10组_27号_设备状态,MODBUS RTU,4x,2#267,设备状态：0停止、1运行、>=2故障/异常；原昆仑变量:设备0_读写4WUB0267；站号2,16-bit Unsigned
10组_28号_设备状态,MODBUS RTU,4x,2#268,设备状态：0停止、1运行、>=2故障/异常；原昆仑变量:设备0_读写4WUB0268；站号2,16-bit Unsigned
10组_29号_设备状态,MODBUS RTU,4x,2#269,设备状态：0停止、1运行、>=2故障/异常；原昆仑变量:设备0_读写4WUB0269；站号2,16-bit Unsigned
10组_30号_设备状态,MODBUS RTU,4x,2#270,设备状态：0停止、1运行、>=2故障/异常；原昆仑变量:设备0_读写4WUB0270；站号2,16-bit Unsigned
10组_31号_设备状态,MODBUS RTU,4x,2#271,设备状态：0停止、1运行、>=2故障/异常；原昆仑变量:设备0_读写4WUB0271；站号2,16-bit Unsigned
10组_32号_设备状态,MODBUS RTU,4x,2#272,设备状态：0停止、1运行、>=2故障/异常；原昆仑变量:设备0_读写4WUB0272；站号2,16-bit Unsigned
10组_33号_设备状态,MODBUS RTU,4x,2#273,设备状态：0停止、1运行、>=2故障/异常；原昆仑变量:设备0_读写4WUB0273；站号2,16-bit Unsigned
10组_34号_设备状态,MODBUS RTU,4x,2#274,设备状态：0停止、1运行、>=2故障/异常；原昆仑变量:设备0_读写4WUB0274；站号2,16-bit Unsigned
10组_35号_设备状态,MODBUS RTU,4x,2#275,设备状态：0停止、1运行、>=2故障/异常；原昆仑变量:设备0_读写4WUB0275；站号2,16-bit Unsigned
10组_36号_设备状态,MODBUS RTU,4x,2#276,设备状态：0停止、1运行、>=2故障/异常；原昆仑变量:设备0_读写4WUB0276；站号2,16-bit Unsigned
10组_37号_设备状态,MODBUS RTU,4x,2#277,设备状态：0停止、1运行、>=2故障/异常；原昆仑变量:设备0_读写4WUB0277；站号2,16-bit Unsigned
10组_38号_设备状态,MODBUS RTU,4x,2#278,设备状态：0停止、1运行、>=2故障/异常；原昆仑变量:设备0_读写4WUB0278；站号2,16-bit Unsigned
10组_39号_设备状态,MODBUS RTU,4x,2#279,设备状态：0停止、1运行、>=2故障/异常；原昆仑变量:设备0_读写4WUB0279；站号2,16-bit Unsigned
10组_40号_设备状态,MODBUS RTU,4x,2#280,设备状态：0停止、1运行、>=2故障/异常；原昆仑变量:设备0_读写4WUB0280；站号2,16-bit Unsigned
10组_41号_设备状态,MODBUS RTU,4x,2#281,设备状态：0停止、1运行、>=2故障/异常；原昆仑变量:设备0_读写4WUB0281；站号2,16-bit Unsigned
10组_42号_设备状态,MODBUS RTU,4x,2#282,设备状态：0停止、1运行、>=2故障/异常；原昆仑变量:设备0_读写4WUB0282；站号2,16-bit Unsigned
10组_43号_设备状态,MODBUS RTU,4x,2#283,设备状态：0停止、1运行、>=2故障/异常；原昆仑变量:设备0_读写4WUB0283；站号2,16-bit Unsigned
10组_44号_设备状态,MODBUS RTU,4x,2#284,设备状态：0停止、1运行、>=2故障/异常；原昆仑变量:设备0_读写4WUB0284；站号2,16-bit Unsigned
10组_45号_设备状态,MODBUS RTU,4x,2#285,设备状态：0停止、1运行、>=2故障/异常；原昆仑变量:设备0_读写4WUB0285；站号2,16-bit Unsigned
10组_46号_设备状态,MODBUS RTU,4x,2#286,设备状态：0停止、1运行、>=2故障/异常；原昆仑变量:设备0_读写4WUB0286；站号2,16-bit Unsigned
10组_47号_设备状态,MODBUS RTU,4x,2#287,设备状态：0停止、1运行、>=2故障/异常；原昆仑变量:设备0_读写4WUB0287；站号2,16-bit Unsigned
10组_48号_设备状态,MODBUS RTU,4x,2#288,设备状态：0停止、1运行、>=2故障/异常；原昆仑变量:设备0_读写4WUB0288；站号2,16-bit Unsigned
10组_49号_设备状态,MODBUS RTU,4x,2#289,设备状态：0停止、1运行、>=2故障/异常；原昆仑变量:设备0_读写4WUB0289；站号2,16-bit Unsigned
10组_50号_设备状态,MODBUS RTU,4x,2#290,设备状态：0停止、1运行、>=2故障/异常；原昆仑变量:设备0_读写4WUB0290；站号2,16-bit Unsigned
10组_51号_设备状态,MODBUS RTU,4x,2#291,设备状态：0停止、1运行、>=2故障/异常；原昆仑变量:设备0_读写4WUB0291；站号2,16-bit Unsigned
10组_52号_设备状态,MODBUS RTU,4x,2#292,设备状态：0停止、1运行、>=2故障/异常；原昆仑变量:设备0_读写4WUB0292；站号2,16-bit Unsigned
10组_53号_设备状态,MODBUS RTU,4x,2#293,设备状态：0停止、1运行、>=2故障/异常；原昆仑变量:设备0_读写4WUB0293；站号2,16-bit Unsigned
10组_54号_设备状态,MODBUS RTU,4x,2#294,设备状态：0停止、1运行、>=2故障/异常；原昆仑变量:设备0_读写4WUB0294；站号2,16-bit Unsigned
10组_55号_设备状态,MODBUS RTU,4x,2#295,设备状态：0停止、1运行、>=2故障/异常；原昆仑变量:设备0_读写4WUB0295；站号2,16-bit Unsigned
10组_56号_设备状态,MODBUS RTU,4x,2#296,设备状态：0停止、1运行、>=2故障/异常；原昆仑变量:设备0_读写4WUB0296；站号2,16-bit Unsigned
10组_57号_设备状态,MODBUS RTU,4x,2#297,设备状态：0停止、1运行、>=2故障/异常；原昆仑变量:设备0_读写4WUB0297；站号2,16-bit Unsigned
10组_58号_设备状态,MODBUS RTU,4x,2#298,设备状态：0停止、1运行、>=2故障/异常；原昆仑变量:设备0_读写4WUB0298；站号2,16-bit Unsigned
10组_59号_设备状态,MODBUS RTU,4x,2#299,设备状态：0停止、1运行、>=2故障/异常；原昆仑变量:设备0_读写4WUB0299；站号2,16-bit Unsigned
10组_60号_设备状态,MODBUS RTU,4x,2#300,设备状态：0停止、1运行、>=2故障/异常；原昆仑变量:设备0_读写4WUB0300；站号2,16-bit Unsigned
6组_01号_实际转速,MODBUS RTU,4x,2#301,实际转速，单位rpm；原昆仑变量:设备0_读写4WUB0301；站号2,16-bit Unsigned
6组_02号_实际转速,MODBUS RTU,4x,2#302,实际转速，单位rpm；原昆仑变量:设备0_读写4WUB0302；站号2,16-bit Unsigned
6组_03号_实际转速,MODBUS RTU,4x,2#303,实际转速，单位rpm；原昆仑变量:设备0_读写4WUB0303；站号2,16-bit Unsigned
6组_04号_实际转速,MODBUS RTU,4x,2#304,实际转速，单位rpm；原昆仑变量:设备0_读写4WUB0304；站号2,16-bit Unsigned
6组_05号_实际转速,MODBUS RTU,4x,2#305,实际转速，单位rpm；原昆仑变量:设备0_读写4WUB0305；站号2,16-bit Unsigned
6组_06号_实际转速,MODBUS RTU,4x,2#306,实际转速，单位rpm；原昆仑变量:设备0_读写4WUB0306；站号2,16-bit Unsigned
6组_07号_实际转速,MODBUS RTU,4x,2#307,实际转速，单位rpm；原昆仑变量:设备0_读写4WUB0307；站号2,16-bit Unsigned
6组_08号_实际转速,MODBUS RTU,4x,2#308,实际转速，单位rpm；原昆仑变量:设备0_读写4WUB0308；站号2,16-bit Unsigned
6组_09号_实际转速,MODBUS RTU,4x,2#309,实际转速，单位rpm；原昆仑变量:设备0_读写4WUB0309；站号2,16-bit Unsigned
6组_10号_实际转速,MODBUS RTU,4x,2#310,实际转速，单位rpm；原昆仑变量:设备0_读写4WUB0310；站号2,16-bit Unsigned
6组_11号_实际转速,MODBUS RTU,4x,2#311,实际转速，单位rpm；原昆仑变量:设备0_读写4WUB0311；站号2,16-bit Unsigned
6组_12号_实际转速,MODBUS RTU,4x,2#312,实际转速，单位rpm；原昆仑变量:设备0_读写4WUB0312；站号2,16-bit Unsigned
6组_13号_实际转速,MODBUS RTU,4x,2#313,实际转速，单位rpm；原昆仑变量:设备0_读写4WUB0313；站号2,16-bit Unsigned
6组_14号_实际转速,MODBUS RTU,4x,2#314,实际转速，单位rpm；原昆仑变量:设备0_读写4WUB0314；站号2,16-bit Unsigned
6组_15号_实际转速,MODBUS RTU,4x,2#315,实际转速，单位rpm；原昆仑变量:设备0_读写4WUB0315；站号2,16-bit Unsigned
6组_16号_实际转速,MODBUS RTU,4x,2#316,实际转速，单位rpm；原昆仑变量:设备0_读写4WUB0316；站号2,16-bit Unsigned
6组_17号_实际转速,MODBUS RTU,4x,2#317,实际转速，单位rpm；原昆仑变量:设备0_读写4WUB0317；站号2,16-bit Unsigned
6组_18号_实际转速,MODBUS RTU,4x,2#318,实际转速，单位rpm；原昆仑变量:设备0_读写4WUB0318；站号2,16-bit Unsigned
6组_19号_实际转速,MODBUS RTU,4x,2#319,实际转速，单位rpm；原昆仑变量:设备0_读写4WUB0319；站号2,16-bit Unsigned
6组_20号_实际转速,MODBUS RTU,4x,2#320,实际转速，单位rpm；原昆仑变量:设备0_读写4WUB0320；站号2,16-bit Unsigned
6组_21号_实际转速,MODBUS RTU,4x,2#321,实际转速，单位rpm；原昆仑变量:设备0_读写4WUB0321；站号2,16-bit Unsigned
6组_22号_实际转速,MODBUS RTU,4x,2#322,实际转速，单位rpm；原昆仑变量:设备0_读写4WUB0322；站号2,16-bit Unsigned
6组_23号_实际转速,MODBUS RTU,4x,2#323,实际转速，单位rpm；原昆仑变量:设备0_读写4WUB0323；站号2,16-bit Unsigned
6组_24号_实际转速,MODBUS RTU,4x,2#324,实际转速，单位rpm；原昆仑变量:设备0_读写4WUB0324；站号2,16-bit Unsigned
6组_25号_实际转速,MODBUS RTU,4x,2#325,实际转速，单位rpm；原昆仑变量:设备0_读写4WUB0325；站号2,16-bit Unsigned
6组_26号_实际转速,MODBUS RTU,4x,2#326,实际转速，单位rpm；原昆仑变量:设备0_读写4WUB0326；站号2,16-bit Unsigned
6组_27号_实际转速,MODBUS RTU,4x,2#327,实际转速，单位rpm；原昆仑变量:设备0_读写4WUB0327；站号2,16-bit Unsigned
6组_28号_实际转速,MODBUS RTU,4x,2#328,实际转速，单位rpm；原昆仑变量:设备0_读写4WUB0328；站号2,16-bit Unsigned
6组_29号_实际转速,MODBUS RTU,4x,2#329,实际转速，单位rpm；原昆仑变量:设备0_读写4WUB0329；站号2,16-bit Unsigned
6组_30号_实际转速,MODBUS RTU,4x,2#330,实际转速，单位rpm；原昆仑变量:设备0_读写4WUB0330；站号2,16-bit Unsigned
6组_31号_实际转速,MODBUS RTU,4x,2#331,实际转速，单位rpm；原昆仑变量:设备0_读写4WUB0331；站号2,16-bit Unsigned
6组_32号_实际转速,MODBUS RTU,4x,2#332,实际转速，单位rpm；原昆仑变量:设备0_读写4WUB0332；站号2,16-bit Unsigned
6组_33号_实际转速,MODBUS RTU,4x,2#333,实际转速，单位rpm；原昆仑变量:设备0_读写4WUB0333；站号2,16-bit Unsigned
6组_34号_实际转速,MODBUS RTU,4x,2#334,实际转速，单位rpm；原昆仑变量:设备0_读写4WUB0334；站号2,16-bit Unsigned
6组_35号_实际转速,MODBUS RTU,4x,2#335,实际转速，单位rpm；原昆仑变量:设备0_读写4WUB0335；站号2,16-bit Unsigned
6组_36号_实际转速,MODBUS RTU,4x,2#336,实际转速，单位rpm；原昆仑变量:设备0_读写4WUB0336；站号2,16-bit Unsigned
6组_37号_实际转速,MODBUS RTU,4x,2#337,实际转速，单位rpm；原昆仑变量:设备0_读写4WUB0337；站号2,16-bit Unsigned
6组_38号_实际转速,MODBUS RTU,4x,2#338,实际转速，单位rpm；原昆仑变量:设备0_读写4WUB0338；站号2,16-bit Unsigned
6组_39号_实际转速,MODBUS RTU,4x,2#339,实际转速，单位rpm；原昆仑变量:设备0_读写4WUB0339；站号2,16-bit Unsigned
6组_40号_实际转速,MODBUS RTU,4x,2#340,实际转速，单位rpm；原昆仑变量:设备0_读写4WUB0340；站号2,16-bit Unsigned
6组_41号_实际转速,MODBUS RTU,4x,2#341,实际转速，单位rpm；原昆仑变量:设备0_读写4WUB0341；站号2,16-bit Unsigned
6组_42号_实际转速,MODBUS RTU,4x,2#342,实际转速，单位rpm；原昆仑变量:设备0_读写4WUB0342；站号2,16-bit Unsigned
6组_43号_实际转速,MODBUS RTU,4x,2#343,实际转速，单位rpm；原昆仑变量:设备0_读写4WUB0343；站号2,16-bit Unsigned
6组_44号_实际转速,MODBUS RTU,4x,2#344,实际转速，单位rpm；原昆仑变量:设备0_读写4WUB0344；站号2,16-bit Unsigned
6组_45号_实际转速,MODBUS RTU,4x,2#345,实际转速，单位rpm；原昆仑变量:设备0_读写4WUB0345；站号2,16-bit Unsigned
6组_46号_实际转速,MODBUS RTU,4x,2#346,实际转速，单位rpm；原昆仑变量:设备0_读写4WUB0346；站号2,16-bit Unsigned
6组_47号_实际转速,MODBUS RTU,4x,2#347,实际转速，单位rpm；原昆仑变量:设备0_读写4WUB0347；站号2,16-bit Unsigned
6组_48号_实际转速,MODBUS RTU,4x,2#348,实际转速，单位rpm；原昆仑变量:设备0_读写4WUB0348；站号2,16-bit Unsigned
6组_49号_实际转速,MODBUS RTU,4x,2#349,实际转速，单位rpm；原昆仑变量:设备0_读写4WUB0349；站号2,16-bit Unsigned
6组_50号_实际转速,MODBUS RTU,4x,2#350,实际转速，单位rpm；原昆仑变量:设备0_读写4WUB0350；站号2,16-bit Unsigned
6组_51号_实际转速,MODBUS RTU,4x,2#351,实际转速，单位rpm；原昆仑变量:设备0_读写4WUB0351；站号2,16-bit Unsigned
6组_52号_实际转速,MODBUS RTU,4x,2#352,实际转速，单位rpm；原昆仑变量:设备0_读写4WUB0352；站号2,16-bit Unsigned
6组_53号_实际转速,MODBUS RTU,4x,2#353,实际转速，单位rpm；原昆仑变量:设备0_读写4WUB0353；站号2,16-bit Unsigned
6组_54号_实际转速,MODBUS RTU,4x,2#354,实际转速，单位rpm；原昆仑变量:设备0_读写4WUB0354；站号2,16-bit Unsigned
6组_55号_实际转速,MODBUS RTU,4x,2#355,实际转速，单位rpm；原昆仑变量:设备0_读写4WUB0355；站号2,16-bit Unsigned
6组_56号_实际转速,MODBUS RTU,4x,2#356,实际转速，单位rpm；原昆仑变量:设备0_读写4WUB0356；站号2,16-bit Unsigned
6组_57号_实际转速,MODBUS RTU,4x,2#357,实际转速，单位rpm；原昆仑变量:设备0_读写4WUB0357；站号2,16-bit Unsigned
6组_58号_实际转速,MODBUS RTU,4x,2#358,实际转速，单位rpm；原昆仑变量:设备0_读写4WUB0358；站号2,16-bit Unsigned
6组_59号_实际转速,MODBUS RTU,4x,2#359,实际转速，单位rpm；原昆仑变量:设备0_读写4WUB0359；站号2,16-bit Unsigned
6组_60号_实际转速,MODBUS RTU,4x,2#360,实际转速，单位rpm；原昆仑变量:设备0_读写4WUB0360；站号2,16-bit Unsigned
7组_01号_实际转速,MODBUS RTU,4x,2#361,实际转速，单位rpm；原昆仑变量:设备0_读写4WUB0361；站号2,16-bit Unsigned
7组_02号_实际转速,MODBUS RTU,4x,2#362,实际转速，单位rpm；原昆仑变量:设备0_读写4WUB0362；站号2,16-bit Unsigned
7组_03号_实际转速,MODBUS RTU,4x,2#363,实际转速，单位rpm；原昆仑变量:设备0_读写4WUB0363；站号2,16-bit Unsigned
7组_04号_实际转速,MODBUS RTU,4x,2#364,实际转速，单位rpm；原昆仑变量:设备0_读写4WUB0364；站号2,16-bit Unsigned
7组_05号_实际转速,MODBUS RTU,4x,2#365,实际转速，单位rpm；原昆仑变量:设备0_读写4WUB0365；站号2,16-bit Unsigned
7组_06号_实际转速,MODBUS RTU,4x,2#366,实际转速，单位rpm；原昆仑变量:设备0_读写4WUB0366；站号2,16-bit Unsigned
7组_07号_实际转速,MODBUS RTU,4x,2#367,实际转速，单位rpm；原昆仑变量:设备0_读写4WUB0367；站号2,16-bit Unsigned
7组_08号_实际转速,MODBUS RTU,4x,2#368,实际转速，单位rpm；原昆仑变量:设备0_读写4WUB0368；站号2,16-bit Unsigned
7组_09号_实际转速,MODBUS RTU,4x,2#369,实际转速，单位rpm；原昆仑变量:设备0_读写4WUB0369；站号2,16-bit Unsigned
7组_10号_实际转速,MODBUS RTU,4x,2#370,实际转速，单位rpm；原昆仑变量:设备0_读写4WUB0370；站号2,16-bit Unsigned
7组_11号_实际转速,MODBUS RTU,4x,2#371,实际转速，单位rpm；原昆仑变量:设备0_读写4WUB0371；站号2,16-bit Unsigned
7组_12号_实际转速,MODBUS RTU,4x,2#372,实际转速，单位rpm；原昆仑变量:设备0_读写4WUB0372；站号2,16-bit Unsigned
7组_13号_实际转速,MODBUS RTU,4x,2#373,实际转速，单位rpm；原昆仑变量:设备0_读写4WUB0373；站号2,16-bit Unsigned
7组_14号_实际转速,MODBUS RTU,4x,2#374,实际转速，单位rpm；原昆仑变量:设备0_读写4WUB0374；站号2,16-bit Unsigned
7组_15号_实际转速,MODBUS RTU,4x,2#375,实际转速，单位rpm；原昆仑变量:设备0_读写4WUB0375；站号2,16-bit Unsigned
7组_16号_实际转速,MODBUS RTU,4x,2#376,实际转速，单位rpm；原昆仑变量:设备0_读写4WUB0376；站号2,16-bit Unsigned
7组_17号_实际转速,MODBUS RTU,4x,2#377,实际转速，单位rpm；原昆仑变量:设备0_读写4WUB0377；站号2,16-bit Unsigned
7组_18号_实际转速,MODBUS RTU,4x,2#378,实际转速，单位rpm；原昆仑变量:设备0_读写4WUB0378；站号2,16-bit Unsigned
7组_19号_实际转速,MODBUS RTU,4x,2#379,实际转速，单位rpm；原昆仑变量:设备0_读写4WUB0379；站号2,16-bit Unsigned
7组_20号_实际转速,MODBUS RTU,4x,2#380,实际转速，单位rpm；原昆仑变量:设备0_读写4WUB0380；站号2,16-bit Unsigned
7组_21号_实际转速,MODBUS RTU,4x,2#381,实际转速，单位rpm；原昆仑变量:设备0_读写4WUB0381；站号2,16-bit Unsigned
7组_22号_实际转速,MODBUS RTU,4x,2#382,实际转速，单位rpm；原昆仑变量:设备0_读写4WUB0382；站号2,16-bit Unsigned
7组_23号_实际转速,MODBUS RTU,4x,2#383,实际转速，单位rpm；原昆仑变量:设备0_读写4WUB0383；站号2,16-bit Unsigned
7组_24号_实际转速,MODBUS RTU,4x,2#384,实际转速，单位rpm；原昆仑变量:设备0_读写4WUB0384；站号2,16-bit Unsigned
7组_25号_实际转速,MODBUS RTU,4x,2#385,实际转速，单位rpm；原昆仑变量:设备0_读写4WUB0385；站号2,16-bit Unsigned
7组_26号_实际转速,MODBUS RTU,4x,2#386,实际转速，单位rpm；原昆仑变量:设备0_读写4WUB0386；站号2,16-bit Unsigned
7组_27号_实际转速,MODBUS RTU,4x,2#387,实际转速，单位rpm；原昆仑变量:设备0_读写4WUB0387；站号2,16-bit Unsigned
7组_28号_实际转速,MODBUS RTU,4x,2#388,实际转速，单位rpm；原昆仑变量:设备0_读写4WUB0388；站号2,16-bit Unsigned
7组_29号_实际转速,MODBUS RTU,4x,2#389,实际转速，单位rpm；原昆仑变量:设备0_读写4WUB0389；站号2,16-bit Unsigned
7组_30号_实际转速,MODBUS RTU,4x,2#390,实际转速，单位rpm；原昆仑变量:设备0_读写4WUB0390；站号2,16-bit Unsigned
7组_31号_实际转速,MODBUS RTU,4x,2#391,实际转速，单位rpm；原昆仑变量:设备0_读写4WUB0391；站号2,16-bit Unsigned
7组_32号_实际转速,MODBUS RTU,4x,2#392,实际转速，单位rpm；原昆仑变量:设备0_读写4WUB0392；站号2,16-bit Unsigned
7组_33号_实际转速,MODBUS RTU,4x,2#393,实际转速，单位rpm；原昆仑变量:设备0_读写4WUB0393；站号2,16-bit Unsigned
7组_34号_实际转速,MODBUS RTU,4x,2#394,实际转速，单位rpm；原昆仑变量:设备0_读写4WUB0394；站号2,16-bit Unsigned
7组_35号_实际转速,MODBUS RTU,4x,2#395,实际转速，单位rpm；原昆仑变量:设备0_读写4WUB0395；站号2,16-bit Unsigned
7组_36号_实际转速,MODBUS RTU,4x,2#396,实际转速，单位rpm；原昆仑变量:设备0_读写4WUB0396；站号2,16-bit Unsigned
7组_37号_实际转速,MODBUS RTU,4x,2#397,实际转速，单位rpm；原昆仑变量:设备0_读写4WUB0397；站号2,16-bit Unsigned
7组_38号_实际转速,MODBUS RTU,4x,2#398,实际转速，单位rpm；原昆仑变量:设备0_读写4WUB0398；站号2,16-bit Unsigned
7组_39号_实际转速,MODBUS RTU,4x,2#399,实际转速，单位rpm；原昆仑变量:设备0_读写4WUB0399；站号2,16-bit Unsigned
7组_40号_实际转速,MODBUS RTU,4x,2#400,实际转速，单位rpm；原昆仑变量:设备0_读写4WUB0400；站号2,16-bit Unsigned
7组_41号_实际转速,MODBUS RTU,4x,2#401,实际转速，单位rpm；原昆仑变量:设备0_读写4WUB0401；站号2,16-bit Unsigned
7组_42号_实际转速,MODBUS RTU,4x,2#402,实际转速，单位rpm；原昆仑变量:设备0_读写4WUB0402；站号2,16-bit Unsigned
7组_43号_实际转速,MODBUS RTU,4x,2#403,实际转速，单位rpm；原昆仑变量:设备0_读写4WUB0403；站号2,16-bit Unsigned
7组_44号_实际转速,MODBUS RTU,4x,2#404,实际转速，单位rpm；原昆仑变量:设备0_读写4WUB0404；站号2,16-bit Unsigned
7组_45号_实际转速,MODBUS RTU,4x,2#405,实际转速，单位rpm；原昆仑变量:设备0_读写4WUB0405；站号2,16-bit Unsigned
7组_46号_实际转速,MODBUS RTU,4x,2#406,实际转速，单位rpm；原昆仑变量:设备0_读写4WUB0406；站号2,16-bit Unsigned
7组_47号_实际转速,MODBUS RTU,4x,2#407,实际转速，单位rpm；原昆仑变量:设备0_读写4WUB0407；站号2,16-bit Unsigned
7组_48号_实际转速,MODBUS RTU,4x,2#408,实际转速，单位rpm；原昆仑变量:设备0_读写4WUB0408；站号2,16-bit Unsigned
7组_49号_实际转速,MODBUS RTU,4x,2#409,实际转速，单位rpm；原昆仑变量:设备0_读写4WUB0409；站号2,16-bit Unsigned
7组_50号_实际转速,MODBUS RTU,4x,2#410,实际转速，单位rpm；原昆仑变量:设备0_读写4WUB0410；站号2,16-bit Unsigned
7组_51号_实际转速,MODBUS RTU,4x,2#411,实际转速，单位rpm；原昆仑变量:设备0_读写4WUB0411；站号2,16-bit Unsigned
7组_52号_实际转速,MODBUS RTU,4x,2#412,实际转速，单位rpm；原昆仑变量:设备0_读写4WUB0412；站号2,16-bit Unsigned
7组_53号_实际转速,MODBUS RTU,4x,2#413,实际转速，单位rpm；原昆仑变量:设备0_读写4WUB0413；站号2,16-bit Unsigned
7组_54号_实际转速,MODBUS RTU,4x,2#414,实际转速，单位rpm；原昆仑变量:设备0_读写4WUB0414；站号2,16-bit Unsigned
7组_55号_实际转速,MODBUS RTU,4x,2#415,实际转速，单位rpm；原昆仑变量:设备0_读写4WUB0415；站号2,16-bit Unsigned
7组_56号_实际转速,MODBUS RTU,4x,2#416,实际转速，单位rpm；原昆仑变量:设备0_读写4WUB0416；站号2,16-bit Unsigned
7组_57号_实际转速,MODBUS RTU,4x,2#417,实际转速，单位rpm；原昆仑变量:设备0_读写4WUB0417；站号2,16-bit Unsigned
7组_58号_实际转速,MODBUS RTU,4x,2#418,实际转速，单位rpm；原昆仑变量:设备0_读写4WUB0418；站号2,16-bit Unsigned
7组_59号_实际转速,MODBUS RTU,4x,2#419,实际转速，单位rpm；原昆仑变量:设备0_读写4WUB0419；站号2,16-bit Unsigned
7组_60号_实际转速,MODBUS RTU,4x,2#420,实际转速，单位rpm；原昆仑变量:设备0_读写4WUB0420；站号2,16-bit Unsigned
8组_01号_实际转速,MODBUS RTU,4x,2#421,实际转速，单位rpm；原昆仑变量:设备0_读写4WUB0421；站号2,16-bit Unsigned
8组_02号_实际转速,MODBUS RTU,4x,2#422,实际转速，单位rpm；原昆仑变量:设备0_读写4WUB0422；站号2,16-bit Unsigned
8组_03号_实际转速,MODBUS RTU,4x,2#423,实际转速，单位rpm；原昆仑变量:设备0_读写4WUB0423；站号2,16-bit Unsigned
8组_04号_实际转速,MODBUS RTU,4x,2#424,实际转速，单位rpm；原昆仑变量:设备0_读写4WUB0424；站号2,16-bit Unsigned
8组_05号_实际转速,MODBUS RTU,4x,2#425,实际转速，单位rpm；原昆仑变量:设备0_读写4WUB0425；站号2,16-bit Unsigned
8组_06号_实际转速,MODBUS RTU,4x,2#426,实际转速，单位rpm；原昆仑变量:设备0_读写4WUB0426；站号2,16-bit Unsigned
8组_07号_实际转速,MODBUS RTU,4x,2#427,实际转速，单位rpm；原昆仑变量:设备0_读写4WUB0427；站号2,16-bit Unsigned
8组_08号_实际转速,MODBUS RTU,4x,2#428,实际转速，单位rpm；原昆仑变量:设备0_读写4WUB0428；站号2,16-bit Unsigned
8组_09号_实际转速,MODBUS RTU,4x,2#429,实际转速，单位rpm；原昆仑变量:设备0_读写4WUB0429；站号2,16-bit Unsigned
8组_10号_实际转速,MODBUS RTU,4x,2#430,实际转速，单位rpm；原昆仑变量:设备0_读写4WUB0430；站号2,16-bit Unsigned
8组_11号_实际转速,MODBUS RTU,4x,2#431,实际转速，单位rpm；原昆仑变量:设备0_读写4WUB0431；站号2,16-bit Unsigned
8组_12号_实际转速,MODBUS RTU,4x,2#432,实际转速，单位rpm；原昆仑变量:设备0_读写4WUB0432；站号2,16-bit Unsigned
8组_13号_实际转速,MODBUS RTU,4x,2#433,实际转速，单位rpm；原昆仑变量:设备0_读写4WUB0433；站号2,16-bit Unsigned
8组_14号_实际转速,MODBUS RTU,4x,2#434,实际转速，单位rpm；原昆仑变量:设备0_读写4WUB0434；站号2,16-bit Unsigned
8组_15号_实际转速,MODBUS RTU,4x,2#435,实际转速，单位rpm；原昆仑变量:设备0_读写4WUB0435；站号2,16-bit Unsigned
8组_16号_实际转速,MODBUS RTU,4x,2#436,实际转速，单位rpm；原昆仑变量:设备0_读写4WUB0436；站号2,16-bit Unsigned
8组_17号_实际转速,MODBUS RTU,4x,2#437,实际转速，单位rpm；原昆仑变量:设备0_读写4WUB0437；站号2,16-bit Unsigned
8组_18号_实际转速,MODBUS RTU,4x,2#438,实际转速，单位rpm；原昆仑变量:设备0_读写4WUB0438；站号2,16-bit Unsigned
8组_19号_实际转速,MODBUS RTU,4x,2#439,实际转速，单位rpm；原昆仑变量:设备0_读写4WUB0439；站号2,16-bit Unsigned
8组_20号_实际转速,MODBUS RTU,4x,2#440,实际转速，单位rpm；原昆仑变量:设备0_读写4WUB0440；站号2,16-bit Unsigned
8组_21号_实际转速,MODBUS RTU,4x,2#441,实际转速，单位rpm；原昆仑变量:设备0_读写4WUB0441；站号2,16-bit Unsigned
8组_22号_实际转速,MODBUS RTU,4x,2#442,实际转速，单位rpm；原昆仑变量:设备0_读写4WUB0442；站号2,16-bit Unsigned
8组_23号_实际转速,MODBUS RTU,4x,2#443,实际转速，单位rpm；原昆仑变量:设备0_读写4WUB0443；站号2,16-bit Unsigned
8组_24号_实际转速,MODBUS RTU,4x,2#444,实际转速，单位rpm；原昆仑变量:设备0_读写4WUB0444；站号2,16-bit Unsigned
8组_25号_实际转速,MODBUS RTU,4x,2#445,实际转速，单位rpm；原昆仑变量:设备0_读写4WUB0445；站号2,16-bit Unsigned
8组_26号_实际转速,MODBUS RTU,4x,2#446,实际转速，单位rpm；原昆仑变量:设备0_读写4WUB0446；站号2,16-bit Unsigned
8组_27号_实际转速,MODBUS RTU,4x,2#447,实际转速，单位rpm；原昆仑变量:设备0_读写4WUB0447；站号2,16-bit Unsigned
8组_28号_实际转速,MODBUS RTU,4x,2#448,实际转速，单位rpm；原昆仑变量:设备0_读写4WUB0448；站号2,16-bit Unsigned
8组_29号_实际转速,MODBUS RTU,4x,2#449,实际转速，单位rpm；原昆仑变量:设备0_读写4WUB0449；站号2,16-bit Unsigned
8组_30号_实际转速,MODBUS RTU,4x,2#450,实际转速，单位rpm；原昆仑变量:设备0_读写4WUB0450；站号2,16-bit Unsigned
8组_31号_实际转速,MODBUS RTU,4x,2#451,实际转速，单位rpm；原昆仑变量:设备0_读写4WUB0451；站号2,16-bit Unsigned
8组_32号_实际转速,MODBUS RTU,4x,2#452,实际转速，单位rpm；原昆仑变量:设备0_读写4WUB0452；站号2,16-bit Unsigned
8组_33号_实际转速,MODBUS RTU,4x,2#453,实际转速，单位rpm；原昆仑变量:设备0_读写4WUB0453；站号2,16-bit Unsigned
8组_34号_实际转速,MODBUS RTU,4x,2#454,实际转速，单位rpm；原昆仑变量:设备0_读写4WUB0454；站号2,16-bit Unsigned
8组_35号_实际转速,MODBUS RTU,4x,2#455,实际转速，单位rpm；原昆仑变量:设备0_读写4WUB0455；站号2,16-bit Unsigned
8组_36号_实际转速,MODBUS RTU,4x,2#456,实际转速，单位rpm；原昆仑变量:设备0_读写4WUB0456；站号2,16-bit Unsigned
8组_37号_实际转速,MODBUS RTU,4x,2#457,实际转速，单位rpm；原昆仑变量:设备0_读写4WUB0457；站号2,16-bit Unsigned
8组_38号_实际转速,MODBUS RTU,4x,2#458,实际转速，单位rpm；原昆仑变量:设备0_读写4WUB0458；站号2,16-bit Unsigned
8组_39号_实际转速,MODBUS RTU,4x,2#459,实际转速，单位rpm；原昆仑变量:设备0_读写4WUB0459；站号2,16-bit Unsigned
8组_40号_实际转速,MODBUS RTU,4x,2#460,实际转速，单位rpm；原昆仑变量:设备0_读写4WUB0460；站号2,16-bit Unsigned
8组_41号_实际转速,MODBUS RTU,4x,2#461,实际转速，单位rpm；原昆仑变量:设备0_读写4WUB0461；站号2,16-bit Unsigned
8组_42号_实际转速,MODBUS RTU,4x,2#462,实际转速，单位rpm；原昆仑变量:设备0_读写4WUB0462；站号2,16-bit Unsigned
8组_43号_实际转速,MODBUS RTU,4x,2#463,实际转速，单位rpm；原昆仑变量:设备0_读写4WUB0463；站号2,16-bit Unsigned
8组_44号_实际转速,MODBUS RTU,4x,2#464,实际转速，单位rpm；原昆仑变量:设备0_读写4WUB0464；站号2,16-bit Unsigned
8组_45号_实际转速,MODBUS RTU,4x,2#465,实际转速，单位rpm；原昆仑变量:设备0_读写4WUB0465；站号2,16-bit Unsigned
8组_46号_实际转速,MODBUS RTU,4x,2#466,实际转速，单位rpm；原昆仑变量:设备0_读写4WUB0466；站号2,16-bit Unsigned
8组_47号_实际转速,MODBUS RTU,4x,2#467,实际转速，单位rpm；原昆仑变量:设备0_读写4WUB0467；站号2,16-bit Unsigned
8组_48号_实际转速,MODBUS RTU,4x,2#468,实际转速，单位rpm；原昆仑变量:设备0_读写4WUB0468；站号2,16-bit Unsigned
8组_49号_实际转速,MODBUS RTU,4x,2#469,实际转速，单位rpm；原昆仑变量:设备0_读写4WUB0469；站号2,16-bit Unsigned
8组_50号_实际转速,MODBUS RTU,4x,2#470,实际转速，单位rpm；原昆仑变量:设备0_读写4WUB0470；站号2,16-bit Unsigned
8组_51号_实际转速,MODBUS RTU,4x,2#471,实际转速，单位rpm；原昆仑变量:设备0_读写4WUB0471；站号2,16-bit Unsigned
8组_52号_实际转速,MODBUS RTU,4x,2#472,实际转速，单位rpm；原昆仑变量:设备0_读写4WUB0472；站号2,16-bit Unsigned
8组_53号_实际转速,MODBUS RTU,4x,2#473,实际转速，单位rpm；原昆仑变量:设备0_读写4WUB0473；站号2,16-bit Unsigned
8组_54号_实际转速,MODBUS RTU,4x,2#474,实际转速，单位rpm；原昆仑变量:设备0_读写4WUB0474；站号2,16-bit Unsigned
8组_55号_实际转速,MODBUS RTU,4x,2#475,实际转速，单位rpm；原昆仑变量:设备0_读写4WUB0475；站号2,16-bit Unsigned
8组_56号_实际转速,MODBUS RTU,4x,2#476,实际转速，单位rpm；原昆仑变量:设备0_读写4WUB0476；站号2,16-bit Unsigned
8组_57号_实际转速,MODBUS RTU,4x,2#477,实际转速，单位rpm；原昆仑变量:设备0_读写4WUB0477；站号2,16-bit Unsigned
8组_58号_实际转速,MODBUS RTU,4x,2#478,实际转速，单位rpm；原昆仑变量:设备0_读写4WUB0478；站号2,16-bit Unsigned
8组_59号_实际转速,MODBUS RTU,4x,2#479,实际转速，单位rpm；原昆仑变量:设备0_读写4WUB0479；站号2,16-bit Unsigned
8组_60号_实际转速,MODBUS RTU,4x,2#480,实际转速，单位rpm；原昆仑变量:设备0_读写4WUB0480；站号2,16-bit Unsigned
9组_01号_实际转速,MODBUS RTU,4x,2#481,实际转速，单位rpm；原昆仑变量:设备0_读写4WUB0481；站号2,16-bit Unsigned
9组_02号_实际转速,MODBUS RTU,4x,2#482,实际转速，单位rpm；原昆仑变量:设备0_读写4WUB0482；站号2,16-bit Unsigned
9组_03号_实际转速,MODBUS RTU,4x,2#483,实际转速，单位rpm；原昆仑变量:设备0_读写4WUB0483；站号2,16-bit Unsigned
9组_04号_实际转速,MODBUS RTU,4x,2#484,实际转速，单位rpm；原昆仑变量:设备0_读写4WUB0484；站号2,16-bit Unsigned
9组_05号_实际转速,MODBUS RTU,4x,2#485,实际转速，单位rpm；原昆仑变量:设备0_读写4WUB0485；站号2,16-bit Unsigned
9组_06号_实际转速,MODBUS RTU,4x,2#486,实际转速，单位rpm；原昆仑变量:设备0_读写4WUB0486；站号2,16-bit Unsigned
9组_07号_实际转速,MODBUS RTU,4x,2#487,实际转速，单位rpm；原昆仑变量:设备0_读写4WUB0487；站号2,16-bit Unsigned
9组_08号_实际转速,MODBUS RTU,4x,2#488,实际转速，单位rpm；原昆仑变量:设备0_读写4WUB0488；站号2,16-bit Unsigned
9组_09号_实际转速,MODBUS RTU,4x,2#489,实际转速，单位rpm；原昆仑变量:设备0_读写4WUB0489；站号2,16-bit Unsigned
9组_10号_实际转速,MODBUS RTU,4x,2#490,实际转速，单位rpm；原昆仑变量:设备0_读写4WUB0490；站号2,16-bit Unsigned
9组_11号_实际转速,MODBUS RTU,4x,2#491,实际转速，单位rpm；原昆仑变量:设备0_读写4WUB0491；站号2,16-bit Unsigned
9组_12号_实际转速,MODBUS RTU,4x,2#492,实际转速，单位rpm；原昆仑变量:设备0_读写4WUB0492；站号2,16-bit Unsigned
9组_13号_实际转速,MODBUS RTU,4x,2#493,实际转速，单位rpm；原昆仑变量:设备0_读写4WUB0493；站号2,16-bit Unsigned
9组_14号_实际转速,MODBUS RTU,4x,2#494,实际转速，单位rpm；原昆仑变量:设备0_读写4WUB0494；站号2,16-bit Unsigned
9组_15号_实际转速,MODBUS RTU,4x,2#495,实际转速，单位rpm；原昆仑变量:设备0_读写4WUB0495；站号2,16-bit Unsigned
9组_16号_实际转速,MODBUS RTU,4x,2#496,实际转速，单位rpm；原昆仑变量:设备0_读写4WUB0496；站号2,16-bit Unsigned
9组_17号_实际转速,MODBUS RTU,4x,2#497,实际转速，单位rpm；原昆仑变量:设备0_读写4WUB0497；站号2,16-bit Unsigned
9组_18号_实际转速,MODBUS RTU,4x,2#498,实际转速，单位rpm；原昆仑变量:设备0_读写4WUB0498；站号2,16-bit Unsigned
9组_19号_实际转速,MODBUS RTU,4x,2#499,实际转速，单位rpm；原昆仑变量:设备0_读写4WUB0499；站号2,16-bit Unsigned
9组_20号_实际转速,MODBUS RTU,4x,2#500,实际转速，单位rpm；原昆仑变量:设备0_读写4WUB0500；站号2,16-bit Unsigned
9组_21号_实际转速,MODBUS RTU,4x,2#501,实际转速，单位rpm；原昆仑变量:设备0_读写4WUB0501；站号2,16-bit Unsigned
9组_22号_实际转速,MODBUS RTU,4x,2#502,实际转速，单位rpm；原昆仑变量:设备0_读写4WUB0502；站号2,16-bit Unsigned
9组_23号_实际转速,MODBUS RTU,4x,2#503,实际转速，单位rpm；原昆仑变量:设备0_读写4WUB0503；站号2,16-bit Unsigned
9组_24号_实际转速,MODBUS RTU,4x,2#504,实际转速，单位rpm；原昆仑变量:设备0_读写4WUB0504；站号2,16-bit Unsigned
9组_25号_实际转速,MODBUS RTU,4x,2#505,实际转速，单位rpm；原昆仑变量:设备0_读写4WUB0505；站号2,16-bit Unsigned
9组_26号_实际转速,MODBUS RTU,4x,2#506,实际转速，单位rpm；原昆仑变量:设备0_读写4WUB0506；站号2,16-bit Unsigned
9组_27号_实际转速,MODBUS RTU,4x,2#507,实际转速，单位rpm；原昆仑变量:设备0_读写4WUB0507；站号2,16-bit Unsigned
9组_28号_实际转速,MODBUS RTU,4x,2#508,实际转速，单位rpm；原昆仑变量:设备0_读写4WUB0508；站号2,16-bit Unsigned
9组_29号_实际转速,MODBUS RTU,4x,2#509,实际转速，单位rpm；原昆仑变量:设备0_读写4WUB0509；站号2,16-bit Unsigned
9组_30号_实际转速,MODBUS RTU,4x,2#510,实际转速，单位rpm；原昆仑变量:设备0_读写4WUB0510；站号2,16-bit Unsigned
9组_31号_实际转速,MODBUS RTU,4x,2#511,实际转速，单位rpm；原昆仑变量:设备0_读写4WUB0511；站号2,16-bit Unsigned
9组_32号_实际转速,MODBUS RTU,4x,2#512,实际转速，单位rpm；原昆仑变量:设备0_读写4WUB0512；站号2,16-bit Unsigned
9组_33号_实际转速,MODBUS RTU,4x,2#513,实际转速，单位rpm；原昆仑变量:设备0_读写4WUB0513；站号2,16-bit Unsigned
9组_34号_实际转速,MODBUS RTU,4x,2#514,实际转速，单位rpm；原昆仑变量:设备0_读写4WUB0514；站号2,16-bit Unsigned
9组_35号_实际转速,MODBUS RTU,4x,2#515,实际转速，单位rpm；原昆仑变量:设备0_读写4WUB0515；站号2,16-bit Unsigned
9组_36号_实际转速,MODBUS RTU,4x,2#516,实际转速，单位rpm；原昆仑变量:设备0_读写4WUB0516；站号2,16-bit Unsigned
9组_37号_实际转速,MODBUS RTU,4x,2#517,实际转速，单位rpm；原昆仑变量:设备0_读写4WUB0517；站号2,16-bit Unsigned
9组_38号_实际转速,MODBUS RTU,4x,2#518,实际转速，单位rpm；原昆仑变量:设备0_读写4WUB0518；站号2,16-bit Unsigned
9组_39号_实际转速,MODBUS RTU,4x,2#519,实际转速，单位rpm；原昆仑变量:设备0_读写4WUB0519；站号2,16-bit Unsigned
9组_40号_实际转速,MODBUS RTU,4x,2#520,实际转速，单位rpm；原昆仑变量:设备0_读写4WUB0520；站号2,16-bit Unsigned
9组_41号_实际转速,MODBUS RTU,4x,2#521,实际转速，单位rpm；原昆仑变量:设备0_读写4WUB0521；站号2,16-bit Unsigned
9组_42号_实际转速,MODBUS RTU,4x,2#522,实际转速，单位rpm；原昆仑变量:设备0_读写4WUB0522；站号2,16-bit Unsigned
9组_43号_实际转速,MODBUS RTU,4x,2#523,实际转速，单位rpm；原昆仑变量:设备0_读写4WUB0523；站号2,16-bit Unsigned
9组_44号_实际转速,MODBUS RTU,4x,2#524,实际转速，单位rpm；原昆仑变量:设备0_读写4WUB0524；站号2,16-bit Unsigned
9组_45号_实际转速,MODBUS RTU,4x,2#525,实际转速，单位rpm；原昆仑变量:设备0_读写4WUB0525；站号2,16-bit Unsigned
9组_46号_实际转速,MODBUS RTU,4x,2#526,实际转速，单位rpm；原昆仑变量:设备0_读写4WUB0526；站号2,16-bit Unsigned
9组_47号_实际转速,MODBUS RTU,4x,2#527,实际转速，单位rpm；原昆仑变量:设备0_读写4WUB0527；站号2,16-bit Unsigned
9组_48号_实际转速,MODBUS RTU,4x,2#528,实际转速，单位rpm；原昆仑变量:设备0_读写4WUB0528；站号2,16-bit Unsigned
9组_49号_实际转速,MODBUS RTU,4x,2#529,实际转速，单位rpm；原昆仑变量:设备0_读写4WUB0529；站号2,16-bit Unsigned
9组_50号_实际转速,MODBUS RTU,4x,2#530,实际转速，单位rpm；原昆仑变量:设备0_读写4WUB0530；站号2,16-bit Unsigned
9组_51号_实际转速,MODBUS RTU,4x,2#531,实际转速，单位rpm；原昆仑变量:设备0_读写4WUB0531；站号2,16-bit Unsigned
9组_52号_实际转速,MODBUS RTU,4x,2#532,实际转速，单位rpm；原昆仑变量:设备0_读写4WUB0532；站号2,16-bit Unsigned
9组_53号_实际转速,MODBUS RTU,4x,2#533,实际转速，单位rpm；原昆仑变量:设备0_读写4WUB0533；站号2,16-bit Unsigned
9组_54号_实际转速,MODBUS RTU,4x,2#534,实际转速，单位rpm；原昆仑变量:设备0_读写4WUB0534；站号2,16-bit Unsigned
9组_55号_实际转速,MODBUS RTU,4x,2#535,实际转速，单位rpm；原昆仑变量:设备0_读写4WUB0535；站号2,16-bit Unsigned
9组_56号_实际转速,MODBUS RTU,4x,2#536,实际转速，单位rpm；原昆仑变量:设备0_读写4WUB0536；站号2,16-bit Unsigned
9组_57号_实际转速,MODBUS RTU,4x,2#537,实际转速，单位rpm；原昆仑变量:设备0_读写4WUB0537；站号2,16-bit Unsigned
9组_58号_实际转速,MODBUS RTU,4x,2#538,实际转速，单位rpm；原昆仑变量:设备0_读写4WUB0538；站号2,16-bit Unsigned
9组_59号_实际转速,MODBUS RTU,4x,2#539,实际转速，单位rpm；原昆仑变量:设备0_读写4WUB0539；站号2,16-bit Unsigned
9组_60号_实际转速,MODBUS RTU,4x,2#540,实际转速，单位rpm；原昆仑变量:设备0_读写4WUB0540；站号2,16-bit Unsigned
10组_01号_实际转速,MODBUS RTU,4x,2#541,实际转速，单位rpm；原昆仑变量:设备0_读写4WUB0541；站号2,16-bit Unsigned
10组_02号_实际转速,MODBUS RTU,4x,2#542,实际转速，单位rpm；原昆仑变量:设备0_读写4WUB0542；站号2,16-bit Unsigned
10组_03号_实际转速,MODBUS RTU,4x,2#543,实际转速，单位rpm；原昆仑变量:设备0_读写4WUB0543；站号2,16-bit Unsigned
10组_04号_实际转速,MODBUS RTU,4x,2#544,实际转速，单位rpm；原昆仑变量:设备0_读写4WUB0544；站号2,16-bit Unsigned
10组_05号_实际转速,MODBUS RTU,4x,2#545,实际转速，单位rpm；原昆仑变量:设备0_读写4WUB0545；站号2,16-bit Unsigned
10组_06号_实际转速,MODBUS RTU,4x,2#546,实际转速，单位rpm；原昆仑变量:设备0_读写4WUB0546；站号2,16-bit Unsigned
10组_07号_实际转速,MODBUS RTU,4x,2#547,实际转速，单位rpm；原昆仑变量:设备0_读写4WUB0547；站号2,16-bit Unsigned
10组_08号_实际转速,MODBUS RTU,4x,2#548,实际转速，单位rpm；原昆仑变量:设备0_读写4WUB0548；站号2,16-bit Unsigned
10组_09号_实际转速,MODBUS RTU,4x,2#549,实际转速，单位rpm；原昆仑变量:设备0_读写4WUB0549；站号2,16-bit Unsigned
10组_10号_实际转速,MODBUS RTU,4x,2#550,实际转速，单位rpm；原昆仑变量:设备0_读写4WUB0550；站号2,16-bit Unsigned
10组_11号_实际转速,MODBUS RTU,4x,2#551,实际转速，单位rpm；原昆仑变量:设备0_读写4WUB0551；站号2,16-bit Unsigned
10组_12号_实际转速,MODBUS RTU,4x,2#552,实际转速，单位rpm；原昆仑变量:设备0_读写4WUB0552；站号2,16-bit Unsigned
10组_13号_实际转速,MODBUS RTU,4x,2#553,实际转速，单位rpm；原昆仑变量:设备0_读写4WUB0553；站号2,16-bit Unsigned
10组_14号_实际转速,MODBUS RTU,4x,2#554,实际转速，单位rpm；原昆仑变量:设备0_读写4WUB0554；站号2,16-bit Unsigned
10组_15号_实际转速,MODBUS RTU,4x,2#555,实际转速，单位rpm；原昆仑变量:设备0_读写4WUB0555；站号2,16-bit Unsigned
10组_16号_实际转速,MODBUS RTU,4x,2#556,实际转速，单位rpm；原昆仑变量:设备0_读写4WUB0556；站号2,16-bit Unsigned
10组_17号_实际转速,MODBUS RTU,4x,2#557,实际转速，单位rpm；原昆仑变量:设备0_读写4WUB0557；站号2,16-bit Unsigned
10组_18号_实际转速,MODBUS RTU,4x,2#558,实际转速，单位rpm；原昆仑变量:设备0_读写4WUB0558；站号2,16-bit Unsigned
10组_19号_实际转速,MODBUS RTU,4x,2#559,实际转速，单位rpm；原昆仑变量:设备0_读写4WUB0559；站号2,16-bit Unsigned
10组_20号_实际转速,MODBUS RTU,4x,2#560,实际转速，单位rpm；原昆仑变量:设备0_读写4WUB0560；站号2,16-bit Unsigned
10组_21号_实际转速,MODBUS RTU,4x,2#561,实际转速，单位rpm；原昆仑变量:设备0_读写4WUB0561；站号2,16-bit Unsigned
10组_22号_实际转速,MODBUS RTU,4x,2#562,实际转速，单位rpm；原昆仑变量:设备0_读写4WUB0562；站号2,16-bit Unsigned
10组_23号_实际转速,MODBUS RTU,4x,2#563,实际转速，单位rpm；原昆仑变量:设备0_读写4WUB0563；站号2,16-bit Unsigned
10组_24号_实际转速,MODBUS RTU,4x,2#564,实际转速，单位rpm；原昆仑变量:设备0_读写4WUB0564；站号2,16-bit Unsigned
10组_25号_实际转速,MODBUS RTU,4x,2#565,实际转速，单位rpm；原昆仑变量:设备0_读写4WUB0565；站号2,16-bit Unsigned
10组_26号_实际转速,MODBUS RTU,4x,2#566,实际转速，单位rpm；原昆仑变量:设备0_读写4WUB0566；站号2,16-bit Unsigned
10组_27号_实际转速,MODBUS RTU,4x,2#567,实际转速，单位rpm；原昆仑变量:设备0_读写4WUB0567；站号2,16-bit Unsigned
10组_28号_实际转速,MODBUS RTU,4x,2#568,实际转速，单位rpm；原昆仑变量:设备0_读写4WUB0568；站号2,16-bit Unsigned
10组_29号_实际转速,MODBUS RTU,4x,2#569,实际转速，单位rpm；原昆仑变量:设备0_读写4WUB0569；站号2,16-bit Unsigned
10组_30号_实际转速,MODBUS RTU,4x,2#570,实际转速，单位rpm；原昆仑变量:设备0_读写4WUB0570；站号2,16-bit Unsigned
10组_31号_实际转速,MODBUS RTU,4x,2#571,实际转速，单位rpm；原昆仑变量:设备0_读写4WUB0571；站号2,16-bit Unsigned
10组_32号_实际转速,MODBUS RTU,4x,2#572,实际转速，单位rpm；原昆仑变量:设备0_读写4WUB0572；站号2,16-bit Unsigned
10组_33号_实际转速,MODBUS RTU,4x,2#573,实际转速，单位rpm；原昆仑变量:设备0_读写4WUB0573；站号2,16-bit Unsigned
10组_34号_实际转速,MODBUS RTU,4x,2#574,实际转速，单位rpm；原昆仑变量:设备0_读写4WUB0574；站号2,16-bit Unsigned
10组_35号_实际转速,MODBUS RTU,4x,2#575,实际转速，单位rpm；原昆仑变量:设备0_读写4WUB0575；站号2,16-bit Unsigned
10组_36号_实际转速,MODBUS RTU,4x,2#576,实际转速，单位rpm；原昆仑变量:设备0_读写4WUB0576；站号2,16-bit Unsigned
10组_37号_实际转速,MODBUS RTU,4x,2#577,实际转速，单位rpm；原昆仑变量:设备0_读写4WUB0577；站号2,16-bit Unsigned
10组_38号_实际转速,MODBUS RTU,4x,2#578,实际转速，单位rpm；原昆仑变量:设备0_读写4WUB0578；站号2,16-bit Unsigned
10组_39号_实际转速,MODBUS RTU,4x,2#579,实际转速，单位rpm；原昆仑变量:设备0_读写4WUB0579；站号2,16-bit Unsigned
10组_40号_实际转速,MODBUS RTU,4x,2#580,实际转速，单位rpm；原昆仑变量:设备0_读写4WUB0580；站号2,16-bit Unsigned
10组_41号_实际转速,MODBUS RTU,4x,2#581,实际转速，单位rpm；原昆仑变量:设备0_读写4WUB0581；站号2,16-bit Unsigned
10组_42号_实际转速,MODBUS RTU,4x,2#582,实际转速，单位rpm；原昆仑变量:设备0_读写4WUB0582；站号2,16-bit Unsigned
10组_43号_实际转速,MODBUS RTU,4x,2#583,实际转速，单位rpm；原昆仑变量:设备0_读写4WUB0583；站号2,16-bit Unsigned
10组_44号_实际转速,MODBUS RTU,4x,2#584,实际转速，单位rpm；原昆仑变量:设备0_读写4WUB0584；站号2,16-bit Unsigned
10组_45号_实际转速,MODBUS RTU,4x,2#585,实际转速，单位rpm；原昆仑变量:设备0_读写4WUB0585；站号2,16-bit Unsigned
10组_46号_实际转速,MODBUS RTU,4x,2#586,实际转速，单位rpm；原昆仑变量:设备0_读写4WUB0586；站号2,16-bit Unsigned
10组_47号_实际转速,MODBUS RTU,4x,2#587,实际转速，单位rpm；原昆仑变量:设备0_读写4WUB0587；站号2,16-bit Unsigned
10组_48号_实际转速,MODBUS RTU,4x,2#588,实际转速，单位rpm；原昆仑变量:设备0_读写4WUB0588；站号2,16-bit Unsigned
10组_49号_实际转速,MODBUS RTU,4x,2#589,实际转速，单位rpm；原昆仑变量:设备0_读写4WUB0589；站号2,16-bit Unsigned
10组_50号_实际转速,MODBUS RTU,4x,2#590,实际转速，单位rpm；原昆仑变量:设备0_读写4WUB0590；站号2,16-bit Unsigned
10组_51号_实际转速,MODBUS RTU,4x,2#591,实际转速，单位rpm；原昆仑变量:设备0_读写4WUB0591；站号2,16-bit Unsigned
10组_52号_实际转速,MODBUS RTU,4x,2#592,实际转速，单位rpm；原昆仑变量:设备0_读写4WUB0592；站号2,16-bit Unsigned
10组_53号_实际转速,MODBUS RTU,4x,2#593,实际转速，单位rpm；原昆仑变量:设备0_读写4WUB0593；站号2,16-bit Unsigned
10组_54号_实际转速,MODBUS RTU,4x,2#594,实际转速，单位rpm；原昆仑变量:设备0_读写4WUB0594；站号2,16-bit Unsigned
10组_55号_实际转速,MODBUS RTU,4x,2#595,实际转速，单位rpm；原昆仑变量:设备0_读写4WUB0595；站号2,16-bit Unsigned
10组_56号_实际转速,MODBUS RTU,4x,2#596,实际转速，单位rpm；原昆仑变量:设备0_读写4WUB0596；站号2,16-bit Unsigned
10组_57号_实际转速,MODBUS RTU,4x,2#597,实际转速，单位rpm；原昆仑变量:设备0_读写4WUB0597；站号2,16-bit Unsigned
10组_58号_实际转速,MODBUS RTU,4x,2#598,实际转速，单位rpm；原昆仑变量:设备0_读写4WUB0598；站号2,16-bit Unsigned
10组_59号_实际转速,MODBUS RTU,4x,2#599,实际转速，单位rpm；原昆仑变量:设备0_读写4WUB0599；站号2,16-bit Unsigned
10组_60号_实际转速,MODBUS RTU,4x,2#600,实际转速，单位rpm；原昆仑变量:设备0_读写4WUB0600；站号2,16-bit Unsigned
6组_01号_实际功率,MODBUS RTU,4x,2#601,实际功率，单位W；原昆仑变量:设备0_读写4WUB0601；站号2,16-bit Unsigned
6组_02号_实际功率,MODBUS RTU,4x,2#602,实际功率，单位W；原昆仑变量:设备0_读写4WUB0602；站号2,16-bit Unsigned
6组_03号_实际功率,MODBUS RTU,4x,2#603,实际功率，单位W；原昆仑变量:设备0_读写4WUB0603；站号2,16-bit Unsigned
6组_04号_实际功率,MODBUS RTU,4x,2#604,实际功率，单位W；原昆仑变量:设备0_读写4WUB0604；站号2,16-bit Unsigned
6组_05号_实际功率,MODBUS RTU,4x,2#605,实际功率，单位W；原昆仑变量:设备0_读写4WUB0605；站号2,16-bit Unsigned
6组_06号_实际功率,MODBUS RTU,4x,2#606,实际功率，单位W；原昆仑变量:设备0_读写4WUB0606；站号2,16-bit Unsigned
6组_07号_实际功率,MODBUS RTU,4x,2#607,实际功率，单位W；原昆仑变量:设备0_读写4WUB0607；站号2,16-bit Unsigned
6组_08号_实际功率,MODBUS RTU,4x,2#608,实际功率，单位W；原昆仑变量:设备0_读写4WUB0608；站号2,16-bit Unsigned
6组_09号_实际功率,MODBUS RTU,4x,2#609,实际功率，单位W；原昆仑变量:设备0_读写4WUB0609；站号2,16-bit Unsigned
6组_10号_实际功率,MODBUS RTU,4x,2#610,实际功率，单位W；原昆仑变量:设备0_读写4WUB0610；站号2,16-bit Unsigned
6组_11号_实际功率,MODBUS RTU,4x,2#611,实际功率，单位W；原昆仑变量:设备0_读写4WUB0611；站号2,16-bit Unsigned
6组_12号_实际功率,MODBUS RTU,4x,2#612,实际功率，单位W；原昆仑变量:设备0_读写4WUB0612；站号2,16-bit Unsigned
6组_13号_实际功率,MODBUS RTU,4x,2#613,实际功率，单位W；原昆仑变量:设备0_读写4WUB0613；站号2,16-bit Unsigned
6组_14号_实际功率,MODBUS RTU,4x,2#614,实际功率，单位W；原昆仑变量:设备0_读写4WUB0614；站号2,16-bit Unsigned
6组_15号_实际功率,MODBUS RTU,4x,2#615,实际功率，单位W；原昆仑变量:设备0_读写4WUB0615；站号2,16-bit Unsigned
6组_16号_实际功率,MODBUS RTU,4x,2#616,实际功率，单位W；原昆仑变量:设备0_读写4WUB0616；站号2,16-bit Unsigned
6组_17号_实际功率,MODBUS RTU,4x,2#617,实际功率，单位W；原昆仑变量:设备0_读写4WUB0617；站号2,16-bit Unsigned
6组_18号_实际功率,MODBUS RTU,4x,2#618,实际功率，单位W；原昆仑变量:设备0_读写4WUB0618；站号2,16-bit Unsigned
6组_19号_实际功率,MODBUS RTU,4x,2#619,实际功率，单位W；原昆仑变量:设备0_读写4WUB0619；站号2,16-bit Unsigned
6组_20号_实际功率,MODBUS RTU,4x,2#620,实际功率，单位W；原昆仑变量:设备0_读写4WUB0620；站号2,16-bit Unsigned
6组_21号_实际功率,MODBUS RTU,4x,2#621,实际功率，单位W；原昆仑变量:设备0_读写4WUB0621；站号2,16-bit Unsigned
6组_22号_实际功率,MODBUS RTU,4x,2#622,实际功率，单位W；原昆仑变量:设备0_读写4WUB0622；站号2,16-bit Unsigned
6组_23号_实际功率,MODBUS RTU,4x,2#623,实际功率，单位W；原昆仑变量:设备0_读写4WUB0623；站号2,16-bit Unsigned
6组_24号_实际功率,MODBUS RTU,4x,2#624,实际功率，单位W；原昆仑变量:设备0_读写4WUB0624；站号2,16-bit Unsigned
6组_25号_实际功率,MODBUS RTU,4x,2#625,实际功率，单位W；原昆仑变量:设备0_读写4WUB0625；站号2,16-bit Unsigned
6组_26号_实际功率,MODBUS RTU,4x,2#626,实际功率，单位W；原昆仑变量:设备0_读写4WUB0626；站号2,16-bit Unsigned
6组_27号_实际功率,MODBUS RTU,4x,2#627,实际功率，单位W；原昆仑变量:设备0_读写4WUB0627；站号2,16-bit Unsigned
6组_28号_实际功率,MODBUS RTU,4x,2#628,实际功率，单位W；原昆仑变量:设备0_读写4WUB0628；站号2,16-bit Unsigned
6组_29号_实际功率,MODBUS RTU,4x,2#629,实际功率，单位W；原昆仑变量:设备0_读写4WUB0629；站号2,16-bit Unsigned
6组_30号_实际功率,MODBUS RTU,4x,2#630,实际功率，单位W；原昆仑变量:设备0_读写4WUB0630；站号2,16-bit Unsigned
6组_31号_实际功率,MODBUS RTU,4x,2#631,实际功率，单位W；原昆仑变量:设备0_读写4WUB0631；站号2,16-bit Unsigned
6组_32号_实际功率,MODBUS RTU,4x,2#632,实际功率，单位W；原昆仑变量:设备0_读写4WUB0632；站号2,16-bit Unsigned
6组_33号_实际功率,MODBUS RTU,4x,2#633,实际功率，单位W；原昆仑变量:设备0_读写4WUB0633；站号2,16-bit Unsigned
6组_34号_实际功率,MODBUS RTU,4x,2#634,实际功率，单位W；原昆仑变量:设备0_读写4WUB0634；站号2,16-bit Unsigned
6组_35号_实际功率,MODBUS RTU,4x,2#635,实际功率，单位W；原昆仑变量:设备0_读写4WUB0635；站号2,16-bit Unsigned
6组_36号_实际功率,MODBUS RTU,4x,2#636,实际功率，单位W；原昆仑变量:设备0_读写4WUB0636；站号2,16-bit Unsigned
6组_37号_实际功率,MODBUS RTU,4x,2#637,实际功率，单位W；原昆仑变量:设备0_读写4WUB0637；站号2,16-bit Unsigned
6组_38号_实际功率,MODBUS RTU,4x,2#638,实际功率，单位W；原昆仑变量:设备0_读写4WUB0638；站号2,16-bit Unsigned
6组_39号_实际功率,MODBUS RTU,4x,2#639,实际功率，单位W；原昆仑变量:设备0_读写4WUB0639；站号2,16-bit Unsigned
6组_40号_实际功率,MODBUS RTU,4x,2#640,实际功率，单位W；原昆仑变量:设备0_读写4WUB0640；站号2,16-bit Unsigned
6组_41号_实际功率,MODBUS RTU,4x,2#641,实际功率，单位W；原昆仑变量:设备0_读写4WUB0641；站号2,16-bit Unsigned
6组_42号_实际功率,MODBUS RTU,4x,2#642,实际功率，单位W；原昆仑变量:设备0_读写4WUB0642；站号2,16-bit Unsigned
6组_43号_实际功率,MODBUS RTU,4x,2#643,实际功率，单位W；原昆仑变量:设备0_读写4WUB0643；站号2,16-bit Unsigned
6组_44号_实际功率,MODBUS RTU,4x,2#644,实际功率，单位W；原昆仑变量:设备0_读写4WUB0644；站号2,16-bit Unsigned
6组_45号_实际功率,MODBUS RTU,4x,2#645,实际功率，单位W；原昆仑变量:设备0_读写4WUB0645；站号2,16-bit Unsigned
6组_46号_实际功率,MODBUS RTU,4x,2#646,实际功率，单位W；原昆仑变量:设备0_读写4WUB0646；站号2,16-bit Unsigned
6组_47号_实际功率,MODBUS RTU,4x,2#647,实际功率，单位W；原昆仑变量:设备0_读写4WUB0647；站号2,16-bit Unsigned
6组_48号_实际功率,MODBUS RTU,4x,2#648,实际功率，单位W；原昆仑变量:设备0_读写4WUB0648；站号2,16-bit Unsigned
6组_49号_实际功率,MODBUS RTU,4x,2#649,实际功率，单位W；原昆仑变量:设备0_读写4WUB0649；站号2,16-bit Unsigned
6组_50号_实际功率,MODBUS RTU,4x,2#650,实际功率，单位W；原昆仑变量:设备0_读写4WUB0650；站号2,16-bit Unsigned
6组_51号_实际功率,MODBUS RTU,4x,2#651,实际功率，单位W；原昆仑变量:设备0_读写4WUB0651；站号2,16-bit Unsigned
6组_52号_实际功率,MODBUS RTU,4x,2#652,实际功率，单位W；原昆仑变量:设备0_读写4WUB0652；站号2,16-bit Unsigned
6组_53号_实际功率,MODBUS RTU,4x,2#653,实际功率，单位W；原昆仑变量:设备0_读写4WUB0653；站号2,16-bit Unsigned
6组_54号_实际功率,MODBUS RTU,4x,2#654,实际功率，单位W；原昆仑变量:设备0_读写4WUB0654；站号2,16-bit Unsigned
6组_55号_实际功率,MODBUS RTU,4x,2#655,实际功率，单位W；原昆仑变量:设备0_读写4WUB0655；站号2,16-bit Unsigned
6组_56号_实际功率,MODBUS RTU,4x,2#656,实际功率，单位W；原昆仑变量:设备0_读写4WUB0656；站号2,16-bit Unsigned
6组_57号_实际功率,MODBUS RTU,4x,2#657,实际功率，单位W；原昆仑变量:设备0_读写4WUB0657；站号2,16-bit Unsigned
6组_58号_实际功率,MODBUS RTU,4x,2#658,实际功率，单位W；原昆仑变量:设备0_读写4WUB0658；站号2,16-bit Unsigned
6组_59号_实际功率,MODBUS RTU,4x,2#659,实际功率，单位W；原昆仑变量:设备0_读写4WUB0659；站号2,16-bit Unsigned
6组_60号_实际功率,MODBUS RTU,4x,2#660,实际功率，单位W；原昆仑变量:设备0_读写4WUB0660；站号2,16-bit Unsigned
7组_01号_实际功率,MODBUS RTU,4x,2#661,实际功率，单位W；原昆仑变量:设备0_读写4WUB0661；站号2,16-bit Unsigned
7组_02号_实际功率,MODBUS RTU,4x,2#662,实际功率，单位W；原昆仑变量:设备0_读写4WUB0662；站号2,16-bit Unsigned
7组_03号_实际功率,MODBUS RTU,4x,2#663,实际功率，单位W；原昆仑变量:设备0_读写4WUB0663；站号2,16-bit Unsigned
7组_04号_实际功率,MODBUS RTU,4x,2#664,实际功率，单位W；原昆仑变量:设备0_读写4WUB0664；站号2,16-bit Unsigned
7组_05号_实际功率,MODBUS RTU,4x,2#665,实际功率，单位W；原昆仑变量:设备0_读写4WUB0665；站号2,16-bit Unsigned
7组_06号_实际功率,MODBUS RTU,4x,2#666,实际功率，单位W；原昆仑变量:设备0_读写4WUB0666；站号2,16-bit Unsigned
7组_07号_实际功率,MODBUS RTU,4x,2#667,实际功率，单位W；原昆仑变量:设备0_读写4WUB0667；站号2,16-bit Unsigned
7组_08号_实际功率,MODBUS RTU,4x,2#668,实际功率，单位W；原昆仑变量:设备0_读写4WUB0668；站号2,16-bit Unsigned
7组_09号_实际功率,MODBUS RTU,4x,2#669,实际功率，单位W；原昆仑变量:设备0_读写4WUB0669；站号2,16-bit Unsigned
7组_10号_实际功率,MODBUS RTU,4x,2#670,实际功率，单位W；原昆仑变量:设备0_读写4WUB0670；站号2,16-bit Unsigned
7组_11号_实际功率,MODBUS RTU,4x,2#671,实际功率，单位W；原昆仑变量:设备0_读写4WUB0671；站号2,16-bit Unsigned
7组_12号_实际功率,MODBUS RTU,4x,2#672,实际功率，单位W；原昆仑变量:设备0_读写4WUB0672；站号2,16-bit Unsigned
7组_13号_实际功率,MODBUS RTU,4x,2#673,实际功率，单位W；原昆仑变量:设备0_读写4WUB0673；站号2,16-bit Unsigned
7组_14号_实际功率,MODBUS RTU,4x,2#674,实际功率，单位W；原昆仑变量:设备0_读写4WUB0674；站号2,16-bit Unsigned
7组_15号_实际功率,MODBUS RTU,4x,2#675,实际功率，单位W；原昆仑变量:设备0_读写4WUB0675；站号2,16-bit Unsigned
7组_16号_实际功率,MODBUS RTU,4x,2#676,实际功率，单位W；原昆仑变量:设备0_读写4WUB0676；站号2,16-bit Unsigned
7组_17号_实际功率,MODBUS RTU,4x,2#677,实际功率，单位W；原昆仑变量:设备0_读写4WUB0677；站号2,16-bit Unsigned
7组_18号_实际功率,MODBUS RTU,4x,2#678,实际功率，单位W；原昆仑变量:设备0_读写4WUB0678；站号2,16-bit Unsigned
7组_19号_实际功率,MODBUS RTU,4x,2#679,实际功率，单位W；原昆仑变量:设备0_读写4WUB0679；站号2,16-bit Unsigned
7组_20号_实际功率,MODBUS RTU,4x,2#680,实际功率，单位W；原昆仑变量:设备0_读写4WUB0680；站号2,16-bit Unsigned
7组_21号_实际功率,MODBUS RTU,4x,2#681,实际功率，单位W；原昆仑变量:设备0_读写4WUB0681；站号2,16-bit Unsigned
7组_22号_实际功率,MODBUS RTU,4x,2#682,实际功率，单位W；原昆仑变量:设备0_读写4WUB0682；站号2,16-bit Unsigned
7组_23号_实际功率,MODBUS RTU,4x,2#683,实际功率，单位W；原昆仑变量:设备0_读写4WUB0683；站号2,16-bit Unsigned
7组_24号_实际功率,MODBUS RTU,4x,2#684,实际功率，单位W；原昆仑变量:设备0_读写4WUB0684；站号2,16-bit Unsigned
7组_25号_实际功率,MODBUS RTU,4x,2#685,实际功率，单位W；原昆仑变量:设备0_读写4WUB0685；站号2,16-bit Unsigned
7组_26号_实际功率,MODBUS RTU,4x,2#686,实际功率，单位W；原昆仑变量:设备0_读写4WUB0686；站号2,16-bit Unsigned
7组_27号_实际功率,MODBUS RTU,4x,2#687,实际功率，单位W；原昆仑变量:设备0_读写4WUB0687；站号2,16-bit Unsigned
7组_28号_实际功率,MODBUS RTU,4x,2#688,实际功率，单位W；原昆仑变量:设备0_读写4WUB0688；站号2,16-bit Unsigned
7组_29号_实际功率,MODBUS RTU,4x,2#689,实际功率，单位W；原昆仑变量:设备0_读写4WUB0689；站号2,16-bit Unsigned
7组_30号_实际功率,MODBUS RTU,4x,2#690,实际功率，单位W；原昆仑变量:设备0_读写4WUB0690；站号2,16-bit Unsigned
7组_31号_实际功率,MODBUS RTU,4x,2#691,实际功率，单位W；原昆仑变量:设备0_读写4WUB0691；站号2,16-bit Unsigned
7组_32号_实际功率,MODBUS RTU,4x,2#692,实际功率，单位W；原昆仑变量:设备0_读写4WUB0692；站号2,16-bit Unsigned
7组_33号_实际功率,MODBUS RTU,4x,2#693,实际功率，单位W；原昆仑变量:设备0_读写4WUB0693；站号2,16-bit Unsigned
7组_34号_实际功率,MODBUS RTU,4x,2#694,实际功率，单位W；原昆仑变量:设备0_读写4WUB0694；站号2,16-bit Unsigned
7组_35号_实际功率,MODBUS RTU,4x,2#695,实际功率，单位W；原昆仑变量:设备0_读写4WUB0695；站号2,16-bit Unsigned
7组_36号_实际功率,MODBUS RTU,4x,2#696,实际功率，单位W；原昆仑变量:设备0_读写4WUB0696；站号2,16-bit Unsigned
7组_37号_实际功率,MODBUS RTU,4x,2#697,实际功率，单位W；原昆仑变量:设备0_读写4WUB0697；站号2,16-bit Unsigned
7组_38号_实际功率,MODBUS RTU,4x,2#698,实际功率，单位W；原昆仑变量:设备0_读写4WUB0698；站号2,16-bit Unsigned
7组_39号_实际功率,MODBUS RTU,4x,2#699,实际功率，单位W；原昆仑变量:设备0_读写4WUB0699；站号2,16-bit Unsigned
7组_40号_实际功率,MODBUS RTU,4x,2#700,实际功率，单位W；原昆仑变量:设备0_读写4WUB0700；站号2,16-bit Unsigned
7组_41号_实际功率,MODBUS RTU,4x,2#701,实际功率，单位W；原昆仑变量:设备0_读写4WUB0701；站号2,16-bit Unsigned
7组_42号_实际功率,MODBUS RTU,4x,2#702,实际功率，单位W；原昆仑变量:设备0_读写4WUB0702；站号2,16-bit Unsigned
7组_43号_实际功率,MODBUS RTU,4x,2#703,实际功率，单位W；原昆仑变量:设备0_读写4WUB0703；站号2,16-bit Unsigned
7组_44号_实际功率,MODBUS RTU,4x,2#704,实际功率，单位W；原昆仑变量:设备0_读写4WUB0704；站号2,16-bit Unsigned
7组_45号_实际功率,MODBUS RTU,4x,2#705,实际功率，单位W；原昆仑变量:设备0_读写4WUB0705；站号2,16-bit Unsigned
7组_46号_实际功率,MODBUS RTU,4x,2#706,实际功率，单位W；原昆仑变量:设备0_读写4WUB0706；站号2,16-bit Unsigned
7组_47号_实际功率,MODBUS RTU,4x,2#707,实际功率，单位W；原昆仑变量:设备0_读写4WUB0707；站号2,16-bit Unsigned
7组_48号_实际功率,MODBUS RTU,4x,2#708,实际功率，单位W；原昆仑变量:设备0_读写4WUB0708；站号2,16-bit Unsigned
7组_49号_实际功率,MODBUS RTU,4x,2#709,实际功率，单位W；原昆仑变量:设备0_读写4WUB0709；站号2,16-bit Unsigned
7组_50号_实际功率,MODBUS RTU,4x,2#710,实际功率，单位W；原昆仑变量:设备0_读写4WUB0710；站号2,16-bit Unsigned
7组_51号_实际功率,MODBUS RTU,4x,2#711,实际功率，单位W；原昆仑变量:设备0_读写4WUB0711；站号2,16-bit Unsigned
7组_52号_实际功率,MODBUS RTU,4x,2#712,实际功率，单位W；原昆仑变量:设备0_读写4WUB0712；站号2,16-bit Unsigned
7组_53号_实际功率,MODBUS RTU,4x,2#713,实际功率，单位W；原昆仑变量:设备0_读写4WUB0713；站号2,16-bit Unsigned
7组_54号_实际功率,MODBUS RTU,4x,2#714,实际功率，单位W；原昆仑变量:设备0_读写4WUB0714；站号2,16-bit Unsigned
7组_55号_实际功率,MODBUS RTU,4x,2#715,实际功率，单位W；原昆仑变量:设备0_读写4WUB0715；站号2,16-bit Unsigned
7组_56号_实际功率,MODBUS RTU,4x,2#716,实际功率，单位W；原昆仑变量:设备0_读写4WUB0716；站号2,16-bit Unsigned
7组_57号_实际功率,MODBUS RTU,4x,2#717,实际功率，单位W；原昆仑变量:设备0_读写4WUB0717；站号2,16-bit Unsigned
7组_58号_实际功率,MODBUS RTU,4x,2#718,实际功率，单位W；原昆仑变量:设备0_读写4WUB0718；站号2,16-bit Unsigned
7组_59号_实际功率,MODBUS RTU,4x,2#719,实际功率，单位W；原昆仑变量:设备0_读写4WUB0719；站号2,16-bit Unsigned
7组_60号_实际功率,MODBUS RTU,4x,2#720,实际功率，单位W；原昆仑变量:设备0_读写4WUB0720；站号2,16-bit Unsigned
8组_01号_实际功率,MODBUS RTU,4x,2#721,实际功率，单位W；原昆仑变量:设备0_读写4WUB0721；站号2,16-bit Unsigned
8组_02号_实际功率,MODBUS RTU,4x,2#722,实际功率，单位W；原昆仑变量:设备0_读写4WUB0722；站号2,16-bit Unsigned
8组_03号_实际功率,MODBUS RTU,4x,2#723,实际功率，单位W；原昆仑变量:设备0_读写4WUB0723；站号2,16-bit Unsigned
8组_04号_实际功率,MODBUS RTU,4x,2#724,实际功率，单位W；原昆仑变量:设备0_读写4WUB0724；站号2,16-bit Unsigned
8组_05号_实际功率,MODBUS RTU,4x,2#725,实际功率，单位W；原昆仑变量:设备0_读写4WUB0725；站号2,16-bit Unsigned
8组_06号_实际功率,MODBUS RTU,4x,2#726,实际功率，单位W；原昆仑变量:设备0_读写4WUB0726；站号2,16-bit Unsigned
8组_07号_实际功率,MODBUS RTU,4x,2#727,实际功率，单位W；原昆仑变量:设备0_读写4WUB0727；站号2,16-bit Unsigned
8组_08号_实际功率,MODBUS RTU,4x,2#728,实际功率，单位W；原昆仑变量:设备0_读写4WUB0728；站号2,16-bit Unsigned
8组_09号_实际功率,MODBUS RTU,4x,2#729,实际功率，单位W；原昆仑变量:设备0_读写4WUB0729；站号2,16-bit Unsigned
8组_10号_实际功率,MODBUS RTU,4x,2#730,实际功率，单位W；原昆仑变量:设备0_读写4WUB0730；站号2,16-bit Unsigned
8组_11号_实际功率,MODBUS RTU,4x,2#731,实际功率，单位W；原昆仑变量:设备0_读写4WUB0731；站号2,16-bit Unsigned
8组_12号_实际功率,MODBUS RTU,4x,2#732,实际功率，单位W；原昆仑变量:设备0_读写4WUB0732；站号2,16-bit Unsigned
8组_13号_实际功率,MODBUS RTU,4x,2#733,实际功率，单位W；原昆仑变量:设备0_读写4WUB0733；站号2,16-bit Unsigned
8组_14号_实际功率,MODBUS RTU,4x,2#734,实际功率，单位W；原昆仑变量:设备0_读写4WUB0734；站号2,16-bit Unsigned
8组_15号_实际功率,MODBUS RTU,4x,2#735,实际功率，单位W；原昆仑变量:设备0_读写4WUB0735；站号2,16-bit Unsigned
8组_16号_实际功率,MODBUS RTU,4x,2#736,实际功率，单位W；原昆仑变量:设备0_读写4WUB0736；站号2,16-bit Unsigned
8组_17号_实际功率,MODBUS RTU,4x,2#737,实际功率，单位W；原昆仑变量:设备0_读写4WUB0737；站号2,16-bit Unsigned
8组_18号_实际功率,MODBUS RTU,4x,2#738,实际功率，单位W；原昆仑变量:设备0_读写4WUB0738；站号2,16-bit Unsigned
8组_19号_实际功率,MODBUS RTU,4x,2#739,实际功率，单位W；原昆仑变量:设备0_读写4WUB0739；站号2,16-bit Unsigned
8组_20号_实际功率,MODBUS RTU,4x,2#740,实际功率，单位W；原昆仑变量:设备0_读写4WUB0740；站号2,16-bit Unsigned
8组_21号_实际功率,MODBUS RTU,4x,2#741,实际功率，单位W；原昆仑变量:设备0_读写4WUB0741；站号2,16-bit Unsigned
8组_22号_实际功率,MODBUS RTU,4x,2#742,实际功率，单位W；原昆仑变量:设备0_读写4WUB0742；站号2,16-bit Unsigned
8组_23号_实际功率,MODBUS RTU,4x,2#743,实际功率，单位W；原昆仑变量:设备0_读写4WUB0743；站号2,16-bit Unsigned
8组_24号_实际功率,MODBUS RTU,4x,2#744,实际功率，单位W；原昆仑变量:设备0_读写4WUB0744；站号2,16-bit Unsigned
8组_25号_实际功率,MODBUS RTU,4x,2#745,实际功率，单位W；原昆仑变量:设备0_读写4WUB0745；站号2,16-bit Unsigned
8组_26号_实际功率,MODBUS RTU,4x,2#746,实际功率，单位W；原昆仑变量:设备0_读写4WUB0746；站号2,16-bit Unsigned
8组_27号_实际功率,MODBUS RTU,4x,2#747,实际功率，单位W；原昆仑变量:设备0_读写4WUB0747；站号2,16-bit Unsigned
8组_28号_实际功率,MODBUS RTU,4x,2#748,实际功率，单位W；原昆仑变量:设备0_读写4WUB0748；站号2,16-bit Unsigned
8组_29号_实际功率,MODBUS RTU,4x,2#749,实际功率，单位W；原昆仑变量:设备0_读写4WUB0749；站号2,16-bit Unsigned
8组_30号_实际功率,MODBUS RTU,4x,2#750,实际功率，单位W；原昆仑变量:设备0_读写4WUB0750；站号2,16-bit Unsigned
8组_31号_实际功率,MODBUS RTU,4x,2#751,实际功率，单位W；原昆仑变量:设备0_读写4WUB0751；站号2,16-bit Unsigned
8组_32号_实际功率,MODBUS RTU,4x,2#752,实际功率，单位W；原昆仑变量:设备0_读写4WUB0752；站号2,16-bit Unsigned
8组_33号_实际功率,MODBUS RTU,4x,2#753,实际功率，单位W；原昆仑变量:设备0_读写4WUB0753；站号2,16-bit Unsigned
8组_34号_实际功率,MODBUS RTU,4x,2#754,实际功率，单位W；原昆仑变量:设备0_读写4WUB0754；站号2,16-bit Unsigned
8组_35号_实际功率,MODBUS RTU,4x,2#755,实际功率，单位W；原昆仑变量:设备0_读写4WUB0755；站号2,16-bit Unsigned
8组_36号_实际功率,MODBUS RTU,4x,2#756,实际功率，单位W；原昆仑变量:设备0_读写4WUB0756；站号2,16-bit Unsigned
8组_37号_实际功率,MODBUS RTU,4x,2#757,实际功率，单位W；原昆仑变量:设备0_读写4WUB0757；站号2,16-bit Unsigned
8组_38号_实际功率,MODBUS RTU,4x,2#758,实际功率，单位W；原昆仑变量:设备0_读写4WUB0758；站号2,16-bit Unsigned
8组_39号_实际功率,MODBUS RTU,4x,2#759,实际功率，单位W；原昆仑变量:设备0_读写4WUB0759；站号2,16-bit Unsigned
8组_40号_实际功率,MODBUS RTU,4x,2#760,实际功率，单位W；原昆仑变量:设备0_读写4WUB0760；站号2,16-bit Unsigned
8组_41号_实际功率,MODBUS RTU,4x,2#761,实际功率，单位W；原昆仑变量:设备0_读写4WUB0761；站号2,16-bit Unsigned
8组_42号_实际功率,MODBUS RTU,4x,2#762,实际功率，单位W；原昆仑变量:设备0_读写4WUB0762；站号2,16-bit Unsigned
8组_43号_实际功率,MODBUS RTU,4x,2#763,实际功率，单位W；原昆仑变量:设备0_读写4WUB0763；站号2,16-bit Unsigned
8组_44号_实际功率,MODBUS RTU,4x,2#764,实际功率，单位W；原昆仑变量:设备0_读写4WUB0764；站号2,16-bit Unsigned
8组_45号_实际功率,MODBUS RTU,4x,2#765,实际功率，单位W；原昆仑变量:设备0_读写4WUB0765；站号2,16-bit Unsigned
8组_46号_实际功率,MODBUS RTU,4x,2#766,实际功率，单位W；原昆仑变量:设备0_读写4WUB0766；站号2,16-bit Unsigned
8组_47号_实际功率,MODBUS RTU,4x,2#767,实际功率，单位W；原昆仑变量:设备0_读写4WUB0767；站号2,16-bit Unsigned
8组_48号_实际功率,MODBUS RTU,4x,2#768,实际功率，单位W；原昆仑变量:设备0_读写4WUB0768；站号2,16-bit Unsigned
8组_49号_实际功率,MODBUS RTU,4x,2#769,实际功率，单位W；原昆仑变量:设备0_读写4WUB0769；站号2,16-bit Unsigned
8组_50号_实际功率,MODBUS RTU,4x,2#770,实际功率，单位W；原昆仑变量:设备0_读写4WUB0770；站号2,16-bit Unsigned
8组_51号_实际功率,MODBUS RTU,4x,2#771,实际功率，单位W；原昆仑变量:设备0_读写4WUB0771；站号2,16-bit Unsigned
8组_52号_实际功率,MODBUS RTU,4x,2#772,实际功率，单位W；原昆仑变量:设备0_读写4WUB0772；站号2,16-bit Unsigned
8组_53号_实际功率,MODBUS RTU,4x,2#773,实际功率，单位W；原昆仑变量:设备0_读写4WUB0773；站号2,16-bit Unsigned
8组_54号_实际功率,MODBUS RTU,4x,2#774,实际功率，单位W；原昆仑变量:设备0_读写4WUB0774；站号2,16-bit Unsigned
8组_55号_实际功率,MODBUS RTU,4x,2#775,实际功率，单位W；原昆仑变量:设备0_读写4WUB0775；站号2,16-bit Unsigned
8组_56号_实际功率,MODBUS RTU,4x,2#776,实际功率，单位W；原昆仑变量:设备0_读写4WUB0776；站号2,16-bit Unsigned
8组_57号_实际功率,MODBUS RTU,4x,2#777,实际功率，单位W；原昆仑变量:设备0_读写4WUB0777；站号2,16-bit Unsigned
8组_58号_实际功率,MODBUS RTU,4x,2#778,实际功率，单位W；原昆仑变量:设备0_读写4WUB0778；站号2,16-bit Unsigned
8组_59号_实际功率,MODBUS RTU,4x,2#779,实际功率，单位W；原昆仑变量:设备0_读写4WUB0779；站号2,16-bit Unsigned
8组_60号_实际功率,MODBUS RTU,4x,2#780,实际功率，单位W；原昆仑变量:设备0_读写4WUB0780；站号2,16-bit Unsigned
9组_01号_实际功率,MODBUS RTU,4x,2#781,实际功率，单位W；原昆仑变量:设备0_读写4WUB0781；站号2,16-bit Unsigned
9组_02号_实际功率,MODBUS RTU,4x,2#782,实际功率，单位W；原昆仑变量:设备0_读写4WUB0782；站号2,16-bit Unsigned
9组_03号_实际功率,MODBUS RTU,4x,2#783,实际功率，单位W；原昆仑变量:设备0_读写4WUB0783；站号2,16-bit Unsigned
9组_04号_实际功率,MODBUS RTU,4x,2#784,实际功率，单位W；原昆仑变量:设备0_读写4WUB0784；站号2,16-bit Unsigned
9组_05号_实际功率,MODBUS RTU,4x,2#785,实际功率，单位W；原昆仑变量:设备0_读写4WUB0785；站号2,16-bit Unsigned
9组_06号_实际功率,MODBUS RTU,4x,2#786,实际功率，单位W；原昆仑变量:设备0_读写4WUB0786；站号2,16-bit Unsigned
9组_07号_实际功率,MODBUS RTU,4x,2#787,实际功率，单位W；原昆仑变量:设备0_读写4WUB0787；站号2,16-bit Unsigned
9组_08号_实际功率,MODBUS RTU,4x,2#788,实际功率，单位W；原昆仑变量:设备0_读写4WUB0788；站号2,16-bit Unsigned
9组_09号_实际功率,MODBUS RTU,4x,2#789,实际功率，单位W；原昆仑变量:设备0_读写4WUB0789；站号2,16-bit Unsigned
9组_10号_实际功率,MODBUS RTU,4x,2#790,实际功率，单位W；原昆仑变量:设备0_读写4WUB0790；站号2,16-bit Unsigned
9组_11号_实际功率,MODBUS RTU,4x,2#791,实际功率，单位W；原昆仑变量:设备0_读写4WUB0791；站号2,16-bit Unsigned
9组_12号_实际功率,MODBUS RTU,4x,2#792,实际功率，单位W；原昆仑变量:设备0_读写4WUB0792；站号2,16-bit Unsigned
9组_13号_实际功率,MODBUS RTU,4x,2#793,实际功率，单位W；原昆仑变量:设备0_读写4WUB0793；站号2,16-bit Unsigned
9组_14号_实际功率,MODBUS RTU,4x,2#794,实际功率，单位W；原昆仑变量:设备0_读写4WUB0794；站号2,16-bit Unsigned
9组_15号_实际功率,MODBUS RTU,4x,2#795,实际功率，单位W；原昆仑变量:设备0_读写4WUB0795；站号2,16-bit Unsigned
9组_16号_实际功率,MODBUS RTU,4x,2#796,实际功率，单位W；原昆仑变量:设备0_读写4WUB0796；站号2,16-bit Unsigned
9组_17号_实际功率,MODBUS RTU,4x,2#797,实际功率，单位W；原昆仑变量:设备0_读写4WUB0797；站号2,16-bit Unsigned
9组_18号_实际功率,MODBUS RTU,4x,2#798,实际功率，单位W；原昆仑变量:设备0_读写4WUB0798；站号2,16-bit Unsigned
9组_19号_实际功率,MODBUS RTU,4x,2#799,实际功率，单位W；原昆仑变量:设备0_读写4WUB0799；站号2,16-bit Unsigned
9组_20号_实际功率,MODBUS RTU,4x,2#800,实际功率，单位W；原昆仑变量:设备0_读写4WUB0800；站号2,16-bit Unsigned
9组_21号_实际功率,MODBUS RTU,4x,2#801,实际功率，单位W；原昆仑变量:设备0_读写4WUB0801；站号2,16-bit Unsigned
9组_22号_实际功率,MODBUS RTU,4x,2#802,实际功率，单位W；原昆仑变量:设备0_读写4WUB0802；站号2,16-bit Unsigned
9组_23号_实际功率,MODBUS RTU,4x,2#803,实际功率，单位W；原昆仑变量:设备0_读写4WUB0803；站号2,16-bit Unsigned
9组_24号_实际功率,MODBUS RTU,4x,2#804,实际功率，单位W；原昆仑变量:设备0_读写4WUB0804；站号2,16-bit Unsigned
9组_25号_实际功率,MODBUS RTU,4x,2#805,实际功率，单位W；原昆仑变量:设备0_读写4WUB0805；站号2,16-bit Unsigned
9组_26号_实际功率,MODBUS RTU,4x,2#806,实际功率，单位W；原昆仑变量:设备0_读写4WUB0806；站号2,16-bit Unsigned
9组_27号_实际功率,MODBUS RTU,4x,2#807,实际功率，单位W；原昆仑变量:设备0_读写4WUB0807；站号2,16-bit Unsigned
9组_28号_实际功率,MODBUS RTU,4x,2#808,实际功率，单位W；原昆仑变量:设备0_读写4WUB0808；站号2,16-bit Unsigned
9组_29号_实际功率,MODBUS RTU,4x,2#809,实际功率，单位W；原昆仑变量:设备0_读写4WUB0809；站号2,16-bit Unsigned
9组_30号_实际功率,MODBUS RTU,4x,2#810,实际功率，单位W；原昆仑变量:设备0_读写4WUB0810；站号2,16-bit Unsigned
9组_31号_实际功率,MODBUS RTU,4x,2#811,实际功率，单位W；原昆仑变量:设备0_读写4WUB0811；站号2,16-bit Unsigned
9组_32号_实际功率,MODBUS RTU,4x,2#812,实际功率，单位W；原昆仑变量:设备0_读写4WUB0812；站号2,16-bit Unsigned
9组_33号_实际功率,MODBUS RTU,4x,2#813,实际功率，单位W；原昆仑变量:设备0_读写4WUB0813；站号2,16-bit Unsigned
9组_34号_实际功率,MODBUS RTU,4x,2#814,实际功率，单位W；原昆仑变量:设备0_读写4WUB0814；站号2,16-bit Unsigned
9组_35号_实际功率,MODBUS RTU,4x,2#815,实际功率，单位W；原昆仑变量:设备0_读写4WUB0815；站号2,16-bit Unsigned
9组_36号_实际功率,MODBUS RTU,4x,2#816,实际功率，单位W；原昆仑变量:设备0_读写4WUB0816；站号2,16-bit Unsigned
9组_37号_实际功率,MODBUS RTU,4x,2#817,实际功率，单位W；原昆仑变量:设备0_读写4WUB0817；站号2,16-bit Unsigned
9组_38号_实际功率,MODBUS RTU,4x,2#818,实际功率，单位W；原昆仑变量:设备0_读写4WUB0818；站号2,16-bit Unsigned
9组_39号_实际功率,MODBUS RTU,4x,2#819,实际功率，单位W；原昆仑变量:设备0_读写4WUB0819；站号2,16-bit Unsigned
9组_40号_实际功率,MODBUS RTU,4x,2#820,实际功率，单位W；原昆仑变量:设备0_读写4WUB0820；站号2,16-bit Unsigned
9组_41号_实际功率,MODBUS RTU,4x,2#821,实际功率，单位W；原昆仑变量:设备0_读写4WUB0821；站号2,16-bit Unsigned
9组_42号_实际功率,MODBUS RTU,4x,2#822,实际功率，单位W；原昆仑变量:设备0_读写4WUB0822；站号2,16-bit Unsigned
9组_43号_实际功率,MODBUS RTU,4x,2#823,实际功率，单位W；原昆仑变量:设备0_读写4WUB0823；站号2,16-bit Unsigned
9组_44号_实际功率,MODBUS RTU,4x,2#824,实际功率，单位W；原昆仑变量:设备0_读写4WUB0824；站号2,16-bit Unsigned
9组_45号_实际功率,MODBUS RTU,4x,2#825,实际功率，单位W；原昆仑变量:设备0_读写4WUB0825；站号2,16-bit Unsigned
9组_46号_实际功率,MODBUS RTU,4x,2#826,实际功率，单位W；原昆仑变量:设备0_读写4WUB0826；站号2,16-bit Unsigned
9组_47号_实际功率,MODBUS RTU,4x,2#827,实际功率，单位W；原昆仑变量:设备0_读写4WUB0827；站号2,16-bit Unsigned
9组_48号_实际功率,MODBUS RTU,4x,2#828,实际功率，单位W；原昆仑变量:设备0_读写4WUB0828；站号2,16-bit Unsigned
9组_49号_实际功率,MODBUS RTU,4x,2#829,实际功率，单位W；原昆仑变量:设备0_读写4WUB0829；站号2,16-bit Unsigned
9组_50号_实际功率,MODBUS RTU,4x,2#830,实际功率，单位W；原昆仑变量:设备0_读写4WUB0830；站号2,16-bit Unsigned
9组_51号_实际功率,MODBUS RTU,4x,2#831,实际功率，单位W；原昆仑变量:设备0_读写4WUB0831；站号2,16-bit Unsigned
9组_52号_实际功率,MODBUS RTU,4x,2#832,实际功率，单位W；原昆仑变量:设备0_读写4WUB0832；站号2,16-bit Unsigned
9组_53号_实际功率,MODBUS RTU,4x,2#833,实际功率，单位W；原昆仑变量:设备0_读写4WUB0833；站号2,16-bit Unsigned
9组_54号_实际功率,MODBUS RTU,4x,2#834,实际功率，单位W；原昆仑变量:设备0_读写4WUB0834；站号2,16-bit Unsigned
9组_55号_实际功率,MODBUS RTU,4x,2#835,实际功率，单位W；原昆仑变量:设备0_读写4WUB0835；站号2,16-bit Unsigned
9组_56号_实际功率,MODBUS RTU,4x,2#836,实际功率，单位W；原昆仑变量:设备0_读写4WUB0836；站号2,16-bit Unsigned
9组_57号_实际功率,MODBUS RTU,4x,2#837,实际功率，单位W；原昆仑变量:设备0_读写4WUB0837；站号2,16-bit Unsigned
9组_58号_实际功率,MODBUS RTU,4x,2#838,实际功率，单位W；原昆仑变量:设备0_读写4WUB0838；站号2,16-bit Unsigned
9组_59号_实际功率,MODBUS RTU,4x,2#839,实际功率，单位W；原昆仑变量:设备0_读写4WUB0839；站号2,16-bit Unsigned
9组_60号_实际功率,MODBUS RTU,4x,2#840,实际功率，单位W；原昆仑变量:设备0_读写4WUB0840；站号2,16-bit Unsigned
10组_01号_实际功率,MODBUS RTU,4x,2#841,实际功率，单位W；原昆仑变量:设备0_读写4WUB0841；站号2,16-bit Unsigned
10组_02号_实际功率,MODBUS RTU,4x,2#842,实际功率，单位W；原昆仑变量:设备0_读写4WUB0842；站号2,16-bit Unsigned
10组_03号_实际功率,MODBUS RTU,4x,2#843,实际功率，单位W；原昆仑变量:设备0_读写4WUB0843；站号2,16-bit Unsigned
10组_04号_实际功率,MODBUS RTU,4x,2#844,实际功率，单位W；原昆仑变量:设备0_读写4WUB0844；站号2,16-bit Unsigned
10组_05号_实际功率,MODBUS RTU,4x,2#845,实际功率，单位W；原昆仑变量:设备0_读写4WUB0845；站号2,16-bit Unsigned
10组_06号_实际功率,MODBUS RTU,4x,2#846,实际功率，单位W；原昆仑变量:设备0_读写4WUB0846；站号2,16-bit Unsigned
10组_07号_实际功率,MODBUS RTU,4x,2#847,实际功率，单位W；原昆仑变量:设备0_读写4WUB0847；站号2,16-bit Unsigned
10组_08号_实际功率,MODBUS RTU,4x,2#848,实际功率，单位W；原昆仑变量:设备0_读写4WUB0848；站号2,16-bit Unsigned
10组_09号_实际功率,MODBUS RTU,4x,2#849,实际功率，单位W；原昆仑变量:设备0_读写4WUB0849；站号2,16-bit Unsigned
10组_10号_实际功率,MODBUS RTU,4x,2#850,实际功率，单位W；原昆仑变量:设备0_读写4WUB0850；站号2,16-bit Unsigned
10组_11号_实际功率,MODBUS RTU,4x,2#851,实际功率，单位W；原昆仑变量:设备0_读写4WUB0851；站号2,16-bit Unsigned
10组_12号_实际功率,MODBUS RTU,4x,2#852,实际功率，单位W；原昆仑变量:设备0_读写4WUB0852；站号2,16-bit Unsigned
10组_13号_实际功率,MODBUS RTU,4x,2#853,实际功率，单位W；原昆仑变量:设备0_读写4WUB0853；站号2,16-bit Unsigned
10组_14号_实际功率,MODBUS RTU,4x,2#854,实际功率，单位W；原昆仑变量:设备0_读写4WUB0854；站号2,16-bit Unsigned
10组_15号_实际功率,MODBUS RTU,4x,2#855,实际功率，单位W；原昆仑变量:设备0_读写4WUB0855；站号2,16-bit Unsigned
10组_16号_实际功率,MODBUS RTU,4x,2#856,实际功率，单位W；原昆仑变量:设备0_读写4WUB0856；站号2,16-bit Unsigned
10组_17号_实际功率,MODBUS RTU,4x,2#857,实际功率，单位W；原昆仑变量:设备0_读写4WUB0857；站号2,16-bit Unsigned
10组_18号_实际功率,MODBUS RTU,4x,2#858,实际功率，单位W；原昆仑变量:设备0_读写4WUB0858；站号2,16-bit Unsigned
10组_19号_实际功率,MODBUS RTU,4x,2#859,实际功率，单位W；原昆仑变量:设备0_读写4WUB0859；站号2,16-bit Unsigned
10组_20号_实际功率,MODBUS RTU,4x,2#860,实际功率，单位W；原昆仑变量:设备0_读写4WUB0860；站号2,16-bit Unsigned
10组_21号_实际功率,MODBUS RTU,4x,2#861,实际功率，单位W；原昆仑变量:设备0_读写4WUB0861；站号2,16-bit Unsigned
10组_22号_实际功率,MODBUS RTU,4x,2#862,实际功率，单位W；原昆仑变量:设备0_读写4WUB0862；站号2,16-bit Unsigned
10组_23号_实际功率,MODBUS RTU,4x,2#863,实际功率，单位W；原昆仑变量:设备0_读写4WUB0863；站号2,16-bit Unsigned
10组_24号_实际功率,MODBUS RTU,4x,2#864,实际功率，单位W；原昆仑变量:设备0_读写4WUB0864；站号2,16-bit Unsigned
10组_25号_实际功率,MODBUS RTU,4x,2#865,实际功率，单位W；原昆仑变量:设备0_读写4WUB0865；站号2,16-bit Unsigned
10组_26号_实际功率,MODBUS RTU,4x,2#866,实际功率，单位W；原昆仑变量:设备0_读写4WUB0866；站号2,16-bit Unsigned
10组_27号_实际功率,MODBUS RTU,4x,2#867,实际功率，单位W；原昆仑变量:设备0_读写4WUB0867；站号2,16-bit Unsigned
10组_28号_实际功率,MODBUS RTU,4x,2#868,实际功率，单位W；原昆仑变量:设备0_读写4WUB0868；站号2,16-bit Unsigned
10组_29号_实际功率,MODBUS RTU,4x,2#869,实际功率，单位W；原昆仑变量:设备0_读写4WUB0869；站号2,16-bit Unsigned
10组_30号_实际功率,MODBUS RTU,4x,2#870,实际功率，单位W；原昆仑变量:设备0_读写4WUB0870；站号2,16-bit Unsigned
10组_31号_实际功率,MODBUS RTU,4x,2#871,实际功率，单位W；原昆仑变量:设备0_读写4WUB0871；站号2,16-bit Unsigned
10组_32号_实际功率,MODBUS RTU,4x,2#872,实际功率，单位W；原昆仑变量:设备0_读写4WUB0872；站号2,16-bit Unsigned
10组_33号_实际功率,MODBUS RTU,4x,2#873,实际功率，单位W；原昆仑变量:设备0_读写4WUB0873；站号2,16-bit Unsigned
10组_34号_实际功率,MODBUS RTU,4x,2#874,实际功率，单位W；原昆仑变量:设备0_读写4WUB0874；站号2,16-bit Unsigned
10组_35号_实际功率,MODBUS RTU,4x,2#875,实际功率，单位W；原昆仑变量:设备0_读写4WUB0875；站号2,16-bit Unsigned
10组_36号_实际功率,MODBUS RTU,4x,2#876,实际功率，单位W；原昆仑变量:设备0_读写4WUB0876；站号2,16-bit Unsigned
10组_37号_实际功率,MODBUS RTU,4x,2#877,实际功率，单位W；原昆仑变量:设备0_读写4WUB0877；站号2,16-bit Unsigned
10组_38号_实际功率,MODBUS RTU,4x,2#878,实际功率，单位W；原昆仑变量:设备0_读写4WUB0878；站号2,16-bit Unsigned
10组_39号_实际功率,MODBUS RTU,4x,2#879,实际功率，单位W；原昆仑变量:设备0_读写4WUB0879；站号2,16-bit Unsigned
10组_40号_实际功率,MODBUS RTU,4x,2#880,实际功率，单位W；原昆仑变量:设备0_读写4WUB0880；站号2,16-bit Unsigned
10组_41号_实际功率,MODBUS RTU,4x,2#881,实际功率，单位W；原昆仑变量:设备0_读写4WUB0881；站号2,16-bit Unsigned
10组_42号_实际功率,MODBUS RTU,4x,2#882,实际功率，单位W；原昆仑变量:设备0_读写4WUB0882；站号2,16-bit Unsigned
10组_43号_实际功率,MODBUS RTU,4x,2#883,实际功率，单位W；原昆仑变量:设备0_读写4WUB0883；站号2,16-bit Unsigned
10组_44号_实际功率,MODBUS RTU,4x,2#884,实际功率，单位W；原昆仑变量:设备0_读写4WUB0884；站号2,16-bit Unsigned
10组_45号_实际功率,MODBUS RTU,4x,2#885,实际功率，单位W；原昆仑变量:设备0_读写4WUB0885；站号2,16-bit Unsigned
10组_46号_实际功率,MODBUS RTU,4x,2#886,实际功率，单位W；原昆仑变量:设备0_读写4WUB0886；站号2,16-bit Unsigned
10组_47号_实际功率,MODBUS RTU,4x,2#887,实际功率，单位W；原昆仑变量:设备0_读写4WUB0887；站号2,16-bit Unsigned
10组_48号_实际功率,MODBUS RTU,4x,2#888,实际功率，单位W；原昆仑变量:设备0_读写4WUB0888；站号2,16-bit Unsigned
10组_49号_实际功率,MODBUS RTU,4x,2#889,实际功率，单位W；原昆仑变量:设备0_读写4WUB0889；站号2,16-bit Unsigned
10组_50号_实际功率,MODBUS RTU,4x,2#890,实际功率，单位W；原昆仑变量:设备0_读写4WUB0890；站号2,16-bit Unsigned
10组_51号_实际功率,MODBUS RTU,4x,2#891,实际功率，单位W；原昆仑变量:设备0_读写4WUB0891；站号2,16-bit Unsigned
10组_52号_实际功率,MODBUS RTU,4x,2#892,实际功率，单位W；原昆仑变量:设备0_读写4WUB0892；站号2,16-bit Unsigned
10组_53号_实际功率,MODBUS RTU,4x,2#893,实际功率，单位W；原昆仑变量:设备0_读写4WUB0893；站号2,16-bit Unsigned
10组_54号_实际功率,MODBUS RTU,4x,2#894,实际功率，单位W；原昆仑变量:设备0_读写4WUB0894；站号2,16-bit Unsigned
10组_55号_实际功率,MODBUS RTU,4x,2#895,实际功率，单位W；原昆仑变量:设备0_读写4WUB0895；站号2,16-bit Unsigned
10组_56号_实际功率,MODBUS RTU,4x,2#896,实际功率，单位W；原昆仑变量:设备0_读写4WUB0896；站号2,16-bit Unsigned
10组_57号_实际功率,MODBUS RTU,4x,2#897,实际功率，单位W；原昆仑变量:设备0_读写4WUB0897；站号2,16-bit Unsigned
10组_58号_实际功率,MODBUS RTU,4x,2#898,实际功率，单位W；原昆仑变量:设备0_读写4WUB0898；站号2,16-bit Unsigned
10组_59号_实际功率,MODBUS RTU,4x,2#899,实际功率，单位W；原昆仑变量:设备0_读写4WUB0899；站号2,16-bit Unsigned
10组_60号_实际功率,MODBUS RTU,4x,2#900,实际功率，单位W；原昆仑变量:设备0_读写4WUB0900；站号2,16-bit Unsigned
中继器_6至10组_协议号,MODBUS RTU,4x,2#1199,昆仑ModbusRTU迁移地址；原昆仑变量:中继6_10组协议号；站号2,16-bit Unsigned
中继器_6至10组_版本号,MODBUS RTU,4x,2#1200,昆仑ModbusRTU迁移地址；原昆仑变量:中继6_10组版本号；站号2,16-bit Unsigned
6组_风机台数,MODBUS RTU,6x,2#1226,组/端口风机台数设定；原昆仑变量:Anub；站号2,16-bit Unsigned
7组_风机台数,MODBUS RTU,6x,2#1227,组/端口风机台数设定；原昆仑变量:Bnub；站号2,16-bit Unsigned
8组_风机台数,MODBUS RTU,6x,2#1228,组/端口风机台数设定；原昆仑变量:Cnub；站号2,16-bit Unsigned
9组_风机台数,MODBUS RTU,6x,2#1229,组/端口风机台数设定；原昆仑变量:Dnub；站号2,16-bit Unsigned
10组_风机台数,MODBUS RTU,6x,2#1230,组/端口风机台数设定；原昆仑变量:Enub；站号2,16-bit Unsigned
6组_01号_转速设定,MODBUS RTU,6x,2#1231,风机转速设定；原昆仑变量:ASV1；站号2,16-bit Unsigned
6组_02号_转速设定,MODBUS RTU,6x,2#1232,风机转速设定；原昆仑变量:ASV2；站号2,16-bit Unsigned
6组_03号_转速设定,MODBUS RTU,6x,2#1233,风机转速设定；原昆仑变量:ASV3；站号2,16-bit Unsigned
6组_04号_转速设定,MODBUS RTU,6x,2#1234,风机转速设定；原昆仑变量:ASV4；站号2,16-bit Unsigned
6组_05号_转速设定,MODBUS RTU,6x,2#1235,风机转速设定；原昆仑变量:ASV5；站号2,16-bit Unsigned
6组_06号_转速设定,MODBUS RTU,6x,2#1236,风机转速设定；原昆仑变量:ASV6；站号2,16-bit Unsigned
6组_07号_转速设定,MODBUS RTU,6x,2#1237,风机转速设定；原昆仑变量:ASV7；站号2,16-bit Unsigned
6组_08号_转速设定,MODBUS RTU,6x,2#1238,风机转速设定；原昆仑变量:ASV8；站号2,16-bit Unsigned
6组_09号_转速设定,MODBUS RTU,6x,2#1239,风机转速设定；原昆仑变量:ASV9；站号2,16-bit Unsigned
6组_10号_转速设定,MODBUS RTU,6x,2#1240,风机转速设定；原昆仑变量:ASV10；站号2,16-bit Unsigned
6组_11号_转速设定,MODBUS RTU,6x,2#1241,风机转速设定；原昆仑变量:ASV11；站号2,16-bit Unsigned
6组_12号_转速设定,MODBUS RTU,6x,2#1242,风机转速设定；原昆仑变量:ASV12；站号2,16-bit Unsigned
6组_13号_转速设定,MODBUS RTU,6x,2#1243,风机转速设定；原昆仑变量:ASV13；站号2,16-bit Unsigned
6组_14号_转速设定,MODBUS RTU,6x,2#1244,风机转速设定；原昆仑变量:ASV14；站号2,16-bit Unsigned
6组_15号_转速设定,MODBUS RTU,6x,2#1245,风机转速设定；原昆仑变量:ASV15；站号2,16-bit Unsigned
6组_16号_转速设定,MODBUS RTU,6x,2#1246,风机转速设定；原昆仑变量:ASV16；站号2,16-bit Unsigned
6组_17号_转速设定,MODBUS RTU,6x,2#1247,风机转速设定；原昆仑变量:ASV17；站号2,16-bit Unsigned
6组_18号_转速设定,MODBUS RTU,6x,2#1248,风机转速设定；原昆仑变量:ASV18；站号2,16-bit Unsigned
6组_19号_转速设定,MODBUS RTU,6x,2#1249,风机转速设定；原昆仑变量:ASV19；站号2,16-bit Unsigned
6组_20号_转速设定,MODBUS RTU,6x,2#1250,风机转速设定；原昆仑变量:ASV20；站号2,16-bit Unsigned
6组_21号_转速设定,MODBUS RTU,6x,2#1251,风机转速设定；原昆仑变量:ASV21；站号2,16-bit Unsigned
6组_22号_转速设定,MODBUS RTU,6x,2#1252,风机转速设定；原昆仑变量:ASV22；站号2,16-bit Unsigned
6组_23号_转速设定,MODBUS RTU,6x,2#1253,风机转速设定；原昆仑变量:ASV23；站号2,16-bit Unsigned
6组_24号_转速设定,MODBUS RTU,6x,2#1254,风机转速设定；原昆仑变量:ASV24；站号2,16-bit Unsigned
6组_25号_转速设定,MODBUS RTU,6x,2#1255,风机转速设定；原昆仑变量:ASV25；站号2,16-bit Unsigned
6组_26号_转速设定,MODBUS RTU,6x,2#1256,风机转速设定；原昆仑变量:ASV26；站号2,16-bit Unsigned
6组_27号_转速设定,MODBUS RTU,6x,2#1257,风机转速设定；原昆仑变量:ASV27；站号2,16-bit Unsigned
6组_28号_转速设定,MODBUS RTU,6x,2#1258,风机转速设定；原昆仑变量:ASV28；站号2,16-bit Unsigned
6组_29号_转速设定,MODBUS RTU,6x,2#1259,风机转速设定；原昆仑变量:ASV29；站号2,16-bit Unsigned
6组_30号_转速设定,MODBUS RTU,6x,2#1260,风机转速设定；原昆仑变量:ASV30；站号2,16-bit Unsigned
6组_31号_转速设定,MODBUS RTU,6x,2#1261,风机转速设定；原昆仑变量:ASV31；站号2,16-bit Unsigned
6组_32号_转速设定,MODBUS RTU,6x,2#1262,风机转速设定；原昆仑变量:ASV32；站号2,16-bit Unsigned
6组_33号_转速设定,MODBUS RTU,6x,2#1263,风机转速设定；原昆仑变量:ASV33；站号2,16-bit Unsigned
6组_34号_转速设定,MODBUS RTU,6x,2#1264,风机转速设定；原昆仑变量:ASV34；站号2,16-bit Unsigned
6组_35号_转速设定,MODBUS RTU,6x,2#1265,风机转速设定；原昆仑变量:ASV35；站号2,16-bit Unsigned
6组_36号_转速设定,MODBUS RTU,6x,2#1266,风机转速设定；原昆仑变量:ASV36；站号2,16-bit Unsigned
6组_37号_转速设定,MODBUS RTU,6x,2#1267,风机转速设定；原昆仑变量:ASV37；站号2,16-bit Unsigned
6组_38号_转速设定,MODBUS RTU,6x,2#1268,风机转速设定；原昆仑变量:ASV38；站号2,16-bit Unsigned
6组_39号_转速设定,MODBUS RTU,6x,2#1269,风机转速设定；原昆仑变量:ASV39；站号2,16-bit Unsigned
6组_40号_转速设定,MODBUS RTU,6x,2#1270,风机转速设定；原昆仑变量:ASV40；站号2,16-bit Unsigned
6组_41号_转速设定,MODBUS RTU,6x,2#1271,风机转速设定；原昆仑变量:ASV41；站号2,16-bit Unsigned
6组_42号_转速设定,MODBUS RTU,6x,2#1272,风机转速设定；原昆仑变量:ASV42；站号2,16-bit Unsigned
6组_43号_转速设定,MODBUS RTU,6x,2#1273,风机转速设定；原昆仑变量:ASV43；站号2,16-bit Unsigned
6组_44号_转速设定,MODBUS RTU,6x,2#1274,风机转速设定；原昆仑变量:ASV44；站号2,16-bit Unsigned
6组_45号_转速设定,MODBUS RTU,6x,2#1275,风机转速设定；原昆仑变量:ASV45；站号2,16-bit Unsigned
6组_46号_转速设定,MODBUS RTU,6x,2#1276,风机转速设定；原昆仑变量:ASV46；站号2,16-bit Unsigned
6组_47号_转速设定,MODBUS RTU,6x,2#1277,风机转速设定；原昆仑变量:ASV47；站号2,16-bit Unsigned
6组_48号_转速设定,MODBUS RTU,6x,2#1278,风机转速设定；原昆仑变量:ASV48；站号2,16-bit Unsigned
6组_49号_转速设定,MODBUS RTU,6x,2#1279,风机转速设定；原昆仑变量:ASV49；站号2,16-bit Unsigned
6组_50号_转速设定,MODBUS RTU,6x,2#1280,风机转速设定；原昆仑变量:ASV50；站号2,16-bit Unsigned
6组_51号_转速设定,MODBUS RTU,6x,2#1281,风机转速设定；原昆仑变量:ASV51；站号2,16-bit Unsigned
6组_52号_转速设定,MODBUS RTU,6x,2#1282,风机转速设定；原昆仑变量:ASV52；站号2,16-bit Unsigned
6组_53号_转速设定,MODBUS RTU,6x,2#1283,风机转速设定；原昆仑变量:ASV53；站号2,16-bit Unsigned
6组_54号_转速设定,MODBUS RTU,6x,2#1284,风机转速设定；原昆仑变量:ASV54；站号2,16-bit Unsigned
6组_55号_转速设定,MODBUS RTU,6x,2#1285,风机转速设定；原昆仑变量:ASV55；站号2,16-bit Unsigned
6组_56号_转速设定,MODBUS RTU,6x,2#1286,风机转速设定；原昆仑变量:ASV56；站号2,16-bit Unsigned
6组_57号_转速设定,MODBUS RTU,6x,2#1287,风机转速设定；原昆仑变量:ASV57；站号2,16-bit Unsigned
6组_58号_转速设定,MODBUS RTU,6x,2#1288,风机转速设定；原昆仑变量:ASV58；站号2,16-bit Unsigned
6组_59号_转速设定,MODBUS RTU,6x,2#1289,风机转速设定；原昆仑变量:ASV59；站号2,16-bit Unsigned
6组_60号_转速设定,MODBUS RTU,6x,2#1290,风机转速设定；原昆仑变量:ASV60；站号2,16-bit Unsigned
7组_01号_转速设定,MODBUS RTU,6x,2#1291,风机转速设定；原昆仑变量:BSV1；站号2,16-bit Unsigned
7组_02号_转速设定,MODBUS RTU,6x,2#1292,风机转速设定；原昆仑变量:BSV2；站号2,16-bit Unsigned
7组_03号_转速设定,MODBUS RTU,6x,2#1293,风机转速设定；原昆仑变量:BSV3；站号2,16-bit Unsigned
7组_04号_转速设定,MODBUS RTU,6x,2#1294,风机转速设定；原昆仑变量:BSV4；站号2,16-bit Unsigned
7组_05号_转速设定,MODBUS RTU,6x,2#1295,风机转速设定；原昆仑变量:BSV5；站号2,16-bit Unsigned
7组_06号_转速设定,MODBUS RTU,6x,2#1296,风机转速设定；原昆仑变量:BSV6；站号2,16-bit Unsigned
7组_07号_转速设定,MODBUS RTU,6x,2#1297,风机转速设定；原昆仑变量:BSV7；站号2,16-bit Unsigned
7组_08号_转速设定,MODBUS RTU,6x,2#1298,风机转速设定；原昆仑变量:BSV8；站号2,16-bit Unsigned
7组_09号_转速设定,MODBUS RTU,6x,2#1299,风机转速设定；原昆仑变量:BSV9；站号2,16-bit Unsigned
7组_10号_转速设定,MODBUS RTU,6x,2#1300,风机转速设定；原昆仑变量:BSV10；站号2,16-bit Unsigned
7组_11号_转速设定,MODBUS RTU,6x,2#1301,风机转速设定；原昆仑变量:BSV11；站号2,16-bit Unsigned
7组_12号_转速设定,MODBUS RTU,6x,2#1302,风机转速设定；原昆仑变量:BSV12；站号2,16-bit Unsigned
7组_13号_转速设定,MODBUS RTU,6x,2#1303,风机转速设定；原昆仑变量:BSV13；站号2,16-bit Unsigned
7组_14号_转速设定,MODBUS RTU,6x,2#1304,风机转速设定；原昆仑变量:BSV14；站号2,16-bit Unsigned
7组_15号_转速设定,MODBUS RTU,6x,2#1305,风机转速设定；原昆仑变量:BSV15；站号2,16-bit Unsigned
7组_16号_转速设定,MODBUS RTU,6x,2#1306,风机转速设定；原昆仑变量:BSV16；站号2,16-bit Unsigned
7组_17号_转速设定,MODBUS RTU,6x,2#1307,风机转速设定；原昆仑变量:BSV17；站号2,16-bit Unsigned
7组_18号_转速设定,MODBUS RTU,6x,2#1308,风机转速设定；原昆仑变量:BSV18；站号2,16-bit Unsigned
7组_19号_转速设定,MODBUS RTU,6x,2#1309,风机转速设定；原昆仑变量:BSV19；站号2,16-bit Unsigned
7组_20号_转速设定,MODBUS RTU,6x,2#1310,风机转速设定；原昆仑变量:BSV20；站号2,16-bit Unsigned
7组_21号_转速设定,MODBUS RTU,6x,2#1311,风机转速设定；原昆仑变量:BSV21；站号2,16-bit Unsigned
7组_22号_转速设定,MODBUS RTU,6x,2#1312,风机转速设定；原昆仑变量:BSV22；站号2,16-bit Unsigned
7组_23号_转速设定,MODBUS RTU,6x,2#1313,风机转速设定；原昆仑变量:BSV23；站号2,16-bit Unsigned
7组_24号_转速设定,MODBUS RTU,6x,2#1314,风机转速设定；原昆仑变量:BSV24；站号2,16-bit Unsigned
7组_25号_转速设定,MODBUS RTU,6x,2#1315,风机转速设定；原昆仑变量:BSV25；站号2,16-bit Unsigned
7组_26号_转速设定,MODBUS RTU,6x,2#1316,风机转速设定；原昆仑变量:BSV26；站号2,16-bit Unsigned
7组_27号_转速设定,MODBUS RTU,6x,2#1317,风机转速设定；原昆仑变量:BSV27；站号2,16-bit Unsigned
7组_28号_转速设定,MODBUS RTU,6x,2#1318,风机转速设定；原昆仑变量:BSV28；站号2,16-bit Unsigned
7组_29号_转速设定,MODBUS RTU,6x,2#1319,风机转速设定；原昆仑变量:BSV29；站号2,16-bit Unsigned
7组_30号_转速设定,MODBUS RTU,6x,2#1320,风机转速设定；原昆仑变量:BSV30；站号2,16-bit Unsigned
7组_31号_转速设定,MODBUS RTU,6x,2#1321,风机转速设定；原昆仑变量:BSV31；站号2,16-bit Unsigned
7组_32号_转速设定,MODBUS RTU,6x,2#1322,风机转速设定；原昆仑变量:BSV32；站号2,16-bit Unsigned
7组_33号_转速设定,MODBUS RTU,6x,2#1323,风机转速设定；原昆仑变量:BSV33；站号2,16-bit Unsigned
7组_34号_转速设定,MODBUS RTU,6x,2#1324,风机转速设定；原昆仑变量:BSV34；站号2,16-bit Unsigned
7组_35号_转速设定,MODBUS RTU,6x,2#1325,风机转速设定；原昆仑变量:BSV35；站号2,16-bit Unsigned
7组_36号_转速设定,MODBUS RTU,6x,2#1326,风机转速设定；原昆仑变量:BSV36；站号2,16-bit Unsigned
7组_37号_转速设定,MODBUS RTU,6x,2#1327,风机转速设定；原昆仑变量:BSV37；站号2,16-bit Unsigned
7组_38号_转速设定,MODBUS RTU,6x,2#1328,风机转速设定；原昆仑变量:BSV38；站号2,16-bit Unsigned
7组_39号_转速设定,MODBUS RTU,6x,2#1329,风机转速设定；原昆仑变量:BSV39；站号2,16-bit Unsigned
7组_40号_转速设定,MODBUS RTU,6x,2#1330,风机转速设定；原昆仑变量:BSV40；站号2,16-bit Unsigned
7组_41号_转速设定,MODBUS RTU,6x,2#1331,风机转速设定；原昆仑变量:BSV41；站号2,16-bit Unsigned
7组_42号_转速设定,MODBUS RTU,6x,2#1332,风机转速设定；原昆仑变量:BSV42；站号2,16-bit Unsigned
7组_43号_转速设定,MODBUS RTU,6x,2#1333,风机转速设定；原昆仑变量:BSV43；站号2,16-bit Unsigned
7组_44号_转速设定,MODBUS RTU,6x,2#1334,风机转速设定；原昆仑变量:BSV44；站号2,16-bit Unsigned
7组_45号_转速设定,MODBUS RTU,6x,2#1335,风机转速设定；原昆仑变量:BSV45；站号2,16-bit Unsigned
7组_46号_转速设定,MODBUS RTU,6x,2#1336,风机转速设定；原昆仑变量:BSV46；站号2,16-bit Unsigned
7组_47号_转速设定,MODBUS RTU,6x,2#1337,风机转速设定；原昆仑变量:BSV47；站号2,16-bit Unsigned
7组_48号_转速设定,MODBUS RTU,6x,2#1338,风机转速设定；原昆仑变量:BSV48；站号2,16-bit Unsigned
7组_49号_转速设定,MODBUS RTU,6x,2#1339,风机转速设定；原昆仑变量:BSV49；站号2,16-bit Unsigned
7组_50号_转速设定,MODBUS RTU,6x,2#1340,风机转速设定；原昆仑变量:BSV50；站号2,16-bit Unsigned
7组_51号_转速设定,MODBUS RTU,6x,2#1341,风机转速设定；原昆仑变量:BSV51；站号2,16-bit Unsigned
7组_52号_转速设定,MODBUS RTU,6x,2#1342,风机转速设定；原昆仑变量:BSV52；站号2,16-bit Unsigned
7组_53号_转速设定,MODBUS RTU,6x,2#1343,风机转速设定；原昆仑变量:BSV53；站号2,16-bit Unsigned
7组_54号_转速设定,MODBUS RTU,6x,2#1344,风机转速设定；原昆仑变量:BSV54；站号2,16-bit Unsigned
7组_55号_转速设定,MODBUS RTU,6x,2#1345,风机转速设定；原昆仑变量:BSV55；站号2,16-bit Unsigned
7组_56号_转速设定,MODBUS RTU,6x,2#1346,风机转速设定；原昆仑变量:BSV56；站号2,16-bit Unsigned
7组_57号_转速设定,MODBUS RTU,6x,2#1347,风机转速设定；原昆仑变量:BSV57；站号2,16-bit Unsigned
7组_58号_转速设定,MODBUS RTU,6x,2#1348,风机转速设定；原昆仑变量:BSV58；站号2,16-bit Unsigned
7组_59号_转速设定,MODBUS RTU,6x,2#1349,风机转速设定；原昆仑变量:BSV59；站号2,16-bit Unsigned
7组_60号_转速设定,MODBUS RTU,6x,2#1350,风机转速设定；原昆仑变量:BSV60；站号2,16-bit Unsigned
8组_01号_转速设定,MODBUS RTU,6x,2#1351,风机转速设定；原昆仑变量:CSV1；站号2,16-bit Unsigned
8组_02号_转速设定,MODBUS RTU,6x,2#1352,风机转速设定；原昆仑变量:CSV2；站号2,16-bit Unsigned
8组_03号_转速设定,MODBUS RTU,6x,2#1353,风机转速设定；原昆仑变量:CSV3；站号2,16-bit Unsigned
8组_04号_转速设定,MODBUS RTU,6x,2#1354,风机转速设定；原昆仑变量:CSV4；站号2,16-bit Unsigned
8组_05号_转速设定,MODBUS RTU,6x,2#1355,风机转速设定；原昆仑变量:CSV5；站号2,16-bit Unsigned
8组_06号_转速设定,MODBUS RTU,6x,2#1356,风机转速设定；原昆仑变量:CSV6；站号2,16-bit Unsigned
8组_07号_转速设定,MODBUS RTU,6x,2#1357,风机转速设定；原昆仑变量:CSV7；站号2,16-bit Unsigned
8组_08号_转速设定,MODBUS RTU,6x,2#1358,风机转速设定；原昆仑变量:CSV8；站号2,16-bit Unsigned
8组_09号_转速设定,MODBUS RTU,6x,2#1359,风机转速设定；原昆仑变量:CSV9；站号2,16-bit Unsigned
8组_10号_转速设定,MODBUS RTU,6x,2#1360,风机转速设定；原昆仑变量:CSV10；站号2,16-bit Unsigned
8组_11号_转速设定,MODBUS RTU,6x,2#1361,风机转速设定；原昆仑变量:CSV11；站号2,16-bit Unsigned
8组_12号_转速设定,MODBUS RTU,6x,2#1362,风机转速设定；原昆仑变量:CSV12；站号2,16-bit Unsigned
8组_13号_转速设定,MODBUS RTU,6x,2#1363,风机转速设定；原昆仑变量:CSV13；站号2,16-bit Unsigned
8组_14号_转速设定,MODBUS RTU,6x,2#1364,风机转速设定；原昆仑变量:CSV14；站号2,16-bit Unsigned
8组_15号_转速设定,MODBUS RTU,6x,2#1365,风机转速设定；原昆仑变量:CSV15；站号2,16-bit Unsigned
8组_16号_转速设定,MODBUS RTU,6x,2#1366,风机转速设定；原昆仑变量:CSV16；站号2,16-bit Unsigned
8组_17号_转速设定,MODBUS RTU,6x,2#1367,风机转速设定；原昆仑变量:CSV17；站号2,16-bit Unsigned
8组_18号_转速设定,MODBUS RTU,6x,2#1368,风机转速设定；原昆仑变量:CSV18；站号2,16-bit Unsigned
8组_19号_转速设定,MODBUS RTU,6x,2#1369,风机转速设定；原昆仑变量:CSV19；站号2,16-bit Unsigned
8组_20号_转速设定,MODBUS RTU,6x,2#1370,风机转速设定；原昆仑变量:CSV20；站号2,16-bit Unsigned
8组_21号_转速设定,MODBUS RTU,6x,2#1371,风机转速设定；原昆仑变量:CSV21；站号2,16-bit Unsigned
8组_22号_转速设定,MODBUS RTU,6x,2#1372,风机转速设定；原昆仑变量:CSV22；站号2,16-bit Unsigned
8组_23号_转速设定,MODBUS RTU,6x,2#1373,风机转速设定；原昆仑变量:CSV23；站号2,16-bit Unsigned
8组_24号_转速设定,MODBUS RTU,6x,2#1374,风机转速设定；原昆仑变量:CSV24；站号2,16-bit Unsigned
8组_25号_转速设定,MODBUS RTU,6x,2#1375,风机转速设定；原昆仑变量:CSV25；站号2,16-bit Unsigned
8组_26号_转速设定,MODBUS RTU,6x,2#1376,风机转速设定；原昆仑变量:CSV26；站号2,16-bit Unsigned
8组_27号_转速设定,MODBUS RTU,6x,2#1377,风机转速设定；原昆仑变量:CSV27；站号2,16-bit Unsigned
8组_28号_转速设定,MODBUS RTU,6x,2#1378,风机转速设定；原昆仑变量:CSV28；站号2,16-bit Unsigned
8组_29号_转速设定,MODBUS RTU,6x,2#1379,风机转速设定；原昆仑变量:CSV29；站号2,16-bit Unsigned
8组_30号_转速设定,MODBUS RTU,6x,2#1380,风机转速设定；原昆仑变量:CSV30；站号2,16-bit Unsigned
8组_31号_转速设定,MODBUS RTU,6x,2#1381,风机转速设定；原昆仑变量:CSV31；站号2,16-bit Unsigned
8组_32号_转速设定,MODBUS RTU,6x,2#1382,风机转速设定；原昆仑变量:CSV32；站号2,16-bit Unsigned
8组_33号_转速设定,MODBUS RTU,6x,2#1383,风机转速设定；原昆仑变量:CSV33；站号2,16-bit Unsigned
8组_34号_转速设定,MODBUS RTU,6x,2#1384,风机转速设定；原昆仑变量:CSV34；站号2,16-bit Unsigned
8组_35号_转速设定,MODBUS RTU,6x,2#1385,风机转速设定；原昆仑变量:CSV35；站号2,16-bit Unsigned
8组_36号_转速设定,MODBUS RTU,6x,2#1386,风机转速设定；原昆仑变量:CSV36；站号2,16-bit Unsigned
8组_37号_转速设定,MODBUS RTU,6x,2#1387,风机转速设定；原昆仑变量:CSV37；站号2,16-bit Unsigned
8组_38号_转速设定,MODBUS RTU,6x,2#1388,风机转速设定；原昆仑变量:CSV38；站号2,16-bit Unsigned
8组_39号_转速设定,MODBUS RTU,6x,2#1389,风机转速设定；原昆仑变量:CSV39；站号2,16-bit Unsigned
8组_40号_转速设定,MODBUS RTU,6x,2#1390,风机转速设定；原昆仑变量:CSV40；站号2,16-bit Unsigned
8组_41号_转速设定,MODBUS RTU,6x,2#1391,风机转速设定；原昆仑变量:CSV41；站号2,16-bit Unsigned
8组_42号_转速设定,MODBUS RTU,6x,2#1392,风机转速设定；原昆仑变量:CSV42；站号2,16-bit Unsigned
8组_43号_转速设定,MODBUS RTU,6x,2#1393,风机转速设定；原昆仑变量:CSV43；站号2,16-bit Unsigned
8组_44号_转速设定,MODBUS RTU,6x,2#1394,风机转速设定；原昆仑变量:CSV44；站号2,16-bit Unsigned
8组_45号_转速设定,MODBUS RTU,6x,2#1395,风机转速设定；原昆仑变量:CSV45；站号2,16-bit Unsigned
8组_46号_转速设定,MODBUS RTU,6x,2#1396,风机转速设定；原昆仑变量:CSV46；站号2,16-bit Unsigned
8组_47号_转速设定,MODBUS RTU,6x,2#1397,风机转速设定；原昆仑变量:CSV47；站号2,16-bit Unsigned
8组_48号_转速设定,MODBUS RTU,6x,2#1398,风机转速设定；原昆仑变量:CSV48；站号2,16-bit Unsigned
8组_49号_转速设定,MODBUS RTU,6x,2#1399,风机转速设定；原昆仑变量:CSV49；站号2,16-bit Unsigned
8组_50号_转速设定,MODBUS RTU,6x,2#1400,风机转速设定；原昆仑变量:CSV50；站号2,16-bit Unsigned
8组_51号_转速设定,MODBUS RTU,6x,2#1401,风机转速设定；原昆仑变量:CSV51；站号2,16-bit Unsigned
8组_52号_转速设定,MODBUS RTU,6x,2#1402,风机转速设定；原昆仑变量:CSV52；站号2,16-bit Unsigned
8组_53号_转速设定,MODBUS RTU,6x,2#1403,风机转速设定；原昆仑变量:CSV53；站号2,16-bit Unsigned
8组_54号_转速设定,MODBUS RTU,6x,2#1404,风机转速设定；原昆仑变量:CSV54；站号2,16-bit Unsigned
8组_55号_转速设定,MODBUS RTU,6x,2#1405,风机转速设定；原昆仑变量:CSV55；站号2,16-bit Unsigned
8组_56号_转速设定,MODBUS RTU,6x,2#1406,风机转速设定；原昆仑变量:CSV56；站号2,16-bit Unsigned
8组_57号_转速设定,MODBUS RTU,6x,2#1407,风机转速设定；原昆仑变量:CSV57；站号2,16-bit Unsigned
8组_58号_转速设定,MODBUS RTU,6x,2#1408,风机转速设定；原昆仑变量:CSV58；站号2,16-bit Unsigned
8组_59号_转速设定,MODBUS RTU,6x,2#1409,风机转速设定；原昆仑变量:CSV59；站号2,16-bit Unsigned
8组_60号_转速设定,MODBUS RTU,6x,2#1410,风机转速设定；原昆仑变量:CSV60；站号2,16-bit Unsigned
9组_01号_转速设定,MODBUS RTU,6x,2#1411,风机转速设定；原昆仑变量:DSV1；站号2,16-bit Unsigned
9组_02号_转速设定,MODBUS RTU,6x,2#1412,风机转速设定；原昆仑变量:DSV2；站号2,16-bit Unsigned
9组_03号_转速设定,MODBUS RTU,6x,2#1413,风机转速设定；原昆仑变量:DSV3；站号2,16-bit Unsigned
9组_04号_转速设定,MODBUS RTU,6x,2#1414,风机转速设定；原昆仑变量:DSV4；站号2,16-bit Unsigned
9组_05号_转速设定,MODBUS RTU,6x,2#1415,风机转速设定；原昆仑变量:DSV5；站号2,16-bit Unsigned
9组_06号_转速设定,MODBUS RTU,6x,2#1416,风机转速设定；原昆仑变量:DSV6；站号2,16-bit Unsigned
9组_07号_转速设定,MODBUS RTU,6x,2#1417,风机转速设定；原昆仑变量:DSV7；站号2,16-bit Unsigned
9组_08号_转速设定,MODBUS RTU,6x,2#1418,风机转速设定；原昆仑变量:DSV8；站号2,16-bit Unsigned
9组_09号_转速设定,MODBUS RTU,6x,2#1419,风机转速设定；原昆仑变量:DSV9；站号2,16-bit Unsigned
9组_10号_转速设定,MODBUS RTU,6x,2#1420,风机转速设定；原昆仑变量:DSV10；站号2,16-bit Unsigned
9组_11号_转速设定,MODBUS RTU,6x,2#1421,风机转速设定；原昆仑变量:DSV11；站号2,16-bit Unsigned
9组_12号_转速设定,MODBUS RTU,6x,2#1422,风机转速设定；原昆仑变量:DSV12；站号2,16-bit Unsigned
9组_13号_转速设定,MODBUS RTU,6x,2#1423,风机转速设定；原昆仑变量:DSV13；站号2,16-bit Unsigned
9组_14号_转速设定,MODBUS RTU,6x,2#1424,风机转速设定；原昆仑变量:DSV14；站号2,16-bit Unsigned
9组_15号_转速设定,MODBUS RTU,6x,2#1425,风机转速设定；原昆仑变量:DSV15；站号2,16-bit Unsigned
9组_16号_转速设定,MODBUS RTU,6x,2#1426,风机转速设定；原昆仑变量:DSV16；站号2,16-bit Unsigned
9组_17号_转速设定,MODBUS RTU,6x,2#1427,风机转速设定；原昆仑变量:DSV17；站号2,16-bit Unsigned
9组_18号_转速设定,MODBUS RTU,6x,2#1428,风机转速设定；原昆仑变量:DSV18；站号2,16-bit Unsigned
9组_19号_转速设定,MODBUS RTU,6x,2#1429,风机转速设定；原昆仑变量:DSV19；站号2,16-bit Unsigned
9组_20号_转速设定,MODBUS RTU,6x,2#1430,风机转速设定；原昆仑变量:DSV20；站号2,16-bit Unsigned
9组_21号_转速设定,MODBUS RTU,6x,2#1431,风机转速设定；原昆仑变量:DSV21；站号2,16-bit Unsigned
9组_22号_转速设定,MODBUS RTU,6x,2#1432,风机转速设定；原昆仑变量:DSV22；站号2,16-bit Unsigned
9组_23号_转速设定,MODBUS RTU,6x,2#1433,风机转速设定；原昆仑变量:DSV23；站号2,16-bit Unsigned
9组_24号_转速设定,MODBUS RTU,6x,2#1434,风机转速设定；原昆仑变量:DSV24；站号2,16-bit Unsigned
9组_25号_转速设定,MODBUS RTU,6x,2#1435,风机转速设定；原昆仑变量:DSV25；站号2,16-bit Unsigned
9组_26号_转速设定,MODBUS RTU,6x,2#1436,风机转速设定；原昆仑变量:DSV26；站号2,16-bit Unsigned
9组_27号_转速设定,MODBUS RTU,6x,2#1437,风机转速设定；原昆仑变量:DSV27；站号2,16-bit Unsigned
9组_28号_转速设定,MODBUS RTU,6x,2#1438,风机转速设定；原昆仑变量:DSV28；站号2,16-bit Unsigned
9组_29号_转速设定,MODBUS RTU,6x,2#1439,风机转速设定；原昆仑变量:DSV29；站号2,16-bit Unsigned
9组_30号_转速设定,MODBUS RTU,6x,2#1440,风机转速设定；原昆仑变量:DSV30；站号2,16-bit Unsigned
9组_31号_转速设定,MODBUS RTU,6x,2#1441,风机转速设定；原昆仑变量:DSV31；站号2,16-bit Unsigned
9组_32号_转速设定,MODBUS RTU,6x,2#1442,风机转速设定；原昆仑变量:DSV32；站号2,16-bit Unsigned
9组_33号_转速设定,MODBUS RTU,6x,2#1443,风机转速设定；原昆仑变量:DSV33；站号2,16-bit Unsigned
9组_34号_转速设定,MODBUS RTU,6x,2#1444,风机转速设定；原昆仑变量:DSV34；站号2,16-bit Unsigned
9组_35号_转速设定,MODBUS RTU,6x,2#1445,风机转速设定；原昆仑变量:DSV35；站号2,16-bit Unsigned
9组_36号_转速设定,MODBUS RTU,6x,2#1446,风机转速设定；原昆仑变量:DSV36；站号2,16-bit Unsigned
9组_37号_转速设定,MODBUS RTU,6x,2#1447,风机转速设定；原昆仑变量:DSV37；站号2,16-bit Unsigned
9组_38号_转速设定,MODBUS RTU,6x,2#1448,风机转速设定；原昆仑变量:DSV38；站号2,16-bit Unsigned
9组_39号_转速设定,MODBUS RTU,6x,2#1449,风机转速设定；原昆仑变量:DSV39；站号2,16-bit Unsigned
9组_40号_转速设定,MODBUS RTU,6x,2#1450,风机转速设定；原昆仑变量:DSV40；站号2,16-bit Unsigned
9组_41号_转速设定,MODBUS RTU,6x,2#1451,风机转速设定；原昆仑变量:DSV41；站号2,16-bit Unsigned
9组_42号_转速设定,MODBUS RTU,6x,2#1452,风机转速设定；原昆仑变量:DSV42；站号2,16-bit Unsigned
9组_43号_转速设定,MODBUS RTU,6x,2#1453,风机转速设定；原昆仑变量:DSV43；站号2,16-bit Unsigned
9组_44号_转速设定,MODBUS RTU,6x,2#1454,风机转速设定；原昆仑变量:DSV44；站号2,16-bit Unsigned
9组_45号_转速设定,MODBUS RTU,6x,2#1455,风机转速设定；原昆仑变量:DSV45；站号2,16-bit Unsigned
9组_46号_转速设定,MODBUS RTU,6x,2#1456,风机转速设定；原昆仑变量:DSV46；站号2,16-bit Unsigned
9组_47号_转速设定,MODBUS RTU,6x,2#1457,风机转速设定；原昆仑变量:DSV47；站号2,16-bit Unsigned
9组_48号_转速设定,MODBUS RTU,6x,2#1458,风机转速设定；原昆仑变量:DSV48；站号2,16-bit Unsigned
9组_49号_转速设定,MODBUS RTU,6x,2#1459,风机转速设定；原昆仑变量:DSV49；站号2,16-bit Unsigned
9组_50号_转速设定,MODBUS RTU,6x,2#1460,风机转速设定；原昆仑变量:DSV50；站号2,16-bit Unsigned
9组_51号_转速设定,MODBUS RTU,6x,2#1461,风机转速设定；原昆仑变量:DSV51；站号2,16-bit Unsigned
9组_52号_转速设定,MODBUS RTU,6x,2#1462,风机转速设定；原昆仑变量:DSV52；站号2,16-bit Unsigned
9组_53号_转速设定,MODBUS RTU,6x,2#1463,风机转速设定；原昆仑变量:DSV53；站号2,16-bit Unsigned
9组_54号_转速设定,MODBUS RTU,6x,2#1464,风机转速设定；原昆仑变量:DSV54；站号2,16-bit Unsigned
9组_55号_转速设定,MODBUS RTU,6x,2#1465,风机转速设定；原昆仑变量:DSV55；站号2,16-bit Unsigned
9组_56号_转速设定,MODBUS RTU,6x,2#1466,风机转速设定；原昆仑变量:DSV56；站号2,16-bit Unsigned
9组_57号_转速设定,MODBUS RTU,6x,2#1467,风机转速设定；原昆仑变量:DSV57；站号2,16-bit Unsigned
9组_58号_转速设定,MODBUS RTU,6x,2#1468,风机转速设定；原昆仑变量:DSV58；站号2,16-bit Unsigned
9组_59号_转速设定,MODBUS RTU,6x,2#1469,风机转速设定；原昆仑变量:DSV59；站号2,16-bit Unsigned
9组_60号_转速设定,MODBUS RTU,6x,2#1470,风机转速设定；原昆仑变量:DSV60；站号2,16-bit Unsigned
10组_01号_转速设定,MODBUS RTU,6x,2#1471,风机转速设定；原昆仑变量:ESV1；站号2,16-bit Unsigned
10组_02号_转速设定,MODBUS RTU,6x,2#1472,风机转速设定；原昆仑变量:ESV2；站号2,16-bit Unsigned
10组_03号_转速设定,MODBUS RTU,6x,2#1473,风机转速设定；原昆仑变量:ESV3；站号2,16-bit Unsigned
10组_04号_转速设定,MODBUS RTU,6x,2#1474,风机转速设定；原昆仑变量:ESV4；站号2,16-bit Unsigned
10组_05号_转速设定,MODBUS RTU,6x,2#1475,风机转速设定；原昆仑变量:ESV5；站号2,16-bit Unsigned
10组_06号_转速设定,MODBUS RTU,6x,2#1476,风机转速设定；原昆仑变量:ESV6；站号2,16-bit Unsigned
10组_07号_转速设定,MODBUS RTU,6x,2#1477,风机转速设定；原昆仑变量:ESV7；站号2,16-bit Unsigned
10组_08号_转速设定,MODBUS RTU,6x,2#1478,风机转速设定；原昆仑变量:ESV8；站号2,16-bit Unsigned
10组_09号_转速设定,MODBUS RTU,6x,2#1479,风机转速设定；原昆仑变量:ESV9；站号2,16-bit Unsigned
10组_10号_转速设定,MODBUS RTU,6x,2#1480,风机转速设定；原昆仑变量:ESV10；站号2,16-bit Unsigned
10组_11号_转速设定,MODBUS RTU,6x,2#1481,风机转速设定；原昆仑变量:ESV11；站号2,16-bit Unsigned
10组_12号_转速设定,MODBUS RTU,6x,2#1482,风机转速设定；原昆仑变量:ESV12；站号2,16-bit Unsigned
10组_13号_转速设定,MODBUS RTU,6x,2#1483,风机转速设定；原昆仑变量:ESV13；站号2,16-bit Unsigned
10组_14号_转速设定,MODBUS RTU,6x,2#1484,风机转速设定；原昆仑变量:ESV14；站号2,16-bit Unsigned
10组_15号_转速设定,MODBUS RTU,6x,2#1485,风机转速设定；原昆仑变量:ESV15；站号2,16-bit Unsigned
10组_16号_转速设定,MODBUS RTU,6x,2#1486,风机转速设定；原昆仑变量:ESV16；站号2,16-bit Unsigned
10组_17号_转速设定,MODBUS RTU,6x,2#1487,风机转速设定；原昆仑变量:ESV17；站号2,16-bit Unsigned
10组_18号_转速设定,MODBUS RTU,6x,2#1488,风机转速设定；原昆仑变量:ESV18；站号2,16-bit Unsigned
10组_19号_转速设定,MODBUS RTU,6x,2#1489,风机转速设定；原昆仑变量:ESV19；站号2,16-bit Unsigned
10组_20号_转速设定,MODBUS RTU,6x,2#1490,风机转速设定；原昆仑变量:ESV20；站号2,16-bit Unsigned
10组_21号_转速设定,MODBUS RTU,6x,2#1491,风机转速设定；原昆仑变量:ESV21；站号2,16-bit Unsigned
10组_22号_转速设定,MODBUS RTU,6x,2#1492,风机转速设定；原昆仑变量:ESV22；站号2,16-bit Unsigned
10组_23号_转速设定,MODBUS RTU,6x,2#1493,风机转速设定；原昆仑变量:ESV23；站号2,16-bit Unsigned
10组_24号_转速设定,MODBUS RTU,6x,2#1494,风机转速设定；原昆仑变量:ESV24；站号2,16-bit Unsigned
10组_25号_转速设定,MODBUS RTU,6x,2#1495,风机转速设定；原昆仑变量:ESV25；站号2,16-bit Unsigned
10组_26号_转速设定,MODBUS RTU,6x,2#1496,风机转速设定；原昆仑变量:ESV26；站号2,16-bit Unsigned
10组_27号_转速设定,MODBUS RTU,6x,2#1497,风机转速设定；原昆仑变量:ESV27；站号2,16-bit Unsigned
10组_28号_转速设定,MODBUS RTU,6x,2#1498,风机转速设定；原昆仑变量:ESV28；站号2,16-bit Unsigned
10组_29号_转速设定,MODBUS RTU,6x,2#1499,风机转速设定；原昆仑变量:ESV29；站号2,16-bit Unsigned
10组_30号_转速设定,MODBUS RTU,6x,2#1500,风机转速设定；原昆仑变量:ESV30；站号2,16-bit Unsigned
10组_31号_转速设定,MODBUS RTU,6x,2#1501,风机转速设定；原昆仑变量:ESV31；站号2,16-bit Unsigned
10组_32号_转速设定,MODBUS RTU,6x,2#1502,风机转速设定；原昆仑变量:ESV32；站号2,16-bit Unsigned
10组_33号_转速设定,MODBUS RTU,6x,2#1503,风机转速设定；原昆仑变量:ESV33；站号2,16-bit Unsigned
10组_34号_转速设定,MODBUS RTU,6x,2#1504,风机转速设定；原昆仑变量:ESV34；站号2,16-bit Unsigned
10组_35号_转速设定,MODBUS RTU,6x,2#1505,风机转速设定；原昆仑变量:ESV35；站号2,16-bit Unsigned
10组_36号_转速设定,MODBUS RTU,6x,2#1506,风机转速设定；原昆仑变量:ESV36；站号2,16-bit Unsigned
10组_37号_转速设定,MODBUS RTU,6x,2#1507,风机转速设定；原昆仑变量:ESV37；站号2,16-bit Unsigned
10组_38号_转速设定,MODBUS RTU,6x,2#1508,风机转速设定；原昆仑变量:ESV38；站号2,16-bit Unsigned
10组_39号_转速设定,MODBUS RTU,6x,2#1509,风机转速设定；原昆仑变量:ESV39；站号2,16-bit Unsigned
10组_40号_转速设定,MODBUS RTU,6x,2#1510,风机转速设定；原昆仑变量:ESV40；站号2,16-bit Unsigned
10组_41号_转速设定,MODBUS RTU,6x,2#1511,风机转速设定；原昆仑变量:ESV41；站号2,16-bit Unsigned
10组_42号_转速设定,MODBUS RTU,6x,2#1512,风机转速设定；原昆仑变量:ESV42；站号2,16-bit Unsigned
10组_43号_转速设定,MODBUS RTU,6x,2#1513,风机转速设定；原昆仑变量:ESV43；站号2,16-bit Unsigned
10组_44号_转速设定,MODBUS RTU,6x,2#1514,风机转速设定；原昆仑变量:ESV44；站号2,16-bit Unsigned
10组_45号_转速设定,MODBUS RTU,6x,2#1515,风机转速设定；原昆仑变量:ESV45；站号2,16-bit Unsigned
10组_46号_转速设定,MODBUS RTU,6x,2#1516,风机转速设定；原昆仑变量:ESV46；站号2,16-bit Unsigned
10组_47号_转速设定,MODBUS RTU,6x,2#1517,风机转速设定；原昆仑变量:ESV47；站号2,16-bit Unsigned
10组_48号_转速设定,MODBUS RTU,6x,2#1518,风机转速设定；原昆仑变量:ESV48；站号2,16-bit Unsigned
10组_49号_转速设定,MODBUS RTU,6x,2#1519,风机转速设定；原昆仑变量:ESV49；站号2,16-bit Unsigned
10组_50号_转速设定,MODBUS RTU,6x,2#1520,风机转速设定；原昆仑变量:ESV50；站号2,16-bit Unsigned
10组_51号_转速设定,MODBUS RTU,6x,2#1521,风机转速设定；原昆仑变量:ESV51；站号2,16-bit Unsigned
10组_52号_转速设定,MODBUS RTU,6x,2#1522,风机转速设定；原昆仑变量:ESV52；站号2,16-bit Unsigned
10组_53号_转速设定,MODBUS RTU,6x,2#1523,风机转速设定；原昆仑变量:ESV53；站号2,16-bit Unsigned
10组_54号_转速设定,MODBUS RTU,6x,2#1524,风机转速设定；原昆仑变量:ESV54；站号2,16-bit Unsigned
10组_55号_转速设定,MODBUS RTU,6x,2#1525,风机转速设定；原昆仑变量:ESV55；站号2,16-bit Unsigned
10组_56号_转速设定,MODBUS RTU,6x,2#1526,风机转速设定；原昆仑变量:ESV56；站号2,16-bit Unsigned
10组_57号_转速设定,MODBUS RTU,6x,2#1527,风机转速设定；原昆仑变量:ESV57；站号2,16-bit Unsigned
10组_58号_转速设定,MODBUS RTU,6x,2#1528,风机转速设定；原昆仑变量:ESV58；站号2,16-bit Unsigned
10组_59号_转速设定,MODBUS RTU,6x,2#1529,风机转速设定；原昆仑变量:ESV59；站号2,16-bit Unsigned
10组_60号_转速设定,MODBUS RTU,6x,2#1530,风机转速设定；原昆仑变量:ESV60；站号2,16-bit Unsigned
6组_转速显示设定,MODBUS RTU,6x,2#1531,昆仑ModbusRTU迁移地址；原昆仑变量:组号_disp1；站号2,16-bit Unsigned
7组_转速显示设定,MODBUS RTU,6x,2#1532,昆仑ModbusRTU迁移地址；原昆仑变量:组号_disp2；站号2,16-bit Unsigned
8组_转速显示设定,MODBUS RTU,6x,2#1533,昆仑ModbusRTU迁移地址；原昆仑变量:组号_disp3；站号2,16-bit Unsigned
9组_转速显示设定,MODBUS RTU,6x,2#1534,昆仑ModbusRTU迁移地址；原昆仑变量:组号_disp4；站号2,16-bit Unsigned
10组_转速显示设定,MODBUS RTU,6x,2#1535,昆仑ModbusRTU迁移地址；原昆仑变量:组号_disp5；站号2,16-bit Unsigned
6组_01号_开关设定,MODBUS RTU,6x,2#1601,单机开关：写1启动，写0停止；原昆仑变量:开关_6组_01；站号2,16-bit Unsigned
6组_02号_开关设定,MODBUS RTU,6x,2#1602,单机开关：写1启动，写0停止；原昆仑变量:开关_6组_02；站号2,16-bit Unsigned
6组_03号_开关设定,MODBUS RTU,6x,2#1603,单机开关：写1启动，写0停止；原昆仑变量:开关_6组_03；站号2,16-bit Unsigned
6组_04号_开关设定,MODBUS RTU,6x,2#1604,单机开关：写1启动，写0停止；原昆仑变量:开关_6组_04；站号2,16-bit Unsigned
6组_05号_开关设定,MODBUS RTU,6x,2#1605,单机开关：写1启动，写0停止；原昆仑变量:开关_6组_05；站号2,16-bit Unsigned
6组_06号_开关设定,MODBUS RTU,6x,2#1606,单机开关：写1启动，写0停止；原昆仑变量:开关_6组_06；站号2,16-bit Unsigned
6组_07号_开关设定,MODBUS RTU,6x,2#1607,单机开关：写1启动，写0停止；原昆仑变量:开关_6组_07；站号2,16-bit Unsigned
6组_08号_开关设定,MODBUS RTU,6x,2#1608,单机开关：写1启动，写0停止；原昆仑变量:开关_6组_08；站号2,16-bit Unsigned
6组_09号_开关设定,MODBUS RTU,6x,2#1609,单机开关：写1启动，写0停止；原昆仑变量:开关_6组_09；站号2,16-bit Unsigned
6组_10号_开关设定,MODBUS RTU,6x,2#1610,单机开关：写1启动，写0停止；原昆仑变量:开关_6组_10；站号2,16-bit Unsigned
6组_11号_开关设定,MODBUS RTU,6x,2#1611,单机开关：写1启动，写0停止；原昆仑变量:开关_6组_11；站号2,16-bit Unsigned
6组_12号_开关设定,MODBUS RTU,6x,2#1612,单机开关：写1启动，写0停止；原昆仑变量:开关_6组_12；站号2,16-bit Unsigned
6组_13号_开关设定,MODBUS RTU,6x,2#1613,单机开关：写1启动，写0停止；原昆仑变量:开关_6组_13；站号2,16-bit Unsigned
6组_14号_开关设定,MODBUS RTU,6x,2#1614,单机开关：写1启动，写0停止；原昆仑变量:开关_6组_14；站号2,16-bit Unsigned
6组_15号_开关设定,MODBUS RTU,6x,2#1615,单机开关：写1启动，写0停止；原昆仑变量:开关_6组_15；站号2,16-bit Unsigned
6组_16号_开关设定,MODBUS RTU,6x,2#1616,单机开关：写1启动，写0停止；原昆仑变量:开关_6组_16；站号2,16-bit Unsigned
6组_17号_开关设定,MODBUS RTU,6x,2#1617,单机开关：写1启动，写0停止；原昆仑变量:开关_6组_17；站号2,16-bit Unsigned
6组_18号_开关设定,MODBUS RTU,6x,2#1618,单机开关：写1启动，写0停止；原昆仑变量:开关_6组_18；站号2,16-bit Unsigned
6组_19号_开关设定,MODBUS RTU,6x,2#1619,单机开关：写1启动，写0停止；原昆仑变量:开关_6组_19；站号2,16-bit Unsigned
6组_20号_开关设定,MODBUS RTU,6x,2#1620,单机开关：写1启动，写0停止；原昆仑变量:开关_6组_20；站号2,16-bit Unsigned
6组_21号_开关设定,MODBUS RTU,6x,2#1621,单机开关：写1启动，写0停止；原昆仑变量:开关_6组_21；站号2,16-bit Unsigned
6组_22号_开关设定,MODBUS RTU,6x,2#1622,单机开关：写1启动，写0停止；原昆仑变量:开关_6组_22；站号2,16-bit Unsigned
6组_23号_开关设定,MODBUS RTU,6x,2#1623,单机开关：写1启动，写0停止；原昆仑变量:开关_6组_23；站号2,16-bit Unsigned
6组_24号_开关设定,MODBUS RTU,6x,2#1624,单机开关：写1启动，写0停止；原昆仑变量:开关_6组_24；站号2,16-bit Unsigned
6组_25号_开关设定,MODBUS RTU,6x,2#1625,单机开关：写1启动，写0停止；原昆仑变量:开关_6组_25；站号2,16-bit Unsigned
6组_26号_开关设定,MODBUS RTU,6x,2#1626,单机开关：写1启动，写0停止；原昆仑变量:开关_6组_26；站号2,16-bit Unsigned
6组_27号_开关设定,MODBUS RTU,6x,2#1627,单机开关：写1启动，写0停止；原昆仑变量:开关_6组_27；站号2,16-bit Unsigned
6组_28号_开关设定,MODBUS RTU,6x,2#1628,单机开关：写1启动，写0停止；原昆仑变量:开关_6组_28；站号2,16-bit Unsigned
6组_29号_开关设定,MODBUS RTU,6x,2#1629,单机开关：写1启动，写0停止；原昆仑变量:开关_6组_29；站号2,16-bit Unsigned
6组_30号_开关设定,MODBUS RTU,6x,2#1630,单机开关：写1启动，写0停止；原昆仑变量:开关_6组_30；站号2,16-bit Unsigned
6组_31号_开关设定,MODBUS RTU,6x,2#1631,单机开关：写1启动，写0停止；原昆仑变量:开关_6组_31；站号2,16-bit Unsigned
6组_32号_开关设定,MODBUS RTU,6x,2#1632,单机开关：写1启动，写0停止；原昆仑变量:开关_6组_32；站号2,16-bit Unsigned
6组_33号_开关设定,MODBUS RTU,6x,2#1633,单机开关：写1启动，写0停止；原昆仑变量:开关_6组_33；站号2,16-bit Unsigned
6组_34号_开关设定,MODBUS RTU,6x,2#1634,单机开关：写1启动，写0停止；原昆仑变量:开关_6组_34；站号2,16-bit Unsigned
6组_35号_开关设定,MODBUS RTU,6x,2#1635,单机开关：写1启动，写0停止；原昆仑变量:开关_6组_35；站号2,16-bit Unsigned
6组_36号_开关设定,MODBUS RTU,6x,2#1636,单机开关：写1启动，写0停止；原昆仑变量:开关_6组_36；站号2,16-bit Unsigned
6组_37号_开关设定,MODBUS RTU,6x,2#1637,单机开关：写1启动，写0停止；原昆仑变量:开关_6组_37；站号2,16-bit Unsigned
6组_38号_开关设定,MODBUS RTU,6x,2#1638,单机开关：写1启动，写0停止；原昆仑变量:开关_6组_38；站号2,16-bit Unsigned
6组_39号_开关设定,MODBUS RTU,6x,2#1639,单机开关：写1启动，写0停止；原昆仑变量:开关_6组_39；站号2,16-bit Unsigned
6组_40号_开关设定,MODBUS RTU,6x,2#1640,单机开关：写1启动，写0停止；原昆仑变量:开关_6组_40；站号2,16-bit Unsigned
6组_41号_开关设定,MODBUS RTU,6x,2#1641,单机开关：写1启动，写0停止；原昆仑变量:开关_6组_41；站号2,16-bit Unsigned
6组_42号_开关设定,MODBUS RTU,6x,2#1642,单机开关：写1启动，写0停止；原昆仑变量:开关_6组_42；站号2,16-bit Unsigned
6组_43号_开关设定,MODBUS RTU,6x,2#1643,单机开关：写1启动，写0停止；原昆仑变量:开关_6组_43；站号2,16-bit Unsigned
6组_44号_开关设定,MODBUS RTU,6x,2#1644,单机开关：写1启动，写0停止；原昆仑变量:开关_6组_44；站号2,16-bit Unsigned
6组_45号_开关设定,MODBUS RTU,6x,2#1645,单机开关：写1启动，写0停止；原昆仑变量:开关_6组_45；站号2,16-bit Unsigned
6组_46号_开关设定,MODBUS RTU,6x,2#1646,单机开关：写1启动，写0停止；原昆仑变量:开关_6组_46；站号2,16-bit Unsigned
6组_47号_开关设定,MODBUS RTU,6x,2#1647,单机开关：写1启动，写0停止；原昆仑变量:开关_6组_47；站号2,16-bit Unsigned
6组_48号_开关设定,MODBUS RTU,6x,2#1648,单机开关：写1启动，写0停止；原昆仑变量:开关_6组_48；站号2,16-bit Unsigned
6组_49号_开关设定,MODBUS RTU,6x,2#1649,单机开关：写1启动，写0停止；原昆仑变量:开关_6组_49；站号2,16-bit Unsigned
6组_50号_开关设定,MODBUS RTU,6x,2#1650,单机开关：写1启动，写0停止；原昆仑变量:开关_6组_50；站号2,16-bit Unsigned
6组_51号_开关设定,MODBUS RTU,6x,2#1651,单机开关：写1启动，写0停止；原昆仑变量:开关_6组_51；站号2,16-bit Unsigned
6组_52号_开关设定,MODBUS RTU,6x,2#1652,单机开关：写1启动，写0停止；原昆仑变量:开关_6组_52；站号2,16-bit Unsigned
6组_53号_开关设定,MODBUS RTU,6x,2#1653,单机开关：写1启动，写0停止；原昆仑变量:开关_6组_53；站号2,16-bit Unsigned
6组_54号_开关设定,MODBUS RTU,6x,2#1654,单机开关：写1启动，写0停止；原昆仑变量:开关_6组_54；站号2,16-bit Unsigned
6组_55号_开关设定,MODBUS RTU,6x,2#1655,单机开关：写1启动，写0停止；原昆仑变量:开关_6组_55；站号2,16-bit Unsigned
6组_56号_开关设定,MODBUS RTU,6x,2#1656,单机开关：写1启动，写0停止；原昆仑变量:开关_6组_56；站号2,16-bit Unsigned
6组_57号_开关设定,MODBUS RTU,6x,2#1657,单机开关：写1启动，写0停止；原昆仑变量:开关_6组_57；站号2,16-bit Unsigned
6组_58号_开关设定,MODBUS RTU,6x,2#1658,单机开关：写1启动，写0停止；原昆仑变量:开关_6组_58；站号2,16-bit Unsigned
6组_59号_开关设定,MODBUS RTU,6x,2#1659,单机开关：写1启动，写0停止；原昆仑变量:开关_6组_59；站号2,16-bit Unsigned
6组_60号_开关设定,MODBUS RTU,6x,2#1660,单机开关：写1启动，写0停止；原昆仑变量:开关_6组_60；站号2,16-bit Unsigned
7组_01号_开关设定,MODBUS RTU,6x,2#1661,单机开关：写1启动，写0停止；原昆仑变量:开关_7组_01；站号2,16-bit Unsigned
7组_02号_开关设定,MODBUS RTU,6x,2#1662,单机开关：写1启动，写0停止；原昆仑变量:开关_7组_02；站号2,16-bit Unsigned
7组_03号_开关设定,MODBUS RTU,6x,2#1663,单机开关：写1启动，写0停止；原昆仑变量:开关_7组_03；站号2,16-bit Unsigned
7组_04号_开关设定,MODBUS RTU,6x,2#1664,单机开关：写1启动，写0停止；原昆仑变量:开关_7组_04；站号2,16-bit Unsigned
7组_05号_开关设定,MODBUS RTU,6x,2#1665,单机开关：写1启动，写0停止；原昆仑变量:开关_7组_05；站号2,16-bit Unsigned
7组_06号_开关设定,MODBUS RTU,6x,2#1666,单机开关：写1启动，写0停止；原昆仑变量:开关_7组_06；站号2,16-bit Unsigned
7组_07号_开关设定,MODBUS RTU,6x,2#1667,单机开关：写1启动，写0停止；原昆仑变量:开关_7组_07；站号2,16-bit Unsigned
7组_08号_开关设定,MODBUS RTU,6x,2#1668,单机开关：写1启动，写0停止；原昆仑变量:开关_7组_08；站号2,16-bit Unsigned
7组_09号_开关设定,MODBUS RTU,6x,2#1669,单机开关：写1启动，写0停止；原昆仑变量:开关_7组_09；站号2,16-bit Unsigned
7组_10号_开关设定,MODBUS RTU,6x,2#1670,单机开关：写1启动，写0停止；原昆仑变量:开关_7组_10；站号2,16-bit Unsigned
7组_11号_开关设定,MODBUS RTU,6x,2#1671,单机开关：写1启动，写0停止；原昆仑变量:开关_7组_11；站号2,16-bit Unsigned
7组_12号_开关设定,MODBUS RTU,6x,2#1672,单机开关：写1启动，写0停止；原昆仑变量:开关_7组_12；站号2,16-bit Unsigned
7组_13号_开关设定,MODBUS RTU,6x,2#1673,单机开关：写1启动，写0停止；原昆仑变量:开关_7组_13；站号2,16-bit Unsigned
7组_14号_开关设定,MODBUS RTU,6x,2#1674,单机开关：写1启动，写0停止；原昆仑变量:开关_7组_14；站号2,16-bit Unsigned
7组_15号_开关设定,MODBUS RTU,6x,2#1675,单机开关：写1启动，写0停止；原昆仑变量:开关_7组_15；站号2,16-bit Unsigned
7组_16号_开关设定,MODBUS RTU,6x,2#1676,单机开关：写1启动，写0停止；原昆仑变量:开关_7组_16；站号2,16-bit Unsigned
7组_17号_开关设定,MODBUS RTU,6x,2#1677,单机开关：写1启动，写0停止；原昆仑变量:开关_7组_17；站号2,16-bit Unsigned
7组_18号_开关设定,MODBUS RTU,6x,2#1678,单机开关：写1启动，写0停止；原昆仑变量:开关_7组_18；站号2,16-bit Unsigned
7组_19号_开关设定,MODBUS RTU,6x,2#1679,单机开关：写1启动，写0停止；原昆仑变量:开关_7组_19；站号2,16-bit Unsigned
7组_20号_开关设定,MODBUS RTU,6x,2#1680,单机开关：写1启动，写0停止；原昆仑变量:开关_7组_20；站号2,16-bit Unsigned
7组_21号_开关设定,MODBUS RTU,6x,2#1681,单机开关：写1启动，写0停止；原昆仑变量:开关_7组_21；站号2,16-bit Unsigned
7组_22号_开关设定,MODBUS RTU,6x,2#1682,单机开关：写1启动，写0停止；原昆仑变量:开关_7组_22；站号2,16-bit Unsigned
7组_23号_开关设定,MODBUS RTU,6x,2#1683,单机开关：写1启动，写0停止；原昆仑变量:开关_7组_23；站号2,16-bit Unsigned
7组_24号_开关设定,MODBUS RTU,6x,2#1684,单机开关：写1启动，写0停止；原昆仑变量:开关_7组_24；站号2,16-bit Unsigned
7组_25号_开关设定,MODBUS RTU,6x,2#1685,单机开关：写1启动，写0停止；原昆仑变量:开关_7组_25；站号2,16-bit Unsigned
7组_26号_开关设定,MODBUS RTU,6x,2#1686,单机开关：写1启动，写0停止；原昆仑变量:开关_7组_26；站号2,16-bit Unsigned
7组_27号_开关设定,MODBUS RTU,6x,2#1687,单机开关：写1启动，写0停止；原昆仑变量:开关_7组_27；站号2,16-bit Unsigned
7组_28号_开关设定,MODBUS RTU,6x,2#1688,单机开关：写1启动，写0停止；原昆仑变量:开关_7组_28；站号2,16-bit Unsigned
7组_29号_开关设定,MODBUS RTU,6x,2#1689,单机开关：写1启动，写0停止；原昆仑变量:开关_7组_29；站号2,16-bit Unsigned
7组_30号_开关设定,MODBUS RTU,6x,2#1690,单机开关：写1启动，写0停止；原昆仑变量:开关_7组_30；站号2,16-bit Unsigned
7组_31号_开关设定,MODBUS RTU,6x,2#1691,单机开关：写1启动，写0停止；原昆仑变量:开关_7组_31；站号2,16-bit Unsigned
7组_32号_开关设定,MODBUS RTU,6x,2#1692,单机开关：写1启动，写0停止；原昆仑变量:开关_7组_32；站号2,16-bit Unsigned
7组_33号_开关设定,MODBUS RTU,6x,2#1693,单机开关：写1启动，写0停止；原昆仑变量:开关_7组_33；站号2,16-bit Unsigned
7组_34号_开关设定,MODBUS RTU,6x,2#1694,单机开关：写1启动，写0停止；原昆仑变量:开关_7组_34；站号2,16-bit Unsigned
7组_35号_开关设定,MODBUS RTU,6x,2#1695,单机开关：写1启动，写0停止；原昆仑变量:开关_7组_35；站号2,16-bit Unsigned
7组_36号_开关设定,MODBUS RTU,6x,2#1696,单机开关：写1启动，写0停止；原昆仑变量:开关_7组_36；站号2,16-bit Unsigned
7组_37号_开关设定,MODBUS RTU,6x,2#1697,单机开关：写1启动，写0停止；原昆仑变量:开关_7组_37；站号2,16-bit Unsigned
7组_38号_开关设定,MODBUS RTU,6x,2#1698,单机开关：写1启动，写0停止；原昆仑变量:开关_7组_38；站号2,16-bit Unsigned
7组_39号_开关设定,MODBUS RTU,6x,2#1699,单机开关：写1启动，写0停止；原昆仑变量:开关_7组_39；站号2,16-bit Unsigned
7组_40号_开关设定,MODBUS RTU,6x,2#1700,单机开关：写1启动，写0停止；原昆仑变量:开关_7组_40；站号2,16-bit Unsigned
7组_41号_开关设定,MODBUS RTU,6x,2#1701,单机开关：写1启动，写0停止；原昆仑变量:开关_7组_41；站号2,16-bit Unsigned
7组_42号_开关设定,MODBUS RTU,6x,2#1702,单机开关：写1启动，写0停止；原昆仑变量:开关_7组_42；站号2,16-bit Unsigned
7组_43号_开关设定,MODBUS RTU,6x,2#1703,单机开关：写1启动，写0停止；原昆仑变量:开关_7组_43；站号2,16-bit Unsigned
7组_44号_开关设定,MODBUS RTU,6x,2#1704,单机开关：写1启动，写0停止；原昆仑变量:开关_7组_44；站号2,16-bit Unsigned
7组_45号_开关设定,MODBUS RTU,6x,2#1705,单机开关：写1启动，写0停止；原昆仑变量:开关_7组_45；站号2,16-bit Unsigned
7组_46号_开关设定,MODBUS RTU,6x,2#1706,单机开关：写1启动，写0停止；原昆仑变量:开关_7组_46；站号2,16-bit Unsigned
7组_47号_开关设定,MODBUS RTU,6x,2#1707,单机开关：写1启动，写0停止；原昆仑变量:开关_7组_47；站号2,16-bit Unsigned
7组_48号_开关设定,MODBUS RTU,6x,2#1708,单机开关：写1启动，写0停止；原昆仑变量:开关_7组_48；站号2,16-bit Unsigned
7组_49号_开关设定,MODBUS RTU,6x,2#1709,单机开关：写1启动，写0停止；原昆仑变量:开关_7组_49；站号2,16-bit Unsigned
7组_50号_开关设定,MODBUS RTU,6x,2#1710,单机开关：写1启动，写0停止；原昆仑变量:开关_7组_50；站号2,16-bit Unsigned
7组_51号_开关设定,MODBUS RTU,6x,2#1711,单机开关：写1启动，写0停止；原昆仑变量:开关_7组_51；站号2,16-bit Unsigned
7组_52号_开关设定,MODBUS RTU,6x,2#1712,单机开关：写1启动，写0停止；原昆仑变量:开关_7组_52；站号2,16-bit Unsigned
7组_53号_开关设定,MODBUS RTU,6x,2#1713,单机开关：写1启动，写0停止；原昆仑变量:开关_7组_53；站号2,16-bit Unsigned
7组_54号_开关设定,MODBUS RTU,6x,2#1714,单机开关：写1启动，写0停止；原昆仑变量:开关_7组_54；站号2,16-bit Unsigned
7组_55号_开关设定,MODBUS RTU,6x,2#1715,单机开关：写1启动，写0停止；原昆仑变量:开关_7组_55；站号2,16-bit Unsigned
7组_56号_开关设定,MODBUS RTU,6x,2#1716,单机开关：写1启动，写0停止；原昆仑变量:开关_7组_56；站号2,16-bit Unsigned
7组_57号_开关设定,MODBUS RTU,6x,2#1717,单机开关：写1启动，写0停止；原昆仑变量:开关_7组_57；站号2,16-bit Unsigned
7组_58号_开关设定,MODBUS RTU,6x,2#1718,单机开关：写1启动，写0停止；原昆仑变量:开关_7组_58；站号2,16-bit Unsigned
7组_59号_开关设定,MODBUS RTU,6x,2#1719,单机开关：写1启动，写0停止；原昆仑变量:开关_7组_59；站号2,16-bit Unsigned
7组_60号_开关设定,MODBUS RTU,6x,2#1720,单机开关：写1启动，写0停止；原昆仑变量:开关_7组_60；站号2,16-bit Unsigned
8组_01号_开关设定,MODBUS RTU,6x,2#1721,单机开关：写1启动，写0停止；原昆仑变量:开关_8组_01；站号2,16-bit Unsigned
8组_02号_开关设定,MODBUS RTU,6x,2#1722,单机开关：写1启动，写0停止；原昆仑变量:开关_8组_02；站号2,16-bit Unsigned
8组_03号_开关设定,MODBUS RTU,6x,2#1723,单机开关：写1启动，写0停止；原昆仑变量:开关_8组_03；站号2,16-bit Unsigned
8组_04号_开关设定,MODBUS RTU,6x,2#1724,单机开关：写1启动，写0停止；原昆仑变量:开关_8组_04；站号2,16-bit Unsigned
8组_05号_开关设定,MODBUS RTU,6x,2#1725,单机开关：写1启动，写0停止；原昆仑变量:开关_8组_05；站号2,16-bit Unsigned
8组_06号_开关设定,MODBUS RTU,6x,2#1726,单机开关：写1启动，写0停止；原昆仑变量:开关_8组_06；站号2,16-bit Unsigned
8组_07号_开关设定,MODBUS RTU,6x,2#1727,单机开关：写1启动，写0停止；原昆仑变量:开关_8组_07；站号2,16-bit Unsigned
8组_08号_开关设定,MODBUS RTU,6x,2#1728,单机开关：写1启动，写0停止；原昆仑变量:开关_8组_08；站号2,16-bit Unsigned
8组_09号_开关设定,MODBUS RTU,6x,2#1729,单机开关：写1启动，写0停止；原昆仑变量:开关_8组_09；站号2,16-bit Unsigned
8组_10号_开关设定,MODBUS RTU,6x,2#1730,单机开关：写1启动，写0停止；原昆仑变量:开关_8组_10；站号2,16-bit Unsigned
8组_11号_开关设定,MODBUS RTU,6x,2#1731,单机开关：写1启动，写0停止；原昆仑变量:开关_8组_11；站号2,16-bit Unsigned
8组_12号_开关设定,MODBUS RTU,6x,2#1732,单机开关：写1启动，写0停止；原昆仑变量:开关_8组_12；站号2,16-bit Unsigned
8组_13号_开关设定,MODBUS RTU,6x,2#1733,单机开关：写1启动，写0停止；原昆仑变量:开关_8组_13；站号2,16-bit Unsigned
8组_14号_开关设定,MODBUS RTU,6x,2#1734,单机开关：写1启动，写0停止；原昆仑变量:开关_8组_14；站号2,16-bit Unsigned
8组_15号_开关设定,MODBUS RTU,6x,2#1735,单机开关：写1启动，写0停止；原昆仑变量:开关_8组_15；站号2,16-bit Unsigned
8组_16号_开关设定,MODBUS RTU,6x,2#1736,单机开关：写1启动，写0停止；原昆仑变量:开关_8组_16；站号2,16-bit Unsigned
8组_17号_开关设定,MODBUS RTU,6x,2#1737,单机开关：写1启动，写0停止；原昆仑变量:开关_8组_17；站号2,16-bit Unsigned
8组_18号_开关设定,MODBUS RTU,6x,2#1738,单机开关：写1启动，写0停止；原昆仑变量:开关_8组_18；站号2,16-bit Unsigned
8组_19号_开关设定,MODBUS RTU,6x,2#1739,单机开关：写1启动，写0停止；原昆仑变量:开关_8组_19；站号2,16-bit Unsigned
8组_20号_开关设定,MODBUS RTU,6x,2#1740,单机开关：写1启动，写0停止；原昆仑变量:开关_8组_20；站号2,16-bit Unsigned
8组_21号_开关设定,MODBUS RTU,6x,2#1741,单机开关：写1启动，写0停止；原昆仑变量:开关_8组_21；站号2,16-bit Unsigned
8组_22号_开关设定,MODBUS RTU,6x,2#1742,单机开关：写1启动，写0停止；原昆仑变量:开关_8组_22；站号2,16-bit Unsigned
8组_23号_开关设定,MODBUS RTU,6x,2#1743,单机开关：写1启动，写0停止；原昆仑变量:开关_8组_23；站号2,16-bit Unsigned
8组_24号_开关设定,MODBUS RTU,6x,2#1744,单机开关：写1启动，写0停止；原昆仑变量:开关_8组_24；站号2,16-bit Unsigned
8组_25号_开关设定,MODBUS RTU,6x,2#1745,单机开关：写1启动，写0停止；原昆仑变量:开关_8组_25；站号2,16-bit Unsigned
8组_26号_开关设定,MODBUS RTU,6x,2#1746,单机开关：写1启动，写0停止；原昆仑变量:开关_8组_26；站号2,16-bit Unsigned
8组_27号_开关设定,MODBUS RTU,6x,2#1747,单机开关：写1启动，写0停止；原昆仑变量:开关_8组_27；站号2,16-bit Unsigned
8组_28号_开关设定,MODBUS RTU,6x,2#1748,单机开关：写1启动，写0停止；原昆仑变量:开关_8组_28；站号2,16-bit Unsigned
8组_29号_开关设定,MODBUS RTU,6x,2#1749,单机开关：写1启动，写0停止；原昆仑变量:开关_8组_29；站号2,16-bit Unsigned
8组_30号_开关设定,MODBUS RTU,6x,2#1750,单机开关：写1启动，写0停止；原昆仑变量:开关_8组_30；站号2,16-bit Unsigned
8组_31号_开关设定,MODBUS RTU,6x,2#1751,单机开关：写1启动，写0停止；原昆仑变量:开关_8组_31；站号2,16-bit Unsigned
8组_32号_开关设定,MODBUS RTU,6x,2#1752,单机开关：写1启动，写0停止；原昆仑变量:开关_8组_32；站号2,16-bit Unsigned
8组_33号_开关设定,MODBUS RTU,6x,2#1753,单机开关：写1启动，写0停止；原昆仑变量:开关_8组_33；站号2,16-bit Unsigned
8组_34号_开关设定,MODBUS RTU,6x,2#1754,单机开关：写1启动，写0停止；原昆仑变量:开关_8组_34；站号2,16-bit Unsigned
8组_35号_开关设定,MODBUS RTU,6x,2#1755,单机开关：写1启动，写0停止；原昆仑变量:开关_8组_35；站号2,16-bit Unsigned
8组_36号_开关设定,MODBUS RTU,6x,2#1756,单机开关：写1启动，写0停止；原昆仑变量:开关_8组_36；站号2,16-bit Unsigned
8组_37号_开关设定,MODBUS RTU,6x,2#1757,单机开关：写1启动，写0停止；原昆仑变量:开关_8组_37；站号2,16-bit Unsigned
8组_38号_开关设定,MODBUS RTU,6x,2#1758,单机开关：写1启动，写0停止；原昆仑变量:开关_8组_38；站号2,16-bit Unsigned
8组_39号_开关设定,MODBUS RTU,6x,2#1759,单机开关：写1启动，写0停止；原昆仑变量:开关_8组_39；站号2,16-bit Unsigned
8组_40号_开关设定,MODBUS RTU,6x,2#1760,单机开关：写1启动，写0停止；原昆仑变量:开关_8组_40；站号2,16-bit Unsigned
8组_41号_开关设定,MODBUS RTU,6x,2#1761,单机开关：写1启动，写0停止；原昆仑变量:开关_8组_41；站号2,16-bit Unsigned
8组_42号_开关设定,MODBUS RTU,6x,2#1762,单机开关：写1启动，写0停止；原昆仑变量:开关_8组_42；站号2,16-bit Unsigned
8组_43号_开关设定,MODBUS RTU,6x,2#1763,单机开关：写1启动，写0停止；原昆仑变量:开关_8组_43；站号2,16-bit Unsigned
8组_44号_开关设定,MODBUS RTU,6x,2#1764,单机开关：写1启动，写0停止；原昆仑变量:开关_8组_44；站号2,16-bit Unsigned
8组_45号_开关设定,MODBUS RTU,6x,2#1765,单机开关：写1启动，写0停止；原昆仑变量:开关_8组_45；站号2,16-bit Unsigned
8组_46号_开关设定,MODBUS RTU,6x,2#1766,单机开关：写1启动，写0停止；原昆仑变量:开关_8组_46；站号2,16-bit Unsigned
8组_47号_开关设定,MODBUS RTU,6x,2#1767,单机开关：写1启动，写0停止；原昆仑变量:开关_8组_47；站号2,16-bit Unsigned
8组_48号_开关设定,MODBUS RTU,6x,2#1768,单机开关：写1启动，写0停止；原昆仑变量:开关_8组_48；站号2,16-bit Unsigned
8组_49号_开关设定,MODBUS RTU,6x,2#1769,单机开关：写1启动，写0停止；原昆仑变量:开关_8组_49；站号2,16-bit Unsigned
8组_50号_开关设定,MODBUS RTU,6x,2#1770,单机开关：写1启动，写0停止；原昆仑变量:开关_8组_50；站号2,16-bit Unsigned
8组_51号_开关设定,MODBUS RTU,6x,2#1771,单机开关：写1启动，写0停止；原昆仑变量:开关_8组_51；站号2,16-bit Unsigned
8组_52号_开关设定,MODBUS RTU,6x,2#1772,单机开关：写1启动，写0停止；原昆仑变量:开关_8组_52；站号2,16-bit Unsigned
8组_53号_开关设定,MODBUS RTU,6x,2#1773,单机开关：写1启动，写0停止；原昆仑变量:开关_8组_53；站号2,16-bit Unsigned
8组_54号_开关设定,MODBUS RTU,6x,2#1774,单机开关：写1启动，写0停止；原昆仑变量:开关_8组_54；站号2,16-bit Unsigned
8组_55号_开关设定,MODBUS RTU,6x,2#1775,单机开关：写1启动，写0停止；原昆仑变量:开关_8组_55；站号2,16-bit Unsigned
8组_56号_开关设定,MODBUS RTU,6x,2#1776,单机开关：写1启动，写0停止；原昆仑变量:开关_8组_56；站号2,16-bit Unsigned
8组_57号_开关设定,MODBUS RTU,6x,2#1777,单机开关：写1启动，写0停止；原昆仑变量:开关_8组_57；站号2,16-bit Unsigned
8组_58号_开关设定,MODBUS RTU,6x,2#1778,单机开关：写1启动，写0停止；原昆仑变量:开关_8组_58；站号2,16-bit Unsigned
8组_59号_开关设定,MODBUS RTU,6x,2#1779,单机开关：写1启动，写0停止；原昆仑变量:开关_8组_59；站号2,16-bit Unsigned
8组_60号_开关设定,MODBUS RTU,6x,2#1780,单机开关：写1启动，写0停止；原昆仑变量:开关_8组_60；站号2,16-bit Unsigned
9组_01号_开关设定,MODBUS RTU,6x,2#1781,单机开关：写1启动，写0停止；原昆仑变量:开关_9组_01；站号2,16-bit Unsigned
9组_02号_开关设定,MODBUS RTU,6x,2#1782,单机开关：写1启动，写0停止；原昆仑变量:开关_9组_02；站号2,16-bit Unsigned
9组_03号_开关设定,MODBUS RTU,6x,2#1783,单机开关：写1启动，写0停止；原昆仑变量:开关_9组_03；站号2,16-bit Unsigned
9组_04号_开关设定,MODBUS RTU,6x,2#1784,单机开关：写1启动，写0停止；原昆仑变量:开关_9组_04；站号2,16-bit Unsigned
9组_05号_开关设定,MODBUS RTU,6x,2#1785,单机开关：写1启动，写0停止；原昆仑变量:开关_9组_05；站号2,16-bit Unsigned
9组_06号_开关设定,MODBUS RTU,6x,2#1786,单机开关：写1启动，写0停止；原昆仑变量:开关_9组_06；站号2,16-bit Unsigned
9组_07号_开关设定,MODBUS RTU,6x,2#1787,单机开关：写1启动，写0停止；原昆仑变量:开关_9组_07；站号2,16-bit Unsigned
9组_08号_开关设定,MODBUS RTU,6x,2#1788,单机开关：写1启动，写0停止；原昆仑变量:开关_9组_08；站号2,16-bit Unsigned
9组_09号_开关设定,MODBUS RTU,6x,2#1789,单机开关：写1启动，写0停止；原昆仑变量:开关_9组_09；站号2,16-bit Unsigned
9组_10号_开关设定,MODBUS RTU,6x,2#1790,单机开关：写1启动，写0停止；原昆仑变量:开关_9组_10；站号2,16-bit Unsigned
9组_11号_开关设定,MODBUS RTU,6x,2#1791,单机开关：写1启动，写0停止；原昆仑变量:开关_9组_11；站号2,16-bit Unsigned
9组_12号_开关设定,MODBUS RTU,6x,2#1792,单机开关：写1启动，写0停止；原昆仑变量:开关_9组_12；站号2,16-bit Unsigned
9组_13号_开关设定,MODBUS RTU,6x,2#1793,单机开关：写1启动，写0停止；原昆仑变量:开关_9组_13；站号2,16-bit Unsigned
9组_14号_开关设定,MODBUS RTU,6x,2#1794,单机开关：写1启动，写0停止；原昆仑变量:开关_9组_14；站号2,16-bit Unsigned
9组_15号_开关设定,MODBUS RTU,6x,2#1795,单机开关：写1启动，写0停止；原昆仑变量:开关_9组_15；站号2,16-bit Unsigned
9组_16号_开关设定,MODBUS RTU,6x,2#1796,单机开关：写1启动，写0停止；原昆仑变量:开关_9组_16；站号2,16-bit Unsigned
9组_17号_开关设定,MODBUS RTU,6x,2#1797,单机开关：写1启动，写0停止；原昆仑变量:开关_9组_17；站号2,16-bit Unsigned
9组_18号_开关设定,MODBUS RTU,6x,2#1798,单机开关：写1启动，写0停止；原昆仑变量:开关_9组_18；站号2,16-bit Unsigned
9组_19号_开关设定,MODBUS RTU,6x,2#1799,单机开关：写1启动，写0停止；原昆仑变量:开关_9组_19；站号2,16-bit Unsigned
9组_20号_开关设定,MODBUS RTU,6x,2#1800,单机开关：写1启动，写0停止；原昆仑变量:开关_9组_20；站号2,16-bit Unsigned
9组_21号_开关设定,MODBUS RTU,6x,2#1801,单机开关：写1启动，写0停止；原昆仑变量:开关_9组_21；站号2,16-bit Unsigned
9组_22号_开关设定,MODBUS RTU,6x,2#1802,单机开关：写1启动，写0停止；原昆仑变量:开关_9组_22；站号2,16-bit Unsigned
9组_23号_开关设定,MODBUS RTU,6x,2#1803,单机开关：写1启动，写0停止；原昆仑变量:开关_9组_23；站号2,16-bit Unsigned
9组_24号_开关设定,MODBUS RTU,6x,2#1804,单机开关：写1启动，写0停止；原昆仑变量:开关_9组_24；站号2,16-bit Unsigned
9组_25号_开关设定,MODBUS RTU,6x,2#1805,单机开关：写1启动，写0停止；原昆仑变量:开关_9组_25；站号2,16-bit Unsigned
9组_26号_开关设定,MODBUS RTU,6x,2#1806,单机开关：写1启动，写0停止；原昆仑变量:开关_9组_26；站号2,16-bit Unsigned
9组_27号_开关设定,MODBUS RTU,6x,2#1807,单机开关：写1启动，写0停止；原昆仑变量:开关_9组_27；站号2,16-bit Unsigned
9组_28号_开关设定,MODBUS RTU,6x,2#1808,单机开关：写1启动，写0停止；原昆仑变量:开关_9组_28；站号2,16-bit Unsigned
9组_29号_开关设定,MODBUS RTU,6x,2#1809,单机开关：写1启动，写0停止；原昆仑变量:开关_9组_29；站号2,16-bit Unsigned
9组_30号_开关设定,MODBUS RTU,6x,2#1810,单机开关：写1启动，写0停止；原昆仑变量:开关_9组_30；站号2,16-bit Unsigned
9组_31号_开关设定,MODBUS RTU,6x,2#1811,单机开关：写1启动，写0停止；原昆仑变量:开关_9组_31；站号2,16-bit Unsigned
9组_32号_开关设定,MODBUS RTU,6x,2#1812,单机开关：写1启动，写0停止；原昆仑变量:开关_9组_32；站号2,16-bit Unsigned
9组_33号_开关设定,MODBUS RTU,6x,2#1813,单机开关：写1启动，写0停止；原昆仑变量:开关_9组_33；站号2,16-bit Unsigned
9组_34号_开关设定,MODBUS RTU,6x,2#1814,单机开关：写1启动，写0停止；原昆仑变量:开关_9组_34；站号2,16-bit Unsigned
9组_35号_开关设定,MODBUS RTU,6x,2#1815,单机开关：写1启动，写0停止；原昆仑变量:开关_9组_35；站号2,16-bit Unsigned
9组_36号_开关设定,MODBUS RTU,6x,2#1816,单机开关：写1启动，写0停止；原昆仑变量:开关_9组_36；站号2,16-bit Unsigned
9组_37号_开关设定,MODBUS RTU,6x,2#1817,单机开关：写1启动，写0停止；原昆仑变量:开关_9组_37；站号2,16-bit Unsigned
9组_38号_开关设定,MODBUS RTU,6x,2#1818,单机开关：写1启动，写0停止；原昆仑变量:开关_9组_38；站号2,16-bit Unsigned
9组_39号_开关设定,MODBUS RTU,6x,2#1819,单机开关：写1启动，写0停止；原昆仑变量:开关_9组_39；站号2,16-bit Unsigned
9组_40号_开关设定,MODBUS RTU,6x,2#1820,单机开关：写1启动，写0停止；原昆仑变量:开关_9组_40；站号2,16-bit Unsigned
9组_41号_开关设定,MODBUS RTU,6x,2#1821,单机开关：写1启动，写0停止；原昆仑变量:开关_9组_41；站号2,16-bit Unsigned
9组_42号_开关设定,MODBUS RTU,6x,2#1822,单机开关：写1启动，写0停止；原昆仑变量:开关_9组_42；站号2,16-bit Unsigned
9组_43号_开关设定,MODBUS RTU,6x,2#1823,单机开关：写1启动，写0停止；原昆仑变量:开关_9组_43；站号2,16-bit Unsigned
9组_44号_开关设定,MODBUS RTU,6x,2#1824,单机开关：写1启动，写0停止；原昆仑变量:开关_9组_44；站号2,16-bit Unsigned
9组_45号_开关设定,MODBUS RTU,6x,2#1825,单机开关：写1启动，写0停止；原昆仑变量:开关_9组_45；站号2,16-bit Unsigned
9组_46号_开关设定,MODBUS RTU,6x,2#1826,单机开关：写1启动，写0停止；原昆仑变量:开关_9组_46；站号2,16-bit Unsigned
9组_47号_开关设定,MODBUS RTU,6x,2#1827,单机开关：写1启动，写0停止；原昆仑变量:开关_9组_47；站号2,16-bit Unsigned
9组_48号_开关设定,MODBUS RTU,6x,2#1828,单机开关：写1启动，写0停止；原昆仑变量:开关_9组_48；站号2,16-bit Unsigned
9组_49号_开关设定,MODBUS RTU,6x,2#1829,单机开关：写1启动，写0停止；原昆仑变量:开关_9组_49；站号2,16-bit Unsigned
9组_50号_开关设定,MODBUS RTU,6x,2#1830,单机开关：写1启动，写0停止；原昆仑变量:开关_9组_50；站号2,16-bit Unsigned
9组_51号_开关设定,MODBUS RTU,6x,2#1831,单机开关：写1启动，写0停止；原昆仑变量:开关_9组_51；站号2,16-bit Unsigned
9组_52号_开关设定,MODBUS RTU,6x,2#1832,单机开关：写1启动，写0停止；原昆仑变量:开关_9组_52；站号2,16-bit Unsigned
9组_53号_开关设定,MODBUS RTU,6x,2#1833,单机开关：写1启动，写0停止；原昆仑变量:开关_9组_53；站号2,16-bit Unsigned
9组_54号_开关设定,MODBUS RTU,6x,2#1834,单机开关：写1启动，写0停止；原昆仑变量:开关_9组_54；站号2,16-bit Unsigned
9组_55号_开关设定,MODBUS RTU,6x,2#1835,单机开关：写1启动，写0停止；原昆仑变量:开关_9组_55；站号2,16-bit Unsigned
9组_56号_开关设定,MODBUS RTU,6x,2#1836,单机开关：写1启动，写0停止；原昆仑变量:开关_9组_56；站号2,16-bit Unsigned
9组_57号_开关设定,MODBUS RTU,6x,2#1837,单机开关：写1启动，写0停止；原昆仑变量:开关_9组_57；站号2,16-bit Unsigned
9组_58号_开关设定,MODBUS RTU,6x,2#1838,单机开关：写1启动，写0停止；原昆仑变量:开关_9组_58；站号2,16-bit Unsigned
9组_59号_开关设定,MODBUS RTU,6x,2#1839,单机开关：写1启动，写0停止；原昆仑变量:开关_9组_59；站号2,16-bit Unsigned
9组_60号_开关设定,MODBUS RTU,6x,2#1840,单机开关：写1启动，写0停止；原昆仑变量:开关_9组_60；站号2,16-bit Unsigned
10组_01号_开关设定,MODBUS RTU,6x,2#1841,单机开关：写1启动，写0停止；原昆仑变量:开关_10组_01；站号2,16-bit Unsigned
10组_02号_开关设定,MODBUS RTU,6x,2#1842,单机开关：写1启动，写0停止；原昆仑变量:开关_10组_02；站号2,16-bit Unsigned
10组_03号_开关设定,MODBUS RTU,6x,2#1843,单机开关：写1启动，写0停止；原昆仑变量:开关_10组_03；站号2,16-bit Unsigned
10组_04号_开关设定,MODBUS RTU,6x,2#1844,单机开关：写1启动，写0停止；原昆仑变量:开关_10组_04；站号2,16-bit Unsigned
10组_05号_开关设定,MODBUS RTU,6x,2#1845,单机开关：写1启动，写0停止；原昆仑变量:开关_10组_05；站号2,16-bit Unsigned
10组_06号_开关设定,MODBUS RTU,6x,2#1846,单机开关：写1启动，写0停止；原昆仑变量:开关_10组_06；站号2,16-bit Unsigned
10组_07号_开关设定,MODBUS RTU,6x,2#1847,单机开关：写1启动，写0停止；原昆仑变量:开关_10组_07；站号2,16-bit Unsigned
10组_08号_开关设定,MODBUS RTU,6x,2#1848,单机开关：写1启动，写0停止；原昆仑变量:开关_10组_08；站号2,16-bit Unsigned
10组_09号_开关设定,MODBUS RTU,6x,2#1849,单机开关：写1启动，写0停止；原昆仑变量:开关_10组_09；站号2,16-bit Unsigned
10组_10号_开关设定,MODBUS RTU,6x,2#1850,单机开关：写1启动，写0停止；原昆仑变量:开关_10组_10；站号2,16-bit Unsigned
10组_11号_开关设定,MODBUS RTU,6x,2#1851,单机开关：写1启动，写0停止；原昆仑变量:开关_10组_11；站号2,16-bit Unsigned
10组_12号_开关设定,MODBUS RTU,6x,2#1852,单机开关：写1启动，写0停止；原昆仑变量:开关_10组_12；站号2,16-bit Unsigned
10组_13号_开关设定,MODBUS RTU,6x,2#1853,单机开关：写1启动，写0停止；原昆仑变量:开关_10组_13；站号2,16-bit Unsigned
10组_14号_开关设定,MODBUS RTU,6x,2#1854,单机开关：写1启动，写0停止；原昆仑变量:开关_10组_14；站号2,16-bit Unsigned
10组_15号_开关设定,MODBUS RTU,6x,2#1855,单机开关：写1启动，写0停止；原昆仑变量:开关_10组_15；站号2,16-bit Unsigned
10组_16号_开关设定,MODBUS RTU,6x,2#1856,单机开关：写1启动，写0停止；原昆仑变量:开关_10组_16；站号2,16-bit Unsigned
10组_17号_开关设定,MODBUS RTU,6x,2#1857,单机开关：写1启动，写0停止；原昆仑变量:开关_10组_17；站号2,16-bit Unsigned
10组_18号_开关设定,MODBUS RTU,6x,2#1858,单机开关：写1启动，写0停止；原昆仑变量:开关_10组_18；站号2,16-bit Unsigned
10组_19号_开关设定,MODBUS RTU,6x,2#1859,单机开关：写1启动，写0停止；原昆仑变量:开关_10组_19；站号2,16-bit Unsigned
10组_20号_开关设定,MODBUS RTU,6x,2#1860,单机开关：写1启动，写0停止；原昆仑变量:开关_10组_20；站号2,16-bit Unsigned
10组_21号_开关设定,MODBUS RTU,6x,2#1861,单机开关：写1启动，写0停止；原昆仑变量:开关_10组_21；站号2,16-bit Unsigned
10组_22号_开关设定,MODBUS RTU,6x,2#1862,单机开关：写1启动，写0停止；原昆仑变量:开关_10组_22；站号2,16-bit Unsigned
10组_23号_开关设定,MODBUS RTU,6x,2#1863,单机开关：写1启动，写0停止；原昆仑变量:开关_10组_23；站号2,16-bit Unsigned
10组_24号_开关设定,MODBUS RTU,6x,2#1864,单机开关：写1启动，写0停止；原昆仑变量:开关_10组_24；站号2,16-bit Unsigned
10组_25号_开关设定,MODBUS RTU,6x,2#1865,单机开关：写1启动，写0停止；原昆仑变量:开关_10组_25；站号2,16-bit Unsigned
10组_26号_开关设定,MODBUS RTU,6x,2#1866,单机开关：写1启动，写0停止；原昆仑变量:开关_10组_26；站号2,16-bit Unsigned
10组_27号_开关设定,MODBUS RTU,6x,2#1867,单机开关：写1启动，写0停止；原昆仑变量:开关_10组_27；站号2,16-bit Unsigned
10组_28号_开关设定,MODBUS RTU,6x,2#1868,单机开关：写1启动，写0停止；原昆仑变量:开关_10组_28；站号2,16-bit Unsigned
10组_29号_开关设定,MODBUS RTU,6x,2#1869,单机开关：写1启动，写0停止；原昆仑变量:开关_10组_29；站号2,16-bit Unsigned
10组_30号_开关设定,MODBUS RTU,6x,2#1870,单机开关：写1启动，写0停止；原昆仑变量:开关_10组_30；站号2,16-bit Unsigned
10组_31号_开关设定,MODBUS RTU,6x,2#1871,单机开关：写1启动，写0停止；原昆仑变量:开关_10组_31；站号2,16-bit Unsigned
10组_32号_开关设定,MODBUS RTU,6x,2#1872,单机开关：写1启动，写0停止；原昆仑变量:开关_10组_32；站号2,16-bit Unsigned
10组_33号_开关设定,MODBUS RTU,6x,2#1873,单机开关：写1启动，写0停止；原昆仑变量:开关_10组_33；站号2,16-bit Unsigned
10组_34号_开关设定,MODBUS RTU,6x,2#1874,单机开关：写1启动，写0停止；原昆仑变量:开关_10组_34；站号2,16-bit Unsigned
10组_35号_开关设定,MODBUS RTU,6x,2#1875,单机开关：写1启动，写0停止；原昆仑变量:开关_10组_35；站号2,16-bit Unsigned
10组_36号_开关设定,MODBUS RTU,6x,2#1876,单机开关：写1启动，写0停止；原昆仑变量:开关_10组_36；站号2,16-bit Unsigned
10组_37号_开关设定,MODBUS RTU,6x,2#1877,单机开关：写1启动，写0停止；原昆仑变量:开关_10组_37；站号2,16-bit Unsigned
10组_38号_开关设定,MODBUS RTU,6x,2#1878,单机开关：写1启动，写0停止；原昆仑变量:开关_10组_38；站号2,16-bit Unsigned
10组_39号_开关设定,MODBUS RTU,6x,2#1879,单机开关：写1启动，写0停止；原昆仑变量:开关_10组_39；站号2,16-bit Unsigned
10组_40号_开关设定,MODBUS RTU,6x,2#1880,单机开关：写1启动，写0停止；原昆仑变量:开关_10组_40；站号2,16-bit Unsigned
10组_41号_开关设定,MODBUS RTU,6x,2#1881,单机开关：写1启动，写0停止；原昆仑变量:开关_10组_41；站号2,16-bit Unsigned
10组_42号_开关设定,MODBUS RTU,6x,2#1882,单机开关：写1启动，写0停止；原昆仑变量:开关_10组_42；站号2,16-bit Unsigned
10组_43号_开关设定,MODBUS RTU,6x,2#1883,单机开关：写1启动，写0停止；原昆仑变量:开关_10组_43；站号2,16-bit Unsigned
10组_44号_开关设定,MODBUS RTU,6x,2#1884,单机开关：写1启动，写0停止；原昆仑变量:开关_10组_44；站号2,16-bit Unsigned
10组_45号_开关设定,MODBUS RTU,6x,2#1885,单机开关：写1启动，写0停止；原昆仑变量:开关_10组_45；站号2,16-bit Unsigned
10组_46号_开关设定,MODBUS RTU,6x,2#1886,单机开关：写1启动，写0停止；原昆仑变量:开关_10组_46；站号2,16-bit Unsigned
10组_47号_开关设定,MODBUS RTU,6x,2#1887,单机开关：写1启动，写0停止；原昆仑变量:开关_10组_47；站号2,16-bit Unsigned
10组_48号_开关设定,MODBUS RTU,6x,2#1888,单机开关：写1启动，写0停止；原昆仑变量:开关_10组_48；站号2,16-bit Unsigned
10组_49号_开关设定,MODBUS RTU,6x,2#1889,单机开关：写1启动，写0停止；原昆仑变量:开关_10组_49；站号2,16-bit Unsigned
10组_50号_开关设定,MODBUS RTU,6x,2#1890,单机开关：写1启动，写0停止；原昆仑变量:开关_10组_50；站号2,16-bit Unsigned
10组_51号_开关设定,MODBUS RTU,6x,2#1891,单机开关：写1启动，写0停止；原昆仑变量:开关_10组_51；站号2,16-bit Unsigned
10组_52号_开关设定,MODBUS RTU,6x,2#1892,单机开关：写1启动，写0停止；原昆仑变量:开关_10组_52；站号2,16-bit Unsigned
10组_53号_开关设定,MODBUS RTU,6x,2#1893,单机开关：写1启动，写0停止；原昆仑变量:开关_10组_53；站号2,16-bit Unsigned
10组_54号_开关设定,MODBUS RTU,6x,2#1894,单机开关：写1启动，写0停止；原昆仑变量:开关_10组_54；站号2,16-bit Unsigned
10组_55号_开关设定,MODBUS RTU,6x,2#1895,单机开关：写1启动，写0停止；原昆仑变量:开关_10组_55；站号2,16-bit Unsigned
10组_56号_开关设定,MODBUS RTU,6x,2#1896,单机开关：写1启动，写0停止；原昆仑变量:开关_10组_56；站号2,16-bit Unsigned
10组_57号_开关设定,MODBUS RTU,6x,2#1897,单机开关：写1启动，写0停止；原昆仑变量:开关_10组_57；站号2,16-bit Unsigned
10组_58号_开关设定,MODBUS RTU,6x,2#1898,单机开关：写1启动，写0停止；原昆仑变量:开关_10组_58；站号2,16-bit Unsigned
10组_59号_开关设定,MODBUS RTU,6x,2#1899,单机开关：写1启动，写0停止；原昆仑变量:开关_10组_59；站号2,16-bit Unsigned
10组_60号_开关设定,MODBUS RTU,6x,2#1900,单机开关：写1启动，写0停止；原昆仑变量:开关_10组_60；站号2,16-bit Unsigned
6组_01号_运行时间,MODBUS RTU,4x,2#2001,运行时间数据；原昆仑变量:运行时间001；站号2,16-bit Unsigned
6组_02号_运行时间,MODBUS RTU,4x,2#2002,运行时间数据；原昆仑变量:运行时间002；站号2,16-bit Unsigned
6组_03号_运行时间,MODBUS RTU,4x,2#2003,运行时间数据；原昆仑变量:运行时间003；站号2,16-bit Unsigned
6组_04号_运行时间,MODBUS RTU,4x,2#2004,运行时间数据；原昆仑变量:运行时间004；站号2,16-bit Unsigned
6组_05号_运行时间,MODBUS RTU,4x,2#2005,运行时间数据；原昆仑变量:运行时间005；站号2,16-bit Unsigned
6组_06号_运行时间,MODBUS RTU,4x,2#2006,运行时间数据；原昆仑变量:运行时间006；站号2,16-bit Unsigned
6组_07号_运行时间,MODBUS RTU,4x,2#2007,运行时间数据；原昆仑变量:运行时间007；站号2,16-bit Unsigned
6组_08号_运行时间,MODBUS RTU,4x,2#2008,运行时间数据；原昆仑变量:运行时间008；站号2,16-bit Unsigned
6组_09号_运行时间,MODBUS RTU,4x,2#2009,运行时间数据；原昆仑变量:运行时间009；站号2,16-bit Unsigned
6组_10号_运行时间,MODBUS RTU,4x,2#2010,运行时间数据；原昆仑变量:运行时间010；站号2,16-bit Unsigned
6组_11号_运行时间,MODBUS RTU,4x,2#2011,运行时间数据；原昆仑变量:运行时间011；站号2,16-bit Unsigned
6组_12号_运行时间,MODBUS RTU,4x,2#2012,运行时间数据；原昆仑变量:运行时间012；站号2,16-bit Unsigned
6组_13号_运行时间,MODBUS RTU,4x,2#2013,运行时间数据；原昆仑变量:运行时间013；站号2,16-bit Unsigned
6组_14号_运行时间,MODBUS RTU,4x,2#2014,运行时间数据；原昆仑变量:运行时间014；站号2,16-bit Unsigned
6组_15号_运行时间,MODBUS RTU,4x,2#2015,运行时间数据；原昆仑变量:运行时间015；站号2,16-bit Unsigned
6组_16号_运行时间,MODBUS RTU,4x,2#2016,运行时间数据；原昆仑变量:运行时间016；站号2,16-bit Unsigned
6组_17号_运行时间,MODBUS RTU,4x,2#2017,运行时间数据；原昆仑变量:运行时间017；站号2,16-bit Unsigned
6组_18号_运行时间,MODBUS RTU,4x,2#2018,运行时间数据；原昆仑变量:运行时间018；站号2,16-bit Unsigned
6组_19号_运行时间,MODBUS RTU,4x,2#2019,运行时间数据；原昆仑变量:运行时间019；站号2,16-bit Unsigned
6组_20号_运行时间,MODBUS RTU,4x,2#2020,运行时间数据；原昆仑变量:运行时间020；站号2,16-bit Unsigned
6组_21号_运行时间,MODBUS RTU,4x,2#2021,运行时间数据；原昆仑变量:运行时间021；站号2,16-bit Unsigned
6组_22号_运行时间,MODBUS RTU,4x,2#2022,运行时间数据；原昆仑变量:运行时间022；站号2,16-bit Unsigned
6组_23号_运行时间,MODBUS RTU,4x,2#2023,运行时间数据；原昆仑变量:运行时间023；站号2,16-bit Unsigned
6组_24号_运行时间,MODBUS RTU,4x,2#2024,运行时间数据；原昆仑变量:运行时间024；站号2,16-bit Unsigned
6组_25号_运行时间,MODBUS RTU,4x,2#2025,运行时间数据；原昆仑变量:运行时间025；站号2,16-bit Unsigned
6组_26号_运行时间,MODBUS RTU,4x,2#2026,运行时间数据；原昆仑变量:运行时间026；站号2,16-bit Unsigned
6组_27号_运行时间,MODBUS RTU,4x,2#2027,运行时间数据；原昆仑变量:运行时间027；站号2,16-bit Unsigned
6组_28号_运行时间,MODBUS RTU,4x,2#2028,运行时间数据；原昆仑变量:运行时间028；站号2,16-bit Unsigned
6组_29号_运行时间,MODBUS RTU,4x,2#2029,运行时间数据；原昆仑变量:运行时间029；站号2,16-bit Unsigned
6组_30号_运行时间,MODBUS RTU,4x,2#2030,运行时间数据；原昆仑变量:运行时间030；站号2,16-bit Unsigned
6组_31号_运行时间,MODBUS RTU,4x,2#2031,运行时间数据；原昆仑变量:运行时间031；站号2,16-bit Unsigned
6组_32号_运行时间,MODBUS RTU,4x,2#2032,运行时间数据；原昆仑变量:运行时间032；站号2,16-bit Unsigned
6组_33号_运行时间,MODBUS RTU,4x,2#2033,运行时间数据；原昆仑变量:运行时间033；站号2,16-bit Unsigned
6组_34号_运行时间,MODBUS RTU,4x,2#2034,运行时间数据；原昆仑变量:运行时间034；站号2,16-bit Unsigned
6组_35号_运行时间,MODBUS RTU,4x,2#2035,运行时间数据；原昆仑变量:运行时间035；站号2,16-bit Unsigned
6组_36号_运行时间,MODBUS RTU,4x,2#2036,运行时间数据；原昆仑变量:运行时间036；站号2,16-bit Unsigned
6组_37号_运行时间,MODBUS RTU,4x,2#2037,运行时间数据；原昆仑变量:运行时间037；站号2,16-bit Unsigned
6组_38号_运行时间,MODBUS RTU,4x,2#2038,运行时间数据；原昆仑变量:运行时间038；站号2,16-bit Unsigned
6组_39号_运行时间,MODBUS RTU,4x,2#2039,运行时间数据；原昆仑变量:运行时间039；站号2,16-bit Unsigned
6组_40号_运行时间,MODBUS RTU,4x,2#2040,运行时间数据；原昆仑变量:运行时间040；站号2,16-bit Unsigned
6组_41号_运行时间,MODBUS RTU,4x,2#2041,运行时间数据；原昆仑变量:运行时间041；站号2,16-bit Unsigned
6组_42号_运行时间,MODBUS RTU,4x,2#2042,运行时间数据；原昆仑变量:运行时间042；站号2,16-bit Unsigned
6组_43号_运行时间,MODBUS RTU,4x,2#2043,运行时间数据；原昆仑变量:运行时间043；站号2,16-bit Unsigned
6组_44号_运行时间,MODBUS RTU,4x,2#2044,运行时间数据；原昆仑变量:运行时间044；站号2,16-bit Unsigned
6组_45号_运行时间,MODBUS RTU,4x,2#2045,运行时间数据；原昆仑变量:运行时间045；站号2,16-bit Unsigned
6组_46号_运行时间,MODBUS RTU,4x,2#2046,运行时间数据；原昆仑变量:运行时间046；站号2,16-bit Unsigned
6组_47号_运行时间,MODBUS RTU,4x,2#2047,运行时间数据；原昆仑变量:运行时间047；站号2,16-bit Unsigned
6组_48号_运行时间,MODBUS RTU,4x,2#2048,运行时间数据；原昆仑变量:运行时间048；站号2,16-bit Unsigned
6组_49号_运行时间,MODBUS RTU,4x,2#2049,运行时间数据；原昆仑变量:运行时间049；站号2,16-bit Unsigned
6组_50号_运行时间,MODBUS RTU,4x,2#2050,运行时间数据；原昆仑变量:运行时间050；站号2,16-bit Unsigned
6组_51号_运行时间,MODBUS RTU,4x,2#2051,运行时间数据；原昆仑变量:运行时间051；站号2,16-bit Unsigned
6组_52号_运行时间,MODBUS RTU,4x,2#2052,运行时间数据；原昆仑变量:运行时间052；站号2,16-bit Unsigned
6组_53号_运行时间,MODBUS RTU,4x,2#2053,运行时间数据；原昆仑变量:运行时间053；站号2,16-bit Unsigned
6组_54号_运行时间,MODBUS RTU,4x,2#2054,运行时间数据；原昆仑变量:运行时间054；站号2,16-bit Unsigned
6组_55号_运行时间,MODBUS RTU,4x,2#2055,运行时间数据；原昆仑变量:运行时间055；站号2,16-bit Unsigned
6组_56号_运行时间,MODBUS RTU,4x,2#2056,运行时间数据；原昆仑变量:运行时间056；站号2,16-bit Unsigned
6组_57号_运行时间,MODBUS RTU,4x,2#2057,运行时间数据；原昆仑变量:运行时间057；站号2,16-bit Unsigned
6组_58号_运行时间,MODBUS RTU,4x,2#2058,运行时间数据；原昆仑变量:运行时间058；站号2,16-bit Unsigned
6组_59号_运行时间,MODBUS RTU,4x,2#2059,运行时间数据；原昆仑变量:运行时间059；站号2,16-bit Unsigned
6组_60号_运行时间,MODBUS RTU,4x,2#2060,运行时间数据；原昆仑变量:运行时间060；站号2,16-bit Unsigned
7组_01号_运行时间,MODBUS RTU,4x,2#2061,运行时间数据；原昆仑变量:运行时间061；站号2,16-bit Unsigned
7组_02号_运行时间,MODBUS RTU,4x,2#2062,运行时间数据；原昆仑变量:运行时间062；站号2,16-bit Unsigned
7组_03号_运行时间,MODBUS RTU,4x,2#2063,运行时间数据；原昆仑变量:运行时间063；站号2,16-bit Unsigned
7组_04号_运行时间,MODBUS RTU,4x,2#2064,运行时间数据；原昆仑变量:运行时间064；站号2,16-bit Unsigned
7组_05号_运行时间,MODBUS RTU,4x,2#2065,运行时间数据；原昆仑变量:运行时间065；站号2,16-bit Unsigned
7组_06号_运行时间,MODBUS RTU,4x,2#2066,运行时间数据；原昆仑变量:运行时间066；站号2,16-bit Unsigned
7组_07号_运行时间,MODBUS RTU,4x,2#2067,运行时间数据；原昆仑变量:运行时间067；站号2,16-bit Unsigned
7组_08号_运行时间,MODBUS RTU,4x,2#2068,运行时间数据；原昆仑变量:运行时间068；站号2,16-bit Unsigned
7组_09号_运行时间,MODBUS RTU,4x,2#2069,运行时间数据；原昆仑变量:运行时间069；站号2,16-bit Unsigned
7组_10号_运行时间,MODBUS RTU,4x,2#2070,运行时间数据；原昆仑变量:运行时间070；站号2,16-bit Unsigned
7组_11号_运行时间,MODBUS RTU,4x,2#2071,运行时间数据；原昆仑变量:运行时间071；站号2,16-bit Unsigned
7组_12号_运行时间,MODBUS RTU,4x,2#2072,运行时间数据；原昆仑变量:运行时间072；站号2,16-bit Unsigned
7组_13号_运行时间,MODBUS RTU,4x,2#2073,运行时间数据；原昆仑变量:运行时间073；站号2,16-bit Unsigned
7组_14号_运行时间,MODBUS RTU,4x,2#2074,运行时间数据；原昆仑变量:运行时间074；站号2,16-bit Unsigned
7组_15号_运行时间,MODBUS RTU,4x,2#2075,运行时间数据；原昆仑变量:运行时间075；站号2,16-bit Unsigned
7组_16号_运行时间,MODBUS RTU,4x,2#2076,运行时间数据；原昆仑变量:运行时间076；站号2,16-bit Unsigned
7组_17号_运行时间,MODBUS RTU,4x,2#2077,运行时间数据；原昆仑变量:运行时间077；站号2,16-bit Unsigned
7组_18号_运行时间,MODBUS RTU,4x,2#2078,运行时间数据；原昆仑变量:运行时间078；站号2,16-bit Unsigned
7组_19号_运行时间,MODBUS RTU,4x,2#2079,运行时间数据；原昆仑变量:运行时间079；站号2,16-bit Unsigned
7组_20号_运行时间,MODBUS RTU,4x,2#2080,运行时间数据；原昆仑变量:运行时间080；站号2,16-bit Unsigned
7组_21号_运行时间,MODBUS RTU,4x,2#2081,运行时间数据；原昆仑变量:运行时间081；站号2,16-bit Unsigned
7组_22号_运行时间,MODBUS RTU,4x,2#2082,运行时间数据；原昆仑变量:运行时间082；站号2,16-bit Unsigned
7组_23号_运行时间,MODBUS RTU,4x,2#2083,运行时间数据；原昆仑变量:运行时间083；站号2,16-bit Unsigned
7组_24号_运行时间,MODBUS RTU,4x,2#2084,运行时间数据；原昆仑变量:运行时间084；站号2,16-bit Unsigned
7组_25号_运行时间,MODBUS RTU,4x,2#2085,运行时间数据；原昆仑变量:运行时间085；站号2,16-bit Unsigned
7组_26号_运行时间,MODBUS RTU,4x,2#2086,运行时间数据；原昆仑变量:运行时间086；站号2,16-bit Unsigned
7组_27号_运行时间,MODBUS RTU,4x,2#2087,运行时间数据；原昆仑变量:运行时间087；站号2,16-bit Unsigned
7组_28号_运行时间,MODBUS RTU,4x,2#2088,运行时间数据；原昆仑变量:运行时间088；站号2,16-bit Unsigned
7组_29号_运行时间,MODBUS RTU,4x,2#2089,运行时间数据；原昆仑变量:运行时间089；站号2,16-bit Unsigned
7组_30号_运行时间,MODBUS RTU,4x,2#2090,运行时间数据；原昆仑变量:运行时间090；站号2,16-bit Unsigned
7组_31号_运行时间,MODBUS RTU,4x,2#2091,运行时间数据；原昆仑变量:运行时间091；站号2,16-bit Unsigned
7组_32号_运行时间,MODBUS RTU,4x,2#2092,运行时间数据；原昆仑变量:运行时间092；站号2,16-bit Unsigned
7组_33号_运行时间,MODBUS RTU,4x,2#2093,运行时间数据；原昆仑变量:运行时间093；站号2,16-bit Unsigned
7组_34号_运行时间,MODBUS RTU,4x,2#2094,运行时间数据；原昆仑变量:运行时间094；站号2,16-bit Unsigned
7组_35号_运行时间,MODBUS RTU,4x,2#2095,运行时间数据；原昆仑变量:运行时间095；站号2,16-bit Unsigned
7组_36号_运行时间,MODBUS RTU,4x,2#2096,运行时间数据；原昆仑变量:运行时间096；站号2,16-bit Unsigned
7组_37号_运行时间,MODBUS RTU,4x,2#2097,运行时间数据；原昆仑变量:运行时间097；站号2,16-bit Unsigned
7组_38号_运行时间,MODBUS RTU,4x,2#2098,运行时间数据；原昆仑变量:运行时间098；站号2,16-bit Unsigned
7组_39号_运行时间,MODBUS RTU,4x,2#2099,运行时间数据；原昆仑变量:运行时间099；站号2,16-bit Unsigned
7组_40号_运行时间,MODBUS RTU,4x,2#2100,运行时间数据；原昆仑变量:运行时间100；站号2,16-bit Unsigned
7组_41号_运行时间,MODBUS RTU,4x,2#2101,运行时间数据；原昆仑变量:运行时间101；站号2,16-bit Unsigned
7组_42号_运行时间,MODBUS RTU,4x,2#2102,运行时间数据；原昆仑变量:运行时间102；站号2,16-bit Unsigned
7组_43号_运行时间,MODBUS RTU,4x,2#2103,运行时间数据；原昆仑变量:运行时间103；站号2,16-bit Unsigned
7组_44号_运行时间,MODBUS RTU,4x,2#2104,运行时间数据；原昆仑变量:运行时间104；站号2,16-bit Unsigned
7组_45号_运行时间,MODBUS RTU,4x,2#2105,运行时间数据；原昆仑变量:运行时间105；站号2,16-bit Unsigned
7组_46号_运行时间,MODBUS RTU,4x,2#2106,运行时间数据；原昆仑变量:运行时间106；站号2,16-bit Unsigned
7组_47号_运行时间,MODBUS RTU,4x,2#2107,运行时间数据；原昆仑变量:运行时间107；站号2,16-bit Unsigned
7组_48号_运行时间,MODBUS RTU,4x,2#2108,运行时间数据；原昆仑变量:运行时间108；站号2,16-bit Unsigned
7组_49号_运行时间,MODBUS RTU,4x,2#2109,运行时间数据；原昆仑变量:运行时间109；站号2,16-bit Unsigned
7组_50号_运行时间,MODBUS RTU,4x,2#2110,运行时间数据；原昆仑变量:运行时间110；站号2,16-bit Unsigned
7组_51号_运行时间,MODBUS RTU,4x,2#2111,运行时间数据；原昆仑变量:运行时间111；站号2,16-bit Unsigned
7组_52号_运行时间,MODBUS RTU,4x,2#2112,运行时间数据；原昆仑变量:运行时间112；站号2,16-bit Unsigned
7组_53号_运行时间,MODBUS RTU,4x,2#2113,运行时间数据；原昆仑变量:运行时间113；站号2,16-bit Unsigned
7组_54号_运行时间,MODBUS RTU,4x,2#2114,运行时间数据；原昆仑变量:运行时间114；站号2,16-bit Unsigned
7组_55号_运行时间,MODBUS RTU,4x,2#2115,运行时间数据；原昆仑变量:运行时间115；站号2,16-bit Unsigned
7组_56号_运行时间,MODBUS RTU,4x,2#2116,运行时间数据；原昆仑变量:运行时间116；站号2,16-bit Unsigned
7组_57号_运行时间,MODBUS RTU,4x,2#2117,运行时间数据；原昆仑变量:运行时间117；站号2,16-bit Unsigned
7组_58号_运行时间,MODBUS RTU,4x,2#2118,运行时间数据；原昆仑变量:运行时间118；站号2,16-bit Unsigned
7组_59号_运行时间,MODBUS RTU,4x,2#2119,运行时间数据；原昆仑变量:运行时间119；站号2,16-bit Unsigned
7组_60号_运行时间,MODBUS RTU,4x,2#2120,运行时间数据；原昆仑变量:运行时间120；站号2,16-bit Unsigned
8组_01号_运行时间,MODBUS RTU,4x,2#2121,运行时间数据；原昆仑变量:运行时间121；站号2,16-bit Unsigned
8组_02号_运行时间,MODBUS RTU,4x,2#2122,运行时间数据；原昆仑变量:运行时间122；站号2,16-bit Unsigned
8组_03号_运行时间,MODBUS RTU,4x,2#2123,运行时间数据；原昆仑变量:运行时间123；站号2,16-bit Unsigned
8组_04号_运行时间,MODBUS RTU,4x,2#2124,运行时间数据；原昆仑变量:运行时间124；站号2,16-bit Unsigned
8组_05号_运行时间,MODBUS RTU,4x,2#2125,运行时间数据；原昆仑变量:运行时间125；站号2,16-bit Unsigned
8组_06号_运行时间,MODBUS RTU,4x,2#2126,运行时间数据；原昆仑变量:运行时间126；站号2,16-bit Unsigned
8组_07号_运行时间,MODBUS RTU,4x,2#2127,运行时间数据；原昆仑变量:运行时间127；站号2,16-bit Unsigned
8组_08号_运行时间,MODBUS RTU,4x,2#2128,运行时间数据；原昆仑变量:运行时间128；站号2,16-bit Unsigned
8组_09号_运行时间,MODBUS RTU,4x,2#2129,运行时间数据；原昆仑变量:运行时间129；站号2,16-bit Unsigned
8组_10号_运行时间,MODBUS RTU,4x,2#2130,运行时间数据；原昆仑变量:运行时间130；站号2,16-bit Unsigned
8组_11号_运行时间,MODBUS RTU,4x,2#2131,运行时间数据；原昆仑变量:运行时间131；站号2,16-bit Unsigned
8组_12号_运行时间,MODBUS RTU,4x,2#2132,运行时间数据；原昆仑变量:运行时间132；站号2,16-bit Unsigned
8组_13号_运行时间,MODBUS RTU,4x,2#2133,运行时间数据；原昆仑变量:运行时间133；站号2,16-bit Unsigned
8组_14号_运行时间,MODBUS RTU,4x,2#2134,运行时间数据；原昆仑变量:运行时间134；站号2,16-bit Unsigned
8组_15号_运行时间,MODBUS RTU,4x,2#2135,运行时间数据；原昆仑变量:运行时间135；站号2,16-bit Unsigned
8组_16号_运行时间,MODBUS RTU,4x,2#2136,运行时间数据；原昆仑变量:运行时间136；站号2,16-bit Unsigned
8组_17号_运行时间,MODBUS RTU,4x,2#2137,运行时间数据；原昆仑变量:运行时间137；站号2,16-bit Unsigned
8组_18号_运行时间,MODBUS RTU,4x,2#2138,运行时间数据；原昆仑变量:运行时间138；站号2,16-bit Unsigned
8组_19号_运行时间,MODBUS RTU,4x,2#2139,运行时间数据；原昆仑变量:运行时间139；站号2,16-bit Unsigned
8组_20号_运行时间,MODBUS RTU,4x,2#2140,运行时间数据；原昆仑变量:运行时间140；站号2,16-bit Unsigned
8组_21号_运行时间,MODBUS RTU,4x,2#2141,运行时间数据；原昆仑变量:运行时间141；站号2,16-bit Unsigned
8组_22号_运行时间,MODBUS RTU,4x,2#2142,运行时间数据；原昆仑变量:运行时间142；站号2,16-bit Unsigned
8组_23号_运行时间,MODBUS RTU,4x,2#2143,运行时间数据；原昆仑变量:运行时间143；站号2,16-bit Unsigned
8组_24号_运行时间,MODBUS RTU,4x,2#2144,运行时间数据；原昆仑变量:运行时间144；站号2,16-bit Unsigned
8组_25号_运行时间,MODBUS RTU,4x,2#2145,运行时间数据；原昆仑变量:运行时间145；站号2,16-bit Unsigned
8组_26号_运行时间,MODBUS RTU,4x,2#2146,运行时间数据；原昆仑变量:运行时间146；站号2,16-bit Unsigned
8组_27号_运行时间,MODBUS RTU,4x,2#2147,运行时间数据；原昆仑变量:运行时间147；站号2,16-bit Unsigned
8组_28号_运行时间,MODBUS RTU,4x,2#2148,运行时间数据；原昆仑变量:运行时间148；站号2,16-bit Unsigned
8组_29号_运行时间,MODBUS RTU,4x,2#2149,运行时间数据；原昆仑变量:运行时间149；站号2,16-bit Unsigned
8组_30号_运行时间,MODBUS RTU,4x,2#2150,运行时间数据；原昆仑变量:运行时间150；站号2,16-bit Unsigned
8组_31号_运行时间,MODBUS RTU,4x,2#2151,运行时间数据；原昆仑变量:运行时间151；站号2,16-bit Unsigned
8组_32号_运行时间,MODBUS RTU,4x,2#2152,运行时间数据；原昆仑变量:运行时间152；站号2,16-bit Unsigned
8组_33号_运行时间,MODBUS RTU,4x,2#2153,运行时间数据；原昆仑变量:运行时间153；站号2,16-bit Unsigned
8组_34号_运行时间,MODBUS RTU,4x,2#2154,运行时间数据；原昆仑变量:运行时间154；站号2,16-bit Unsigned
8组_35号_运行时间,MODBUS RTU,4x,2#2155,运行时间数据；原昆仑变量:运行时间155；站号2,16-bit Unsigned
8组_36号_运行时间,MODBUS RTU,4x,2#2156,运行时间数据；原昆仑变量:运行时间156；站号2,16-bit Unsigned
8组_37号_运行时间,MODBUS RTU,4x,2#2157,运行时间数据；原昆仑变量:运行时间157；站号2,16-bit Unsigned
8组_38号_运行时间,MODBUS RTU,4x,2#2158,运行时间数据；原昆仑变量:运行时间158；站号2,16-bit Unsigned
8组_39号_运行时间,MODBUS RTU,4x,2#2159,运行时间数据；原昆仑变量:运行时间159；站号2,16-bit Unsigned
8组_40号_运行时间,MODBUS RTU,4x,2#2160,运行时间数据；原昆仑变量:运行时间160；站号2,16-bit Unsigned
8组_41号_运行时间,MODBUS RTU,4x,2#2161,运行时间数据；原昆仑变量:运行时间161；站号2,16-bit Unsigned
8组_42号_运行时间,MODBUS RTU,4x,2#2162,运行时间数据；原昆仑变量:运行时间162；站号2,16-bit Unsigned
8组_43号_运行时间,MODBUS RTU,4x,2#2163,运行时间数据；原昆仑变量:运行时间163；站号2,16-bit Unsigned
8组_44号_运行时间,MODBUS RTU,4x,2#2164,运行时间数据；原昆仑变量:运行时间164；站号2,16-bit Unsigned
8组_45号_运行时间,MODBUS RTU,4x,2#2165,运行时间数据；原昆仑变量:运行时间165；站号2,16-bit Unsigned
8组_46号_运行时间,MODBUS RTU,4x,2#2166,运行时间数据；原昆仑变量:运行时间166；站号2,16-bit Unsigned
8组_47号_运行时间,MODBUS RTU,4x,2#2167,运行时间数据；原昆仑变量:运行时间167；站号2,16-bit Unsigned
8组_48号_运行时间,MODBUS RTU,4x,2#2168,运行时间数据；原昆仑变量:运行时间168；站号2,16-bit Unsigned
8组_49号_运行时间,MODBUS RTU,4x,2#2169,运行时间数据；原昆仑变量:运行时间169；站号2,16-bit Unsigned
8组_50号_运行时间,MODBUS RTU,4x,2#2170,运行时间数据；原昆仑变量:运行时间170；站号2,16-bit Unsigned
8组_51号_运行时间,MODBUS RTU,4x,2#2171,运行时间数据；原昆仑变量:运行时间171；站号2,16-bit Unsigned
8组_52号_运行时间,MODBUS RTU,4x,2#2172,运行时间数据；原昆仑变量:运行时间172；站号2,16-bit Unsigned
8组_53号_运行时间,MODBUS RTU,4x,2#2173,运行时间数据；原昆仑变量:运行时间173；站号2,16-bit Unsigned
8组_54号_运行时间,MODBUS RTU,4x,2#2174,运行时间数据；原昆仑变量:运行时间174；站号2,16-bit Unsigned
8组_55号_运行时间,MODBUS RTU,4x,2#2175,运行时间数据；原昆仑变量:运行时间175；站号2,16-bit Unsigned
8组_56号_运行时间,MODBUS RTU,4x,2#2176,运行时间数据；原昆仑变量:运行时间176；站号2,16-bit Unsigned
8组_57号_运行时间,MODBUS RTU,4x,2#2177,运行时间数据；原昆仑变量:运行时间177；站号2,16-bit Unsigned
8组_58号_运行时间,MODBUS RTU,4x,2#2178,运行时间数据；原昆仑变量:运行时间178；站号2,16-bit Unsigned
8组_59号_运行时间,MODBUS RTU,4x,2#2179,运行时间数据；原昆仑变量:运行时间179；站号2,16-bit Unsigned
8组_60号_运行时间,MODBUS RTU,4x,2#2180,运行时间数据；原昆仑变量:运行时间180；站号2,16-bit Unsigned
9组_01号_运行时间,MODBUS RTU,4x,2#2181,运行时间数据；原昆仑变量:运行时间181；站号2,16-bit Unsigned
9组_02号_运行时间,MODBUS RTU,4x,2#2182,运行时间数据；原昆仑变量:运行时间182；站号2,16-bit Unsigned
9组_03号_运行时间,MODBUS RTU,4x,2#2183,运行时间数据；原昆仑变量:运行时间183；站号2,16-bit Unsigned
9组_04号_运行时间,MODBUS RTU,4x,2#2184,运行时间数据；原昆仑变量:运行时间184；站号2,16-bit Unsigned
9组_05号_运行时间,MODBUS RTU,4x,2#2185,运行时间数据；原昆仑变量:运行时间185；站号2,16-bit Unsigned
9组_06号_运行时间,MODBUS RTU,4x,2#2186,运行时间数据；原昆仑变量:运行时间186；站号2,16-bit Unsigned
9组_07号_运行时间,MODBUS RTU,4x,2#2187,运行时间数据；原昆仑变量:运行时间187；站号2,16-bit Unsigned
9组_08号_运行时间,MODBUS RTU,4x,2#2188,运行时间数据；原昆仑变量:运行时间188；站号2,16-bit Unsigned
9组_09号_运行时间,MODBUS RTU,4x,2#2189,运行时间数据；原昆仑变量:运行时间189；站号2,16-bit Unsigned
9组_10号_运行时间,MODBUS RTU,4x,2#2190,运行时间数据；原昆仑变量:运行时间190；站号2,16-bit Unsigned
9组_11号_运行时间,MODBUS RTU,4x,2#2191,运行时间数据；原昆仑变量:运行时间191；站号2,16-bit Unsigned
9组_12号_运行时间,MODBUS RTU,4x,2#2192,运行时间数据；原昆仑变量:运行时间192；站号2,16-bit Unsigned
9组_13号_运行时间,MODBUS RTU,4x,2#2193,运行时间数据；原昆仑变量:运行时间193；站号2,16-bit Unsigned
9组_14号_运行时间,MODBUS RTU,4x,2#2194,运行时间数据；原昆仑变量:运行时间194；站号2,16-bit Unsigned
9组_15号_运行时间,MODBUS RTU,4x,2#2195,运行时间数据；原昆仑变量:运行时间195；站号2,16-bit Unsigned
9组_16号_运行时间,MODBUS RTU,4x,2#2196,运行时间数据；原昆仑变量:运行时间196；站号2,16-bit Unsigned
9组_17号_运行时间,MODBUS RTU,4x,2#2197,运行时间数据；原昆仑变量:运行时间197；站号2,16-bit Unsigned
9组_18号_运行时间,MODBUS RTU,4x,2#2198,运行时间数据；原昆仑变量:运行时间198；站号2,16-bit Unsigned
9组_19号_运行时间,MODBUS RTU,4x,2#2199,运行时间数据；原昆仑变量:运行时间199；站号2,16-bit Unsigned
9组_20号_运行时间,MODBUS RTU,4x,2#2200,运行时间数据；原昆仑变量:运行时间200；站号2,16-bit Unsigned
9组_21号_运行时间,MODBUS RTU,4x,2#2201,运行时间数据；原昆仑变量:运行时间201；站号2,16-bit Unsigned
9组_22号_运行时间,MODBUS RTU,4x,2#2202,运行时间数据；原昆仑变量:运行时间202；站号2,16-bit Unsigned
9组_23号_运行时间,MODBUS RTU,4x,2#2203,运行时间数据；原昆仑变量:运行时间203；站号2,16-bit Unsigned
9组_24号_运行时间,MODBUS RTU,4x,2#2204,运行时间数据；原昆仑变量:运行时间204；站号2,16-bit Unsigned
9组_25号_运行时间,MODBUS RTU,4x,2#2205,运行时间数据；原昆仑变量:运行时间205；站号2,16-bit Unsigned
9组_26号_运行时间,MODBUS RTU,4x,2#2206,运行时间数据；原昆仑变量:运行时间206；站号2,16-bit Unsigned
9组_27号_运行时间,MODBUS RTU,4x,2#2207,运行时间数据；原昆仑变量:运行时间207；站号2,16-bit Unsigned
9组_28号_运行时间,MODBUS RTU,4x,2#2208,运行时间数据；原昆仑变量:运行时间208；站号2,16-bit Unsigned
9组_29号_运行时间,MODBUS RTU,4x,2#2209,运行时间数据；原昆仑变量:运行时间209；站号2,16-bit Unsigned
9组_30号_运行时间,MODBUS RTU,4x,2#2210,运行时间数据；原昆仑变量:运行时间210；站号2,16-bit Unsigned
9组_31号_运行时间,MODBUS RTU,4x,2#2211,运行时间数据；原昆仑变量:运行时间211；站号2,16-bit Unsigned
9组_32号_运行时间,MODBUS RTU,4x,2#2212,运行时间数据；原昆仑变量:运行时间212；站号2,16-bit Unsigned
9组_33号_运行时间,MODBUS RTU,4x,2#2213,运行时间数据；原昆仑变量:运行时间213；站号2,16-bit Unsigned
9组_34号_运行时间,MODBUS RTU,4x,2#2214,运行时间数据；原昆仑变量:运行时间214；站号2,16-bit Unsigned
9组_35号_运行时间,MODBUS RTU,4x,2#2215,运行时间数据；原昆仑变量:运行时间215；站号2,16-bit Unsigned
9组_36号_运行时间,MODBUS RTU,4x,2#2216,运行时间数据；原昆仑变量:运行时间216；站号2,16-bit Unsigned
9组_37号_运行时间,MODBUS RTU,4x,2#2217,运行时间数据；原昆仑变量:运行时间217；站号2,16-bit Unsigned
9组_38号_运行时间,MODBUS RTU,4x,2#2218,运行时间数据；原昆仑变量:运行时间218；站号2,16-bit Unsigned
9组_39号_运行时间,MODBUS RTU,4x,2#2219,运行时间数据；原昆仑变量:运行时间219；站号2,16-bit Unsigned
9组_40号_运行时间,MODBUS RTU,4x,2#2220,运行时间数据；原昆仑变量:运行时间220；站号2,16-bit Unsigned
9组_41号_运行时间,MODBUS RTU,4x,2#2221,运行时间数据；原昆仑变量:运行时间221；站号2,16-bit Unsigned
9组_42号_运行时间,MODBUS RTU,4x,2#2222,运行时间数据；原昆仑变量:运行时间222；站号2,16-bit Unsigned
9组_43号_运行时间,MODBUS RTU,4x,2#2223,运行时间数据；原昆仑变量:运行时间223；站号2,16-bit Unsigned
9组_44号_运行时间,MODBUS RTU,4x,2#2224,运行时间数据；原昆仑变量:运行时间224；站号2,16-bit Unsigned
9组_45号_运行时间,MODBUS RTU,4x,2#2225,运行时间数据；原昆仑变量:运行时间225；站号2,16-bit Unsigned
9组_46号_运行时间,MODBUS RTU,4x,2#2226,运行时间数据；原昆仑变量:运行时间226；站号2,16-bit Unsigned
9组_47号_运行时间,MODBUS RTU,4x,2#2227,运行时间数据；原昆仑变量:运行时间227；站号2,16-bit Unsigned
9组_48号_运行时间,MODBUS RTU,4x,2#2228,运行时间数据；原昆仑变量:运行时间228；站号2,16-bit Unsigned
9组_49号_运行时间,MODBUS RTU,4x,2#2229,运行时间数据；原昆仑变量:运行时间229；站号2,16-bit Unsigned
9组_50号_运行时间,MODBUS RTU,4x,2#2230,运行时间数据；原昆仑变量:运行时间230；站号2,16-bit Unsigned
9组_51号_运行时间,MODBUS RTU,4x,2#2231,运行时间数据；原昆仑变量:运行时间231；站号2,16-bit Unsigned
9组_52号_运行时间,MODBUS RTU,4x,2#2232,运行时间数据；原昆仑变量:运行时间232；站号2,16-bit Unsigned
9组_53号_运行时间,MODBUS RTU,4x,2#2233,运行时间数据；原昆仑变量:运行时间233；站号2,16-bit Unsigned
9组_54号_运行时间,MODBUS RTU,4x,2#2234,运行时间数据；原昆仑变量:运行时间234；站号2,16-bit Unsigned
9组_55号_运行时间,MODBUS RTU,4x,2#2235,运行时间数据；原昆仑变量:运行时间235；站号2,16-bit Unsigned
9组_56号_运行时间,MODBUS RTU,4x,2#2236,运行时间数据；原昆仑变量:运行时间236；站号2,16-bit Unsigned
9组_57号_运行时间,MODBUS RTU,4x,2#2237,运行时间数据；原昆仑变量:运行时间237；站号2,16-bit Unsigned
9组_58号_运行时间,MODBUS RTU,4x,2#2238,运行时间数据；原昆仑变量:运行时间238；站号2,16-bit Unsigned
9组_59号_运行时间,MODBUS RTU,4x,2#2239,运行时间数据；原昆仑变量:运行时间239；站号2,16-bit Unsigned
9组_60号_运行时间,MODBUS RTU,4x,2#2240,运行时间数据；原昆仑变量:运行时间240；站号2,16-bit Unsigned
10组_01号_运行时间,MODBUS RTU,4x,2#2241,运行时间数据；原昆仑变量:运行时间241；站号2,16-bit Unsigned
10组_02号_运行时间,MODBUS RTU,4x,2#2242,运行时间数据；原昆仑变量:运行时间242；站号2,16-bit Unsigned
10组_03号_运行时间,MODBUS RTU,4x,2#2243,运行时间数据；原昆仑变量:运行时间243；站号2,16-bit Unsigned
10组_04号_运行时间,MODBUS RTU,4x,2#2244,运行时间数据；原昆仑变量:运行时间244；站号2,16-bit Unsigned
10组_05号_运行时间,MODBUS RTU,4x,2#2245,运行时间数据；原昆仑变量:运行时间245；站号2,16-bit Unsigned
10组_06号_运行时间,MODBUS RTU,4x,2#2246,运行时间数据；原昆仑变量:运行时间246；站号2,16-bit Unsigned
10组_07号_运行时间,MODBUS RTU,4x,2#2247,运行时间数据；原昆仑变量:运行时间247；站号2,16-bit Unsigned
10组_08号_运行时间,MODBUS RTU,4x,2#2248,运行时间数据；原昆仑变量:运行时间248；站号2,16-bit Unsigned
10组_09号_运行时间,MODBUS RTU,4x,2#2249,运行时间数据；原昆仑变量:运行时间249；站号2,16-bit Unsigned
10组_10号_运行时间,MODBUS RTU,4x,2#2250,运行时间数据；原昆仑变量:运行时间250；站号2,16-bit Unsigned
10组_11号_运行时间,MODBUS RTU,4x,2#2251,运行时间数据；原昆仑变量:运行时间251；站号2,16-bit Unsigned
10组_12号_运行时间,MODBUS RTU,4x,2#2252,运行时间数据；原昆仑变量:运行时间252；站号2,16-bit Unsigned
10组_13号_运行时间,MODBUS RTU,4x,2#2253,运行时间数据；原昆仑变量:运行时间253；站号2,16-bit Unsigned
10组_14号_运行时间,MODBUS RTU,4x,2#2254,运行时间数据；原昆仑变量:运行时间254；站号2,16-bit Unsigned
10组_15号_运行时间,MODBUS RTU,4x,2#2255,运行时间数据；原昆仑变量:运行时间255；站号2,16-bit Unsigned
10组_16号_运行时间,MODBUS RTU,4x,2#2256,运行时间数据；原昆仑变量:运行时间256；站号2,16-bit Unsigned
10组_17号_运行时间,MODBUS RTU,4x,2#2257,运行时间数据；原昆仑变量:运行时间257；站号2,16-bit Unsigned
10组_18号_运行时间,MODBUS RTU,4x,2#2258,运行时间数据；原昆仑变量:运行时间258；站号2,16-bit Unsigned
10组_19号_运行时间,MODBUS RTU,4x,2#2259,运行时间数据；原昆仑变量:运行时间259；站号2,16-bit Unsigned
10组_20号_运行时间,MODBUS RTU,4x,2#2260,运行时间数据；原昆仑变量:运行时间260；站号2,16-bit Unsigned
10组_21号_运行时间,MODBUS RTU,4x,2#2261,运行时间数据；原昆仑变量:运行时间261；站号2,16-bit Unsigned
10组_22号_运行时间,MODBUS RTU,4x,2#2262,运行时间数据；原昆仑变量:运行时间262；站号2,16-bit Unsigned
10组_23号_运行时间,MODBUS RTU,4x,2#2263,运行时间数据；原昆仑变量:运行时间263；站号2,16-bit Unsigned
10组_24号_运行时间,MODBUS RTU,4x,2#2264,运行时间数据；原昆仑变量:运行时间264；站号2,16-bit Unsigned
10组_25号_运行时间,MODBUS RTU,4x,2#2265,运行时间数据；原昆仑变量:运行时间265；站号2,16-bit Unsigned
10组_26号_运行时间,MODBUS RTU,4x,2#2266,运行时间数据；原昆仑变量:运行时间266；站号2,16-bit Unsigned
10组_27号_运行时间,MODBUS RTU,4x,2#2267,运行时间数据；原昆仑变量:运行时间267；站号2,16-bit Unsigned
10组_28号_运行时间,MODBUS RTU,4x,2#2268,运行时间数据；原昆仑变量:运行时间268；站号2,16-bit Unsigned
10组_29号_运行时间,MODBUS RTU,4x,2#2269,运行时间数据；原昆仑变量:运行时间269；站号2,16-bit Unsigned
10组_30号_运行时间,MODBUS RTU,4x,2#2270,运行时间数据；原昆仑变量:运行时间270；站号2,16-bit Unsigned
10组_31号_运行时间,MODBUS RTU,4x,2#2271,运行时间数据；原昆仑变量:运行时间271；站号2,16-bit Unsigned
10组_32号_运行时间,MODBUS RTU,4x,2#2272,运行时间数据；原昆仑变量:运行时间272；站号2,16-bit Unsigned
10组_33号_运行时间,MODBUS RTU,4x,2#2273,运行时间数据；原昆仑变量:运行时间273；站号2,16-bit Unsigned
10组_34号_运行时间,MODBUS RTU,4x,2#2274,运行时间数据；原昆仑变量:运行时间274；站号2,16-bit Unsigned
10组_35号_运行时间,MODBUS RTU,4x,2#2275,运行时间数据；原昆仑变量:运行时间275；站号2,16-bit Unsigned
10组_36号_运行时间,MODBUS RTU,4x,2#2276,运行时间数据；原昆仑变量:运行时间276；站号2,16-bit Unsigned
10组_37号_运行时间,MODBUS RTU,4x,2#2277,运行时间数据；原昆仑变量:运行时间277；站号2,16-bit Unsigned
10组_38号_运行时间,MODBUS RTU,4x,2#2278,运行时间数据；原昆仑变量:运行时间278；站号2,16-bit Unsigned
10组_39号_运行时间,MODBUS RTU,4x,2#2279,运行时间数据；原昆仑变量:运行时间279；站号2,16-bit Unsigned
10组_40号_运行时间,MODBUS RTU,4x,2#2280,运行时间数据；原昆仑变量:运行时间280；站号2,16-bit Unsigned
10组_41号_运行时间,MODBUS RTU,4x,2#2281,运行时间数据；原昆仑变量:运行时间281；站号2,16-bit Unsigned
10组_42号_运行时间,MODBUS RTU,4x,2#2282,运行时间数据；原昆仑变量:运行时间282；站号2,16-bit Unsigned
10组_43号_运行时间,MODBUS RTU,4x,2#2283,运行时间数据；原昆仑变量:运行时间283；站号2,16-bit Unsigned
10组_44号_运行时间,MODBUS RTU,4x,2#2284,运行时间数据；原昆仑变量:运行时间284；站号2,16-bit Unsigned
10组_45号_运行时间,MODBUS RTU,4x,2#2285,运行时间数据；原昆仑变量:运行时间285；站号2,16-bit Unsigned
10组_46号_运行时间,MODBUS RTU,4x,2#2286,运行时间数据；原昆仑变量:运行时间286；站号2,16-bit Unsigned
10组_47号_运行时间,MODBUS RTU,4x,2#2287,运行时间数据；原昆仑变量:运行时间287；站号2,16-bit Unsigned
10组_48号_运行时间,MODBUS RTU,4x,2#2288,运行时间数据；原昆仑变量:运行时间288；站号2,16-bit Unsigned
10组_49号_运行时间,MODBUS RTU,4x,2#2289,运行时间数据；原昆仑变量:运行时间289；站号2,16-bit Unsigned
10组_50号_运行时间,MODBUS RTU,4x,2#2290,运行时间数据；原昆仑变量:运行时间290；站号2,16-bit Unsigned
10组_51号_运行时间,MODBUS RTU,4x,2#2291,运行时间数据；原昆仑变量:运行时间291；站号2,16-bit Unsigned
10组_52号_运行时间,MODBUS RTU,4x,2#2292,运行时间数据；原昆仑变量:运行时间292；站号2,16-bit Unsigned
10组_53号_运行时间,MODBUS RTU,4x,2#2293,运行时间数据；原昆仑变量:运行时间293；站号2,16-bit Unsigned
10组_54号_运行时间,MODBUS RTU,4x,2#2294,运行时间数据；原昆仑变量:运行时间294；站号2,16-bit Unsigned
10组_55号_运行时间,MODBUS RTU,4x,2#2295,运行时间数据；原昆仑变量:运行时间295；站号2,16-bit Unsigned
10组_56号_运行时间,MODBUS RTU,4x,2#2296,运行时间数据；原昆仑变量:运行时间296；站号2,16-bit Unsigned
10组_57号_运行时间,MODBUS RTU,4x,2#2297,运行时间数据；原昆仑变量:运行时间297；站号2,16-bit Unsigned
10组_58号_运行时间,MODBUS RTU,4x,2#2298,运行时间数据；原昆仑变量:运行时间298；站号2,16-bit Unsigned
10组_59号_运行时间,MODBUS RTU,4x,2#2299,运行时间数据；原昆仑变量:运行时间299；站号2,16-bit Unsigned
10组_60号_运行时间,MODBUS RTU,4x,2#2300,运行时间数据；原昆仑变量:运行时间300；站号2,16-bit Unsigned
6组_01号_扩展数据A,MODBUS RTU,4x,2#2301,昆仑ModbusRTU迁移地址；原昆仑变量:设备0_读写4WUB2301；站号2,16-bit Unsigned
6组_02号_扩展数据A,MODBUS RTU,4x,2#2302,昆仑ModbusRTU迁移地址；原昆仑变量:设备0_读写4WUB2302；站号2,16-bit Unsigned
6组_03号_扩展数据A,MODBUS RTU,4x,2#2303,昆仑ModbusRTU迁移地址；原昆仑变量:设备0_读写4WUB2303；站号2,16-bit Unsigned
6组_04号_扩展数据A,MODBUS RTU,4x,2#2304,昆仑ModbusRTU迁移地址；原昆仑变量:设备0_读写4WUB2304；站号2,16-bit Unsigned
6组_05号_扩展数据A,MODBUS RTU,4x,2#2305,昆仑ModbusRTU迁移地址；原昆仑变量:设备0_读写4WUB2305；站号2,16-bit Unsigned
6组_06号_扩展数据A,MODBUS RTU,4x,2#2306,昆仑ModbusRTU迁移地址；原昆仑变量:设备0_读写4WUB2306；站号2,16-bit Unsigned
6组_07号_扩展数据A,MODBUS RTU,4x,2#2307,昆仑ModbusRTU迁移地址；原昆仑变量:设备0_读写4WUB2307；站号2,16-bit Unsigned
6组_08号_扩展数据A,MODBUS RTU,4x,2#2308,昆仑ModbusRTU迁移地址；原昆仑变量:设备0_读写4WUB2308；站号2,16-bit Unsigned
6组_09号_扩展数据A,MODBUS RTU,4x,2#2309,昆仑ModbusRTU迁移地址；原昆仑变量:设备0_读写4WUB2309；站号2,16-bit Unsigned
6组_10号_扩展数据A,MODBUS RTU,4x,2#2310,昆仑ModbusRTU迁移地址；原昆仑变量:设备0_读写4WUB2310；站号2,16-bit Unsigned
6组_11号_扩展数据A,MODBUS RTU,4x,2#2311,昆仑ModbusRTU迁移地址；原昆仑变量:设备0_读写4WUB2311；站号2,16-bit Unsigned
6组_12号_扩展数据A,MODBUS RTU,4x,2#2312,昆仑ModbusRTU迁移地址；原昆仑变量:设备0_读写4WUB2312；站号2,16-bit Unsigned
6组_13号_扩展数据A,MODBUS RTU,4x,2#2313,昆仑ModbusRTU迁移地址；原昆仑变量:设备0_读写4WUB2313；站号2,16-bit Unsigned
6组_14号_扩展数据A,MODBUS RTU,4x,2#2314,昆仑ModbusRTU迁移地址；原昆仑变量:设备0_读写4WUB2314；站号2,16-bit Unsigned
6组_15号_扩展数据A,MODBUS RTU,4x,2#2315,昆仑ModbusRTU迁移地址；原昆仑变量:设备0_读写4WUB2315；站号2,16-bit Unsigned
6组_16号_扩展数据A,MODBUS RTU,4x,2#2316,昆仑ModbusRTU迁移地址；原昆仑变量:设备0_读写4WUB2316；站号2,16-bit Unsigned
6组_17号_扩展数据A,MODBUS RTU,4x,2#2317,昆仑ModbusRTU迁移地址；原昆仑变量:设备0_读写4WUB2317；站号2,16-bit Unsigned
6组_18号_扩展数据A,MODBUS RTU,4x,2#2318,昆仑ModbusRTU迁移地址；原昆仑变量:设备0_读写4WUB2318；站号2,16-bit Unsigned
6组_19号_扩展数据A,MODBUS RTU,4x,2#2319,昆仑ModbusRTU迁移地址；原昆仑变量:设备0_读写4WUB2319；站号2,16-bit Unsigned
6组_20号_扩展数据A,MODBUS RTU,4x,2#2320,昆仑ModbusRTU迁移地址；原昆仑变量:设备0_读写4WUB2320；站号2,16-bit Unsigned
6组_21号_扩展数据A,MODBUS RTU,4x,2#2321,昆仑ModbusRTU迁移地址；原昆仑变量:设备0_读写4WUB2321；站号2,16-bit Unsigned
6组_22号_扩展数据A,MODBUS RTU,4x,2#2322,昆仑ModbusRTU迁移地址；原昆仑变量:设备0_读写4WUB2322；站号2,16-bit Unsigned
6组_23号_扩展数据A,MODBUS RTU,4x,2#2323,昆仑ModbusRTU迁移地址；原昆仑变量:设备0_读写4WUB2323；站号2,16-bit Unsigned
6组_24号_扩展数据A,MODBUS RTU,4x,2#2324,昆仑ModbusRTU迁移地址；原昆仑变量:设备0_读写4WUB2324；站号2,16-bit Unsigned
6组_25号_扩展数据A,MODBUS RTU,4x,2#2325,昆仑ModbusRTU迁移地址；原昆仑变量:设备0_读写4WUB2325；站号2,16-bit Unsigned
6组_26号_扩展数据A,MODBUS RTU,4x,2#2326,昆仑ModbusRTU迁移地址；原昆仑变量:设备0_读写4WUB2326；站号2,16-bit Unsigned
6组_27号_扩展数据A,MODBUS RTU,4x,2#2327,昆仑ModbusRTU迁移地址；原昆仑变量:设备0_读写4WUB2327；站号2,16-bit Unsigned
6组_28号_扩展数据A,MODBUS RTU,4x,2#2328,昆仑ModbusRTU迁移地址；原昆仑变量:设备0_读写4WUB2328；站号2,16-bit Unsigned
6组_29号_扩展数据A,MODBUS RTU,4x,2#2329,昆仑ModbusRTU迁移地址；原昆仑变量:设备0_读写4WUB2329；站号2,16-bit Unsigned
6组_30号_扩展数据A,MODBUS RTU,4x,2#2330,昆仑ModbusRTU迁移地址；原昆仑变量:设备0_读写4WUB2330；站号2,16-bit Unsigned
6组_31号_扩展数据A,MODBUS RTU,4x,2#2331,昆仑ModbusRTU迁移地址；原昆仑变量:设备0_读写4WUB2331；站号2,16-bit Unsigned
6组_32号_扩展数据A,MODBUS RTU,4x,2#2332,昆仑ModbusRTU迁移地址；原昆仑变量:设备0_读写4WUB2332；站号2,16-bit Unsigned
6组_33号_扩展数据A,MODBUS RTU,4x,2#2333,昆仑ModbusRTU迁移地址；原昆仑变量:设备0_读写4WUB2333；站号2,16-bit Unsigned
6组_34号_扩展数据A,MODBUS RTU,4x,2#2334,昆仑ModbusRTU迁移地址；原昆仑变量:设备0_读写4WUB2334；站号2,16-bit Unsigned
6组_35号_扩展数据A,MODBUS RTU,4x,2#2335,昆仑ModbusRTU迁移地址；原昆仑变量:设备0_读写4WUB2335；站号2,16-bit Unsigned
6组_36号_扩展数据A,MODBUS RTU,4x,2#2336,昆仑ModbusRTU迁移地址；原昆仑变量:设备0_读写4WUB2336；站号2,16-bit Unsigned
6组_37号_扩展数据A,MODBUS RTU,4x,2#2337,昆仑ModbusRTU迁移地址；原昆仑变量:设备0_读写4WUB2337；站号2,16-bit Unsigned
6组_38号_扩展数据A,MODBUS RTU,4x,2#2338,昆仑ModbusRTU迁移地址；原昆仑变量:设备0_读写4WUB2338；站号2,16-bit Unsigned
6组_39号_扩展数据A,MODBUS RTU,4x,2#2339,昆仑ModbusRTU迁移地址；原昆仑变量:设备0_读写4WUB2339；站号2,16-bit Unsigned
6组_40号_扩展数据A,MODBUS RTU,4x,2#2340,昆仑ModbusRTU迁移地址；原昆仑变量:设备0_读写4WUB2340；站号2,16-bit Unsigned
6组_41号_扩展数据A,MODBUS RTU,4x,2#2341,昆仑ModbusRTU迁移地址；原昆仑变量:设备0_读写4WUB2341；站号2,16-bit Unsigned
6组_42号_扩展数据A,MODBUS RTU,4x,2#2342,昆仑ModbusRTU迁移地址；原昆仑变量:设备0_读写4WUB2342；站号2,16-bit Unsigned
6组_43号_扩展数据A,MODBUS RTU,4x,2#2343,昆仑ModbusRTU迁移地址；原昆仑变量:设备0_读写4WUB2343；站号2,16-bit Unsigned
6组_44号_扩展数据A,MODBUS RTU,4x,2#2344,昆仑ModbusRTU迁移地址；原昆仑变量:设备0_读写4WUB2344；站号2,16-bit Unsigned
6组_45号_扩展数据A,MODBUS RTU,4x,2#2345,昆仑ModbusRTU迁移地址；原昆仑变量:设备0_读写4WUB2345；站号2,16-bit Unsigned
6组_46号_扩展数据A,MODBUS RTU,4x,2#2346,昆仑ModbusRTU迁移地址；原昆仑变量:设备0_读写4WUB2346；站号2,16-bit Unsigned
6组_47号_扩展数据A,MODBUS RTU,4x,2#2347,昆仑ModbusRTU迁移地址；原昆仑变量:设备0_读写4WUB2347；站号2,16-bit Unsigned
6组_48号_扩展数据A,MODBUS RTU,4x,2#2348,昆仑ModbusRTU迁移地址；原昆仑变量:设备0_读写4WUB2348；站号2,16-bit Unsigned
6组_49号_扩展数据A,MODBUS RTU,4x,2#2349,昆仑ModbusRTU迁移地址；原昆仑变量:设备0_读写4WUB2349；站号2,16-bit Unsigned
6组_50号_扩展数据A,MODBUS RTU,4x,2#2350,昆仑ModbusRTU迁移地址；原昆仑变量:设备0_读写4WUB2350；站号2,16-bit Unsigned
6组_51号_扩展数据A,MODBUS RTU,4x,2#2351,昆仑ModbusRTU迁移地址；原昆仑变量:设备0_读写4WUB2351；站号2,16-bit Unsigned
6组_52号_扩展数据A,MODBUS RTU,4x,2#2352,昆仑ModbusRTU迁移地址；原昆仑变量:设备0_读写4WUB2352；站号2,16-bit Unsigned
6组_53号_扩展数据A,MODBUS RTU,4x,2#2353,昆仑ModbusRTU迁移地址；原昆仑变量:设备0_读写4WUB2353；站号2,16-bit Unsigned
6组_54号_扩展数据A,MODBUS RTU,4x,2#2354,昆仑ModbusRTU迁移地址；原昆仑变量:设备0_读写4WUB2354；站号2,16-bit Unsigned
6组_55号_扩展数据A,MODBUS RTU,4x,2#2355,昆仑ModbusRTU迁移地址；原昆仑变量:设备0_读写4WUB2355；站号2,16-bit Unsigned
6组_56号_扩展数据A,MODBUS RTU,4x,2#2356,昆仑ModbusRTU迁移地址；原昆仑变量:设备0_读写4WUB2356；站号2,16-bit Unsigned
6组_57号_扩展数据A,MODBUS RTU,4x,2#2357,昆仑ModbusRTU迁移地址；原昆仑变量:设备0_读写4WUB2357；站号2,16-bit Unsigned
6组_58号_扩展数据A,MODBUS RTU,4x,2#2358,昆仑ModbusRTU迁移地址；原昆仑变量:设备0_读写4WUB2358；站号2,16-bit Unsigned
6组_59号_扩展数据A,MODBUS RTU,4x,2#2359,昆仑ModbusRTU迁移地址；原昆仑变量:设备0_读写4WUB2359；站号2,16-bit Unsigned
6组_60号_扩展数据A,MODBUS RTU,4x,2#2360,昆仑ModbusRTU迁移地址；原昆仑变量:设备0_读写4WUB2360；站号2,16-bit Unsigned
7组_01号_扩展数据A,MODBUS RTU,4x,2#2361,昆仑ModbusRTU迁移地址；原昆仑变量:设备0_读写4WUB2361；站号2,16-bit Unsigned
7组_02号_扩展数据A,MODBUS RTU,4x,2#2362,昆仑ModbusRTU迁移地址；原昆仑变量:设备0_读写4WUB2362；站号2,16-bit Unsigned
7组_03号_扩展数据A,MODBUS RTU,4x,2#2363,昆仑ModbusRTU迁移地址；原昆仑变量:设备0_读写4WUB2363；站号2,16-bit Unsigned
7组_04号_扩展数据A,MODBUS RTU,4x,2#2364,昆仑ModbusRTU迁移地址；原昆仑变量:设备0_读写4WUB2364；站号2,16-bit Unsigned
7组_05号_扩展数据A,MODBUS RTU,4x,2#2365,昆仑ModbusRTU迁移地址；原昆仑变量:设备0_读写4WUB2365；站号2,16-bit Unsigned
7组_06号_扩展数据A,MODBUS RTU,4x,2#2366,昆仑ModbusRTU迁移地址；原昆仑变量:设备0_读写4WUB2366；站号2,16-bit Unsigned
7组_07号_扩展数据A,MODBUS RTU,4x,2#2367,昆仑ModbusRTU迁移地址；原昆仑变量:设备0_读写4WUB2367；站号2,16-bit Unsigned
7组_08号_扩展数据A,MODBUS RTU,4x,2#2368,昆仑ModbusRTU迁移地址；原昆仑变量:设备0_读写4WUB2368；站号2,16-bit Unsigned
7组_09号_扩展数据A,MODBUS RTU,4x,2#2369,昆仑ModbusRTU迁移地址；原昆仑变量:设备0_读写4WUB2369；站号2,16-bit Unsigned
7组_10号_扩展数据A,MODBUS RTU,4x,2#2370,昆仑ModbusRTU迁移地址；原昆仑变量:设备0_读写4WUB2370；站号2,16-bit Unsigned
7组_11号_扩展数据A,MODBUS RTU,4x,2#2371,昆仑ModbusRTU迁移地址；原昆仑变量:设备0_读写4WUB2371；站号2,16-bit Unsigned
7组_12号_扩展数据A,MODBUS RTU,4x,2#2372,昆仑ModbusRTU迁移地址；原昆仑变量:设备0_读写4WUB2372；站号2,16-bit Unsigned
7组_13号_扩展数据A,MODBUS RTU,4x,2#2373,昆仑ModbusRTU迁移地址；原昆仑变量:设备0_读写4WUB2373；站号2,16-bit Unsigned
7组_14号_扩展数据A,MODBUS RTU,4x,2#2374,昆仑ModbusRTU迁移地址；原昆仑变量:设备0_读写4WUB2374；站号2,16-bit Unsigned
7组_15号_扩展数据A,MODBUS RTU,4x,2#2375,昆仑ModbusRTU迁移地址；原昆仑变量:设备0_读写4WUB2375；站号2,16-bit Unsigned
7组_16号_扩展数据A,MODBUS RTU,4x,2#2376,昆仑ModbusRTU迁移地址；原昆仑变量:设备0_读写4WUB2376；站号2,16-bit Unsigned
7组_17号_扩展数据A,MODBUS RTU,4x,2#2377,昆仑ModbusRTU迁移地址；原昆仑变量:设备0_读写4WUB2377；站号2,16-bit Unsigned
7组_18号_扩展数据A,MODBUS RTU,4x,2#2378,昆仑ModbusRTU迁移地址；原昆仑变量:设备0_读写4WUB2378；站号2,16-bit Unsigned
7组_19号_扩展数据A,MODBUS RTU,4x,2#2379,昆仑ModbusRTU迁移地址；原昆仑变量:设备0_读写4WUB2379；站号2,16-bit Unsigned
7组_20号_扩展数据A,MODBUS RTU,4x,2#2380,昆仑ModbusRTU迁移地址；原昆仑变量:设备0_读写4WUB2380；站号2,16-bit Unsigned
7组_21号_扩展数据A,MODBUS RTU,4x,2#2381,昆仑ModbusRTU迁移地址；原昆仑变量:设备0_读写4WUB2381；站号2,16-bit Unsigned
7组_22号_扩展数据A,MODBUS RTU,4x,2#2382,昆仑ModbusRTU迁移地址；原昆仑变量:设备0_读写4WUB2382；站号2,16-bit Unsigned
7组_23号_扩展数据A,MODBUS RTU,4x,2#2383,昆仑ModbusRTU迁移地址；原昆仑变量:设备0_读写4WUB2383；站号2,16-bit Unsigned
7组_24号_扩展数据A,MODBUS RTU,4x,2#2384,昆仑ModbusRTU迁移地址；原昆仑变量:设备0_读写4WUB2384；站号2,16-bit Unsigned
7组_25号_扩展数据A,MODBUS RTU,4x,2#2385,昆仑ModbusRTU迁移地址；原昆仑变量:设备0_读写4WUB2385；站号2,16-bit Unsigned
7组_26号_扩展数据A,MODBUS RTU,4x,2#2386,昆仑ModbusRTU迁移地址；原昆仑变量:设备0_读写4WUB2386；站号2,16-bit Unsigned
7组_27号_扩展数据A,MODBUS RTU,4x,2#2387,昆仑ModbusRTU迁移地址；原昆仑变量:设备0_读写4WUB2387；站号2,16-bit Unsigned
7组_28号_扩展数据A,MODBUS RTU,4x,2#2388,昆仑ModbusRTU迁移地址；原昆仑变量:设备0_读写4WUB2388；站号2,16-bit Unsigned
7组_29号_扩展数据A,MODBUS RTU,4x,2#2389,昆仑ModbusRTU迁移地址；原昆仑变量:设备0_读写4WUB2389；站号2,16-bit Unsigned
7组_30号_扩展数据A,MODBUS RTU,4x,2#2390,昆仑ModbusRTU迁移地址；原昆仑变量:设备0_读写4WUB2390；站号2,16-bit Unsigned
7组_31号_扩展数据A,MODBUS RTU,4x,2#2391,昆仑ModbusRTU迁移地址；原昆仑变量:设备0_读写4WUB2391；站号2,16-bit Unsigned
7组_32号_扩展数据A,MODBUS RTU,4x,2#2392,昆仑ModbusRTU迁移地址；原昆仑变量:设备0_读写4WUB2392；站号2,16-bit Unsigned
7组_33号_扩展数据A,MODBUS RTU,4x,2#2393,昆仑ModbusRTU迁移地址；原昆仑变量:设备0_读写4WUB2393；站号2,16-bit Unsigned
7组_34号_扩展数据A,MODBUS RTU,4x,2#2394,昆仑ModbusRTU迁移地址；原昆仑变量:设备0_读写4WUB2394；站号2,16-bit Unsigned
7组_35号_扩展数据A,MODBUS RTU,4x,2#2395,昆仑ModbusRTU迁移地址；原昆仑变量:设备0_读写4WUB2395；站号2,16-bit Unsigned
7组_36号_扩展数据A,MODBUS RTU,4x,2#2396,昆仑ModbusRTU迁移地址；原昆仑变量:设备0_读写4WUB2396；站号2,16-bit Unsigned
7组_37号_扩展数据A,MODBUS RTU,4x,2#2397,昆仑ModbusRTU迁移地址；原昆仑变量:设备0_读写4WUB2397；站号2,16-bit Unsigned
7组_38号_扩展数据A,MODBUS RTU,4x,2#2398,昆仑ModbusRTU迁移地址；原昆仑变量:设备0_读写4WUB2398；站号2,16-bit Unsigned
7组_39号_扩展数据A,MODBUS RTU,4x,2#2399,昆仑ModbusRTU迁移地址；原昆仑变量:设备0_读写4WUB2399；站号2,16-bit Unsigned
7组_40号_扩展数据A,MODBUS RTU,4x,2#2400,昆仑ModbusRTU迁移地址；原昆仑变量:设备0_读写4WUB2400；站号2,16-bit Unsigned
7组_41号_扩展数据A,MODBUS RTU,4x,2#2401,昆仑ModbusRTU迁移地址；原昆仑变量:设备0_读写4WUB2401；站号2,16-bit Unsigned
7组_42号_扩展数据A,MODBUS RTU,4x,2#2402,昆仑ModbusRTU迁移地址；原昆仑变量:设备0_读写4WUB2402；站号2,16-bit Unsigned
7组_43号_扩展数据A,MODBUS RTU,4x,2#2403,昆仑ModbusRTU迁移地址；原昆仑变量:设备0_读写4WUB2403；站号2,16-bit Unsigned
7组_44号_扩展数据A,MODBUS RTU,4x,2#2404,昆仑ModbusRTU迁移地址；原昆仑变量:设备0_读写4WUB2404；站号2,16-bit Unsigned
7组_45号_扩展数据A,MODBUS RTU,4x,2#2405,昆仑ModbusRTU迁移地址；原昆仑变量:设备0_读写4WUB2405；站号2,16-bit Unsigned
7组_46号_扩展数据A,MODBUS RTU,4x,2#2406,昆仑ModbusRTU迁移地址；原昆仑变量:设备0_读写4WUB2406；站号2,16-bit Unsigned
7组_47号_扩展数据A,MODBUS RTU,4x,2#2407,昆仑ModbusRTU迁移地址；原昆仑变量:设备0_读写4WUB2407；站号2,16-bit Unsigned
7组_48号_扩展数据A,MODBUS RTU,4x,2#2408,昆仑ModbusRTU迁移地址；原昆仑变量:设备0_读写4WUB2408；站号2,16-bit Unsigned
7组_49号_扩展数据A,MODBUS RTU,4x,2#2409,昆仑ModbusRTU迁移地址；原昆仑变量:设备0_读写4WUB2409；站号2,16-bit Unsigned
7组_50号_扩展数据A,MODBUS RTU,4x,2#2410,昆仑ModbusRTU迁移地址；原昆仑变量:设备0_读写4WUB2410；站号2,16-bit Unsigned
7组_51号_扩展数据A,MODBUS RTU,4x,2#2411,昆仑ModbusRTU迁移地址；原昆仑变量:设备0_读写4WUB2411；站号2,16-bit Unsigned
7组_52号_扩展数据A,MODBUS RTU,4x,2#2412,昆仑ModbusRTU迁移地址；原昆仑变量:设备0_读写4WUB2412；站号2,16-bit Unsigned
7组_53号_扩展数据A,MODBUS RTU,4x,2#2413,昆仑ModbusRTU迁移地址；原昆仑变量:设备0_读写4WUB2413；站号2,16-bit Unsigned
7组_54号_扩展数据A,MODBUS RTU,4x,2#2414,昆仑ModbusRTU迁移地址；原昆仑变量:设备0_读写4WUB2414；站号2,16-bit Unsigned
7组_55号_扩展数据A,MODBUS RTU,4x,2#2415,昆仑ModbusRTU迁移地址；原昆仑变量:设备0_读写4WUB2415；站号2,16-bit Unsigned
7组_56号_扩展数据A,MODBUS RTU,4x,2#2416,昆仑ModbusRTU迁移地址；原昆仑变量:设备0_读写4WUB2416；站号2,16-bit Unsigned
7组_57号_扩展数据A,MODBUS RTU,4x,2#2417,昆仑ModbusRTU迁移地址；原昆仑变量:设备0_读写4WUB2417；站号2,16-bit Unsigned
7组_58号_扩展数据A,MODBUS RTU,4x,2#2418,昆仑ModbusRTU迁移地址；原昆仑变量:设备0_读写4WUB2418；站号2,16-bit Unsigned
7组_59号_扩展数据A,MODBUS RTU,4x,2#2419,昆仑ModbusRTU迁移地址；原昆仑变量:设备0_读写4WUB2419；站号2,16-bit Unsigned
7组_60号_扩展数据A,MODBUS RTU,4x,2#2420,昆仑ModbusRTU迁移地址；原昆仑变量:设备0_读写4WUB2420；站号2,16-bit Unsigned
8组_01号_扩展数据A,MODBUS RTU,4x,2#2421,昆仑ModbusRTU迁移地址；原昆仑变量:设备0_读写4WUB2421；站号2,16-bit Unsigned
8组_02号_扩展数据A,MODBUS RTU,4x,2#2422,昆仑ModbusRTU迁移地址；原昆仑变量:设备0_读写4WUB2422；站号2,16-bit Unsigned
8组_03号_扩展数据A,MODBUS RTU,4x,2#2423,昆仑ModbusRTU迁移地址；原昆仑变量:设备0_读写4WUB2423；站号2,16-bit Unsigned
8组_04号_扩展数据A,MODBUS RTU,4x,2#2424,昆仑ModbusRTU迁移地址；原昆仑变量:设备0_读写4WUB2424；站号2,16-bit Unsigned
8组_05号_扩展数据A,MODBUS RTU,4x,2#2425,昆仑ModbusRTU迁移地址；原昆仑变量:设备0_读写4WUB2425；站号2,16-bit Unsigned
8组_06号_扩展数据A,MODBUS RTU,4x,2#2426,昆仑ModbusRTU迁移地址；原昆仑变量:设备0_读写4WUB2426；站号2,16-bit Unsigned
8组_07号_扩展数据A,MODBUS RTU,4x,2#2427,昆仑ModbusRTU迁移地址；原昆仑变量:设备0_读写4WUB2427；站号2,16-bit Unsigned
8组_08号_扩展数据A,MODBUS RTU,4x,2#2428,昆仑ModbusRTU迁移地址；原昆仑变量:设备0_读写4WUB2428；站号2,16-bit Unsigned
8组_09号_扩展数据A,MODBUS RTU,4x,2#2429,昆仑ModbusRTU迁移地址；原昆仑变量:设备0_读写4WUB2429；站号2,16-bit Unsigned
8组_10号_扩展数据A,MODBUS RTU,4x,2#2430,昆仑ModbusRTU迁移地址；原昆仑变量:设备0_读写4WUB2430；站号2,16-bit Unsigned
8组_11号_扩展数据A,MODBUS RTU,4x,2#2431,昆仑ModbusRTU迁移地址；原昆仑变量:设备0_读写4WUB2431；站号2,16-bit Unsigned
8组_12号_扩展数据A,MODBUS RTU,4x,2#2432,昆仑ModbusRTU迁移地址；原昆仑变量:设备0_读写4WUB2432；站号2,16-bit Unsigned
8组_13号_扩展数据A,MODBUS RTU,4x,2#2433,昆仑ModbusRTU迁移地址；原昆仑变量:设备0_读写4WUB2433；站号2,16-bit Unsigned
8组_14号_扩展数据A,MODBUS RTU,4x,2#2434,昆仑ModbusRTU迁移地址；原昆仑变量:设备0_读写4WUB2434；站号2,16-bit Unsigned
8组_15号_扩展数据A,MODBUS RTU,4x,2#2435,昆仑ModbusRTU迁移地址；原昆仑变量:设备0_读写4WUB2435；站号2,16-bit Unsigned
8组_16号_扩展数据A,MODBUS RTU,4x,2#2436,昆仑ModbusRTU迁移地址；原昆仑变量:设备0_读写4WUB2436；站号2,16-bit Unsigned
8组_17号_扩展数据A,MODBUS RTU,4x,2#2437,昆仑ModbusRTU迁移地址；原昆仑变量:设备0_读写4WUB2437；站号2,16-bit Unsigned
8组_18号_扩展数据A,MODBUS RTU,4x,2#2438,昆仑ModbusRTU迁移地址；原昆仑变量:设备0_读写4WUB2438；站号2,16-bit Unsigned
8组_19号_扩展数据A,MODBUS RTU,4x,2#2439,昆仑ModbusRTU迁移地址；原昆仑变量:设备0_读写4WUB2439；站号2,16-bit Unsigned
8组_20号_扩展数据A,MODBUS RTU,4x,2#2440,昆仑ModbusRTU迁移地址；原昆仑变量:设备0_读写4WUB2440；站号2,16-bit Unsigned
8组_21号_扩展数据A,MODBUS RTU,4x,2#2441,昆仑ModbusRTU迁移地址；原昆仑变量:设备0_读写4WUB2441；站号2,16-bit Unsigned
8组_22号_扩展数据A,MODBUS RTU,4x,2#2442,昆仑ModbusRTU迁移地址；原昆仑变量:设备0_读写4WUB2442；站号2,16-bit Unsigned
8组_23号_扩展数据A,MODBUS RTU,4x,2#2443,昆仑ModbusRTU迁移地址；原昆仑变量:设备0_读写4WUB2443；站号2,16-bit Unsigned
8组_24号_扩展数据A,MODBUS RTU,4x,2#2444,昆仑ModbusRTU迁移地址；原昆仑变量:设备0_读写4WUB2444；站号2,16-bit Unsigned
8组_25号_扩展数据A,MODBUS RTU,4x,2#2445,昆仑ModbusRTU迁移地址；原昆仑变量:设备0_读写4WUB2445；站号2,16-bit Unsigned
8组_26号_扩展数据A,MODBUS RTU,4x,2#2446,昆仑ModbusRTU迁移地址；原昆仑变量:设备0_读写4WUB2446；站号2,16-bit Unsigned
8组_27号_扩展数据A,MODBUS RTU,4x,2#2447,昆仑ModbusRTU迁移地址；原昆仑变量:设备0_读写4WUB2447；站号2,16-bit Unsigned
8组_28号_扩展数据A,MODBUS RTU,4x,2#2448,昆仑ModbusRTU迁移地址；原昆仑变量:设备0_读写4WUB2448；站号2,16-bit Unsigned
8组_29号_扩展数据A,MODBUS RTU,4x,2#2449,昆仑ModbusRTU迁移地址；原昆仑变量:设备0_读写4WUB2449；站号2,16-bit Unsigned
8组_30号_扩展数据A,MODBUS RTU,4x,2#2450,昆仑ModbusRTU迁移地址；原昆仑变量:设备0_读写4WUB2450；站号2,16-bit Unsigned
8组_31号_扩展数据A,MODBUS RTU,4x,2#2451,昆仑ModbusRTU迁移地址；原昆仑变量:设备0_读写4WUB2451；站号2,16-bit Unsigned
8组_32号_扩展数据A,MODBUS RTU,4x,2#2452,昆仑ModbusRTU迁移地址；原昆仑变量:设备0_读写4WUB2452；站号2,16-bit Unsigned
8组_33号_扩展数据A,MODBUS RTU,4x,2#2453,昆仑ModbusRTU迁移地址；原昆仑变量:设备0_读写4WUB2453；站号2,16-bit Unsigned
8组_34号_扩展数据A,MODBUS RTU,4x,2#2454,昆仑ModbusRTU迁移地址；原昆仑变量:设备0_读写4WUB2454；站号2,16-bit Unsigned
8组_35号_扩展数据A,MODBUS RTU,4x,2#2455,昆仑ModbusRTU迁移地址；原昆仑变量:设备0_读写4WUB2455；站号2,16-bit Unsigned
8组_36号_扩展数据A,MODBUS RTU,4x,2#2456,昆仑ModbusRTU迁移地址；原昆仑变量:设备0_读写4WUB2456；站号2,16-bit Unsigned
8组_37号_扩展数据A,MODBUS RTU,4x,2#2457,昆仑ModbusRTU迁移地址；原昆仑变量:设备0_读写4WUB2457；站号2,16-bit Unsigned
8组_38号_扩展数据A,MODBUS RTU,4x,2#2458,昆仑ModbusRTU迁移地址；原昆仑变量:设备0_读写4WUB2458；站号2,16-bit Unsigned
8组_39号_扩展数据A,MODBUS RTU,4x,2#2459,昆仑ModbusRTU迁移地址；原昆仑变量:设备0_读写4WUB2459；站号2,16-bit Unsigned
8组_40号_扩展数据A,MODBUS RTU,4x,2#2460,昆仑ModbusRTU迁移地址；原昆仑变量:设备0_读写4WUB2460；站号2,16-bit Unsigned
8组_41号_扩展数据A,MODBUS RTU,4x,2#2461,昆仑ModbusRTU迁移地址；原昆仑变量:设备0_读写4WUB2461；站号2,16-bit Unsigned
8组_42号_扩展数据A,MODBUS RTU,4x,2#2462,昆仑ModbusRTU迁移地址；原昆仑变量:设备0_读写4WUB2462；站号2,16-bit Unsigned
8组_43号_扩展数据A,MODBUS RTU,4x,2#2463,昆仑ModbusRTU迁移地址；原昆仑变量:设备0_读写4WUB2463；站号2,16-bit Unsigned
8组_44号_扩展数据A,MODBUS RTU,4x,2#2464,昆仑ModbusRTU迁移地址；原昆仑变量:设备0_读写4WUB2464；站号2,16-bit Unsigned
8组_45号_扩展数据A,MODBUS RTU,4x,2#2465,昆仑ModbusRTU迁移地址；原昆仑变量:设备0_读写4WUB2465；站号2,16-bit Unsigned
8组_46号_扩展数据A,MODBUS RTU,4x,2#2466,昆仑ModbusRTU迁移地址；原昆仑变量:设备0_读写4WUB2466；站号2,16-bit Unsigned
8组_47号_扩展数据A,MODBUS RTU,4x,2#2467,昆仑ModbusRTU迁移地址；原昆仑变量:设备0_读写4WUB2467；站号2,16-bit Unsigned
8组_48号_扩展数据A,MODBUS RTU,4x,2#2468,昆仑ModbusRTU迁移地址；原昆仑变量:设备0_读写4WUB2468；站号2,16-bit Unsigned
8组_49号_扩展数据A,MODBUS RTU,4x,2#2469,昆仑ModbusRTU迁移地址；原昆仑变量:设备0_读写4WUB2469；站号2,16-bit Unsigned
8组_50号_扩展数据A,MODBUS RTU,4x,2#2470,昆仑ModbusRTU迁移地址；原昆仑变量:设备0_读写4WUB2470；站号2,16-bit Unsigned
8组_51号_扩展数据A,MODBUS RTU,4x,2#2471,昆仑ModbusRTU迁移地址；原昆仑变量:设备0_读写4WUB2471；站号2,16-bit Unsigned
8组_52号_扩展数据A,MODBUS RTU,4x,2#2472,昆仑ModbusRTU迁移地址；原昆仑变量:设备0_读写4WUB2472；站号2,16-bit Unsigned
8组_53号_扩展数据A,MODBUS RTU,4x,2#2473,昆仑ModbusRTU迁移地址；原昆仑变量:设备0_读写4WUB2473；站号2,16-bit Unsigned
8组_54号_扩展数据A,MODBUS RTU,4x,2#2474,昆仑ModbusRTU迁移地址；原昆仑变量:设备0_读写4WUB2474；站号2,16-bit Unsigned
8组_55号_扩展数据A,MODBUS RTU,4x,2#2475,昆仑ModbusRTU迁移地址；原昆仑变量:设备0_读写4WUB2475；站号2,16-bit Unsigned
8组_56号_扩展数据A,MODBUS RTU,4x,2#2476,昆仑ModbusRTU迁移地址；原昆仑变量:设备0_读写4WUB2476；站号2,16-bit Unsigned
8组_57号_扩展数据A,MODBUS RTU,4x,2#2477,昆仑ModbusRTU迁移地址；原昆仑变量:设备0_读写4WUB2477；站号2,16-bit Unsigned
8组_58号_扩展数据A,MODBUS RTU,4x,2#2478,昆仑ModbusRTU迁移地址；原昆仑变量:设备0_读写4WUB2478；站号2,16-bit Unsigned
8组_59号_扩展数据A,MODBUS RTU,4x,2#2479,昆仑ModbusRTU迁移地址；原昆仑变量:设备0_读写4WUB2479；站号2,16-bit Unsigned
8组_60号_扩展数据A,MODBUS RTU,4x,2#2480,昆仑ModbusRTU迁移地址；原昆仑变量:设备0_读写4WUB2480；站号2,16-bit Unsigned
9组_01号_扩展数据A,MODBUS RTU,4x,2#2481,昆仑ModbusRTU迁移地址；原昆仑变量:设备0_读写4WUB2481；站号2,16-bit Unsigned
9组_02号_扩展数据A,MODBUS RTU,4x,2#2482,昆仑ModbusRTU迁移地址；原昆仑变量:设备0_读写4WUB2482；站号2,16-bit Unsigned
9组_03号_扩展数据A,MODBUS RTU,4x,2#2483,昆仑ModbusRTU迁移地址；原昆仑变量:设备0_读写4WUB2483；站号2,16-bit Unsigned
9组_04号_扩展数据A,MODBUS RTU,4x,2#2484,昆仑ModbusRTU迁移地址；原昆仑变量:设备0_读写4WUB2484；站号2,16-bit Unsigned
9组_05号_扩展数据A,MODBUS RTU,4x,2#2485,昆仑ModbusRTU迁移地址；原昆仑变量:设备0_读写4WUB2485；站号2,16-bit Unsigned
9组_06号_扩展数据A,MODBUS RTU,4x,2#2486,昆仑ModbusRTU迁移地址；原昆仑变量:设备0_读写4WUB2486；站号2,16-bit Unsigned
9组_07号_扩展数据A,MODBUS RTU,4x,2#2487,昆仑ModbusRTU迁移地址；原昆仑变量:设备0_读写4WUB2487；站号2,16-bit Unsigned
9组_08号_扩展数据A,MODBUS RTU,4x,2#2488,昆仑ModbusRTU迁移地址；原昆仑变量:设备0_读写4WUB2488；站号2,16-bit Unsigned
9组_09号_扩展数据A,MODBUS RTU,4x,2#2489,昆仑ModbusRTU迁移地址；原昆仑变量:设备0_读写4WUB2489；站号2,16-bit Unsigned
9组_10号_扩展数据A,MODBUS RTU,4x,2#2490,昆仑ModbusRTU迁移地址；原昆仑变量:设备0_读写4WUB2490；站号2,16-bit Unsigned
9组_11号_扩展数据A,MODBUS RTU,4x,2#2491,昆仑ModbusRTU迁移地址；原昆仑变量:设备0_读写4WUB2491；站号2,16-bit Unsigned
9组_12号_扩展数据A,MODBUS RTU,4x,2#2492,昆仑ModbusRTU迁移地址；原昆仑变量:设备0_读写4WUB2492；站号2,16-bit Unsigned
9组_13号_扩展数据A,MODBUS RTU,4x,2#2493,昆仑ModbusRTU迁移地址；原昆仑变量:设备0_读写4WUB2493；站号2,16-bit Unsigned
9组_14号_扩展数据A,MODBUS RTU,4x,2#2494,昆仑ModbusRTU迁移地址；原昆仑变量:设备0_读写4WUB2494；站号2,16-bit Unsigned
9组_15号_扩展数据A,MODBUS RTU,4x,2#2495,昆仑ModbusRTU迁移地址；原昆仑变量:设备0_读写4WUB2495；站号2,16-bit Unsigned
9组_16号_扩展数据A,MODBUS RTU,4x,2#2496,昆仑ModbusRTU迁移地址；原昆仑变量:设备0_读写4WUB2496；站号2,16-bit Unsigned
9组_17号_扩展数据A,MODBUS RTU,4x,2#2497,昆仑ModbusRTU迁移地址；原昆仑变量:设备0_读写4WUB2497；站号2,16-bit Unsigned
9组_18号_扩展数据A,MODBUS RTU,4x,2#2498,昆仑ModbusRTU迁移地址；原昆仑变量:设备0_读写4WUB2498；站号2,16-bit Unsigned
9组_19号_扩展数据A,MODBUS RTU,4x,2#2499,昆仑ModbusRTU迁移地址；原昆仑变量:设备0_读写4WUB2499；站号2,16-bit Unsigned
9组_20号_扩展数据A,MODBUS RTU,4x,2#2500,昆仑ModbusRTU迁移地址；原昆仑变量:设备0_读写4WUB2500；站号2,16-bit Unsigned
9组_21号_扩展数据A,MODBUS RTU,4x,2#2501,昆仑ModbusRTU迁移地址；原昆仑变量:设备0_读写4WUB2501；站号2,16-bit Unsigned
9组_22号_扩展数据A,MODBUS RTU,4x,2#2502,昆仑ModbusRTU迁移地址；原昆仑变量:设备0_读写4WUB2502；站号2,16-bit Unsigned
9组_23号_扩展数据A,MODBUS RTU,4x,2#2503,昆仑ModbusRTU迁移地址；原昆仑变量:设备0_读写4WUB2503；站号2,16-bit Unsigned
9组_24号_扩展数据A,MODBUS RTU,4x,2#2504,昆仑ModbusRTU迁移地址；原昆仑变量:设备0_读写4WUB2504；站号2,16-bit Unsigned
9组_25号_扩展数据A,MODBUS RTU,4x,2#2505,昆仑ModbusRTU迁移地址；原昆仑变量:设备0_读写4WUB2505；站号2,16-bit Unsigned
9组_26号_扩展数据A,MODBUS RTU,4x,2#2506,昆仑ModbusRTU迁移地址；原昆仑变量:设备0_读写4WUB2506；站号2,16-bit Unsigned
9组_27号_扩展数据A,MODBUS RTU,4x,2#2507,昆仑ModbusRTU迁移地址；原昆仑变量:设备0_读写4WUB2507；站号2,16-bit Unsigned
9组_28号_扩展数据A,MODBUS RTU,4x,2#2508,昆仑ModbusRTU迁移地址；原昆仑变量:设备0_读写4WUB2508；站号2,16-bit Unsigned
9组_29号_扩展数据A,MODBUS RTU,4x,2#2509,昆仑ModbusRTU迁移地址；原昆仑变量:设备0_读写4WUB2509；站号2,16-bit Unsigned
9组_30号_扩展数据A,MODBUS RTU,4x,2#2510,昆仑ModbusRTU迁移地址；原昆仑变量:设备0_读写4WUB2510；站号2,16-bit Unsigned
9组_31号_扩展数据A,MODBUS RTU,4x,2#2511,昆仑ModbusRTU迁移地址；原昆仑变量:设备0_读写4WUB2511；站号2,16-bit Unsigned
9组_32号_扩展数据A,MODBUS RTU,4x,2#2512,昆仑ModbusRTU迁移地址；原昆仑变量:设备0_读写4WUB2512；站号2,16-bit Unsigned
9组_33号_扩展数据A,MODBUS RTU,4x,2#2513,昆仑ModbusRTU迁移地址；原昆仑变量:设备0_读写4WUB2513；站号2,16-bit Unsigned
9组_34号_扩展数据A,MODBUS RTU,4x,2#2514,昆仑ModbusRTU迁移地址；原昆仑变量:设备0_读写4WUB2514；站号2,16-bit Unsigned
9组_35号_扩展数据A,MODBUS RTU,4x,2#2515,昆仑ModbusRTU迁移地址；原昆仑变量:设备0_读写4WUB2515；站号2,16-bit Unsigned
9组_36号_扩展数据A,MODBUS RTU,4x,2#2516,昆仑ModbusRTU迁移地址；原昆仑变量:设备0_读写4WUB2516；站号2,16-bit Unsigned
9组_37号_扩展数据A,MODBUS RTU,4x,2#2517,昆仑ModbusRTU迁移地址；原昆仑变量:设备0_读写4WUB2517；站号2,16-bit Unsigned
9组_38号_扩展数据A,MODBUS RTU,4x,2#2518,昆仑ModbusRTU迁移地址；原昆仑变量:设备0_读写4WUB2518；站号2,16-bit Unsigned
9组_39号_扩展数据A,MODBUS RTU,4x,2#2519,昆仑ModbusRTU迁移地址；原昆仑变量:设备0_读写4WUB2519；站号2,16-bit Unsigned
9组_40号_扩展数据A,MODBUS RTU,4x,2#2520,昆仑ModbusRTU迁移地址；原昆仑变量:设备0_读写4WUB2520；站号2,16-bit Unsigned
9组_41号_扩展数据A,MODBUS RTU,4x,2#2521,昆仑ModbusRTU迁移地址；原昆仑变量:设备0_读写4WUB2521；站号2,16-bit Unsigned
9组_42号_扩展数据A,MODBUS RTU,4x,2#2522,昆仑ModbusRTU迁移地址；原昆仑变量:设备0_读写4WUB2522；站号2,16-bit Unsigned
9组_43号_扩展数据A,MODBUS RTU,4x,2#2523,昆仑ModbusRTU迁移地址；原昆仑变量:设备0_读写4WUB2523；站号2,16-bit Unsigned
9组_44号_扩展数据A,MODBUS RTU,4x,2#2524,昆仑ModbusRTU迁移地址；原昆仑变量:设备0_读写4WUB2524；站号2,16-bit Unsigned
9组_45号_扩展数据A,MODBUS RTU,4x,2#2525,昆仑ModbusRTU迁移地址；原昆仑变量:设备0_读写4WUB2525；站号2,16-bit Unsigned
9组_46号_扩展数据A,MODBUS RTU,4x,2#2526,昆仑ModbusRTU迁移地址；原昆仑变量:设备0_读写4WUB2526；站号2,16-bit Unsigned
9组_47号_扩展数据A,MODBUS RTU,4x,2#2527,昆仑ModbusRTU迁移地址；原昆仑变量:设备0_读写4WUB2527；站号2,16-bit Unsigned
9组_48号_扩展数据A,MODBUS RTU,4x,2#2528,昆仑ModbusRTU迁移地址；原昆仑变量:设备0_读写4WUB2528；站号2,16-bit Unsigned
9组_49号_扩展数据A,MODBUS RTU,4x,2#2529,昆仑ModbusRTU迁移地址；原昆仑变量:设备0_读写4WUB2529；站号2,16-bit Unsigned
9组_50号_扩展数据A,MODBUS RTU,4x,2#2530,昆仑ModbusRTU迁移地址；原昆仑变量:设备0_读写4WUB2530；站号2,16-bit Unsigned
9组_51号_扩展数据A,MODBUS RTU,4x,2#2531,昆仑ModbusRTU迁移地址；原昆仑变量:设备0_读写4WUB2531；站号2,16-bit Unsigned
9组_52号_扩展数据A,MODBUS RTU,4x,2#2532,昆仑ModbusRTU迁移地址；原昆仑变量:设备0_读写4WUB2532；站号2,16-bit Unsigned
9组_53号_扩展数据A,MODBUS RTU,4x,2#2533,昆仑ModbusRTU迁移地址；原昆仑变量:设备0_读写4WUB2533；站号2,16-bit Unsigned
9组_54号_扩展数据A,MODBUS RTU,4x,2#2534,昆仑ModbusRTU迁移地址；原昆仑变量:设备0_读写4WUB2534；站号2,16-bit Unsigned
9组_55号_扩展数据A,MODBUS RTU,4x,2#2535,昆仑ModbusRTU迁移地址；原昆仑变量:设备0_读写4WUB2535；站号2,16-bit Unsigned
9组_56号_扩展数据A,MODBUS RTU,4x,2#2536,昆仑ModbusRTU迁移地址；原昆仑变量:设备0_读写4WUB2536；站号2,16-bit Unsigned
9组_57号_扩展数据A,MODBUS RTU,4x,2#2537,昆仑ModbusRTU迁移地址；原昆仑变量:设备0_读写4WUB2537；站号2,16-bit Unsigned
9组_58号_扩展数据A,MODBUS RTU,4x,2#2538,昆仑ModbusRTU迁移地址；原昆仑变量:设备0_读写4WUB2538；站号2,16-bit Unsigned
9组_59号_扩展数据A,MODBUS RTU,4x,2#2539,昆仑ModbusRTU迁移地址；原昆仑变量:设备0_读写4WUB2539；站号2,16-bit Unsigned
9组_60号_扩展数据A,MODBUS RTU,4x,2#2540,昆仑ModbusRTU迁移地址；原昆仑变量:设备0_读写4WUB2540；站号2,16-bit Unsigned
10组_01号_扩展数据A,MODBUS RTU,4x,2#2541,昆仑ModbusRTU迁移地址；原昆仑变量:设备0_读写4WUB2541；站号2,16-bit Unsigned
10组_02号_扩展数据A,MODBUS RTU,4x,2#2542,昆仑ModbusRTU迁移地址；原昆仑变量:设备0_读写4WUB2542；站号2,16-bit Unsigned
10组_03号_扩展数据A,MODBUS RTU,4x,2#2543,昆仑ModbusRTU迁移地址；原昆仑变量:设备0_读写4WUB2543；站号2,16-bit Unsigned
10组_04号_扩展数据A,MODBUS RTU,4x,2#2544,昆仑ModbusRTU迁移地址；原昆仑变量:设备0_读写4WUB2544；站号2,16-bit Unsigned
10组_05号_扩展数据A,MODBUS RTU,4x,2#2545,昆仑ModbusRTU迁移地址；原昆仑变量:设备0_读写4WUB2545；站号2,16-bit Unsigned
10组_06号_扩展数据A,MODBUS RTU,4x,2#2546,昆仑ModbusRTU迁移地址；原昆仑变量:设备0_读写4WUB2546；站号2,16-bit Unsigned
10组_07号_扩展数据A,MODBUS RTU,4x,2#2547,昆仑ModbusRTU迁移地址；原昆仑变量:设备0_读写4WUB2547；站号2,16-bit Unsigned
10组_08号_扩展数据A,MODBUS RTU,4x,2#2548,昆仑ModbusRTU迁移地址；原昆仑变量:设备0_读写4WUB2548；站号2,16-bit Unsigned
10组_09号_扩展数据A,MODBUS RTU,4x,2#2549,昆仑ModbusRTU迁移地址；原昆仑变量:设备0_读写4WUB2549；站号2,16-bit Unsigned
10组_10号_扩展数据A,MODBUS RTU,4x,2#2550,昆仑ModbusRTU迁移地址；原昆仑变量:设备0_读写4WUB2550；站号2,16-bit Unsigned
10组_11号_扩展数据A,MODBUS RTU,4x,2#2551,昆仑ModbusRTU迁移地址；原昆仑变量:设备0_读写4WUB2551；站号2,16-bit Unsigned
10组_12号_扩展数据A,MODBUS RTU,4x,2#2552,昆仑ModbusRTU迁移地址；原昆仑变量:设备0_读写4WUB2552；站号2,16-bit Unsigned
10组_13号_扩展数据A,MODBUS RTU,4x,2#2553,昆仑ModbusRTU迁移地址；原昆仑变量:设备0_读写4WUB2553；站号2,16-bit Unsigned
10组_14号_扩展数据A,MODBUS RTU,4x,2#2554,昆仑ModbusRTU迁移地址；原昆仑变量:设备0_读写4WUB2554；站号2,16-bit Unsigned
10组_15号_扩展数据A,MODBUS RTU,4x,2#2555,昆仑ModbusRTU迁移地址；原昆仑变量:设备0_读写4WUB2555；站号2,16-bit Unsigned
10组_16号_扩展数据A,MODBUS RTU,4x,2#2556,昆仑ModbusRTU迁移地址；原昆仑变量:设备0_读写4WUB2556；站号2,16-bit Unsigned
10组_17号_扩展数据A,MODBUS RTU,4x,2#2557,昆仑ModbusRTU迁移地址；原昆仑变量:设备0_读写4WUB2557；站号2,16-bit Unsigned
10组_18号_扩展数据A,MODBUS RTU,4x,2#2558,昆仑ModbusRTU迁移地址；原昆仑变量:设备0_读写4WUB2558；站号2,16-bit Unsigned
10组_19号_扩展数据A,MODBUS RTU,4x,2#2559,昆仑ModbusRTU迁移地址；原昆仑变量:设备0_读写4WUB2559；站号2,16-bit Unsigned
10组_20号_扩展数据A,MODBUS RTU,4x,2#2560,昆仑ModbusRTU迁移地址；原昆仑变量:设备0_读写4WUB2560；站号2,16-bit Unsigned
10组_21号_扩展数据A,MODBUS RTU,4x,2#2561,昆仑ModbusRTU迁移地址；原昆仑变量:设备0_读写4WUB2561；站号2,16-bit Unsigned
10组_22号_扩展数据A,MODBUS RTU,4x,2#2562,昆仑ModbusRTU迁移地址；原昆仑变量:设备0_读写4WUB2562；站号2,16-bit Unsigned
10组_23号_扩展数据A,MODBUS RTU,4x,2#2563,昆仑ModbusRTU迁移地址；原昆仑变量:设备0_读写4WUB2563；站号2,16-bit Unsigned
10组_24号_扩展数据A,MODBUS RTU,4x,2#2564,昆仑ModbusRTU迁移地址；原昆仑变量:设备0_读写4WUB2564；站号2,16-bit Unsigned
10组_25号_扩展数据A,MODBUS RTU,4x,2#2565,昆仑ModbusRTU迁移地址；原昆仑变量:设备0_读写4WUB2565；站号2,16-bit Unsigned
10组_26号_扩展数据A,MODBUS RTU,4x,2#2566,昆仑ModbusRTU迁移地址；原昆仑变量:设备0_读写4WUB2566；站号2,16-bit Unsigned
10组_27号_扩展数据A,MODBUS RTU,4x,2#2567,昆仑ModbusRTU迁移地址；原昆仑变量:设备0_读写4WUB2567；站号2,16-bit Unsigned
10组_28号_扩展数据A,MODBUS RTU,4x,2#2568,昆仑ModbusRTU迁移地址；原昆仑变量:设备0_读写4WUB2568；站号2,16-bit Unsigned
10组_29号_扩展数据A,MODBUS RTU,4x,2#2569,昆仑ModbusRTU迁移地址；原昆仑变量:设备0_读写4WUB2569；站号2,16-bit Unsigned
10组_30号_扩展数据A,MODBUS RTU,4x,2#2570,昆仑ModbusRTU迁移地址；原昆仑变量:设备0_读写4WUB2570；站号2,16-bit Unsigned
10组_31号_扩展数据A,MODBUS RTU,4x,2#2571,昆仑ModbusRTU迁移地址；原昆仑变量:设备0_读写4WUB2571；站号2,16-bit Unsigned
10组_32号_扩展数据A,MODBUS RTU,4x,2#2572,昆仑ModbusRTU迁移地址；原昆仑变量:设备0_读写4WUB2572；站号2,16-bit Unsigned
10组_33号_扩展数据A,MODBUS RTU,4x,2#2573,昆仑ModbusRTU迁移地址；原昆仑变量:设备0_读写4WUB2573；站号2,16-bit Unsigned
10组_34号_扩展数据A,MODBUS RTU,4x,2#2574,昆仑ModbusRTU迁移地址；原昆仑变量:设备0_读写4WUB2574；站号2,16-bit Unsigned
10组_35号_扩展数据A,MODBUS RTU,4x,2#2575,昆仑ModbusRTU迁移地址；原昆仑变量:设备0_读写4WUB2575；站号2,16-bit Unsigned
10组_36号_扩展数据A,MODBUS RTU,4x,2#2576,昆仑ModbusRTU迁移地址；原昆仑变量:设备0_读写4WUB2576；站号2,16-bit Unsigned
10组_37号_扩展数据A,MODBUS RTU,4x,2#2577,昆仑ModbusRTU迁移地址；原昆仑变量:设备0_读写4WUB2577；站号2,16-bit Unsigned
10组_38号_扩展数据A,MODBUS RTU,4x,2#2578,昆仑ModbusRTU迁移地址；原昆仑变量:设备0_读写4WUB2578；站号2,16-bit Unsigned
10组_39号_扩展数据A,MODBUS RTU,4x,2#2579,昆仑ModbusRTU迁移地址；原昆仑变量:设备0_读写4WUB2579；站号2,16-bit Unsigned
10组_40号_扩展数据A,MODBUS RTU,4x,2#2580,昆仑ModbusRTU迁移地址；原昆仑变量:设备0_读写4WUB2580；站号2,16-bit Unsigned
10组_41号_扩展数据A,MODBUS RTU,4x,2#2581,昆仑ModbusRTU迁移地址；原昆仑变量:设备0_读写4WUB2581；站号2,16-bit Unsigned
10组_42号_扩展数据A,MODBUS RTU,4x,2#2582,昆仑ModbusRTU迁移地址；原昆仑变量:设备0_读写4WUB2582；站号2,16-bit Unsigned
10组_43号_扩展数据A,MODBUS RTU,4x,2#2583,昆仑ModbusRTU迁移地址；原昆仑变量:设备0_读写4WUB2583；站号2,16-bit Unsigned
10组_44号_扩展数据A,MODBUS RTU,4x,2#2584,昆仑ModbusRTU迁移地址；原昆仑变量:设备0_读写4WUB2584；站号2,16-bit Unsigned
10组_45号_扩展数据A,MODBUS RTU,4x,2#2585,昆仑ModbusRTU迁移地址；原昆仑变量:设备0_读写4WUB2585；站号2,16-bit Unsigned
10组_46号_扩展数据A,MODBUS RTU,4x,2#2586,昆仑ModbusRTU迁移地址；原昆仑变量:设备0_读写4WUB2586；站号2,16-bit Unsigned
10组_47号_扩展数据A,MODBUS RTU,4x,2#2587,昆仑ModbusRTU迁移地址；原昆仑变量:设备0_读写4WUB2587；站号2,16-bit Unsigned
10组_48号_扩展数据A,MODBUS RTU,4x,2#2588,昆仑ModbusRTU迁移地址；原昆仑变量:设备0_读写4WUB2588；站号2,16-bit Unsigned
10组_49号_扩展数据A,MODBUS RTU,4x,2#2589,昆仑ModbusRTU迁移地址；原昆仑变量:设备0_读写4WUB2589；站号2,16-bit Unsigned
10组_50号_扩展数据A,MODBUS RTU,4x,2#2590,昆仑ModbusRTU迁移地址；原昆仑变量:设备0_读写4WUB2590；站号2,16-bit Unsigned
10组_51号_扩展数据A,MODBUS RTU,4x,2#2591,昆仑ModbusRTU迁移地址；原昆仑变量:设备0_读写4WUB2591；站号2,16-bit Unsigned
10组_52号_扩展数据A,MODBUS RTU,4x,2#2592,昆仑ModbusRTU迁移地址；原昆仑变量:设备0_读写4WUB2592；站号2,16-bit Unsigned
10组_53号_扩展数据A,MODBUS RTU,4x,2#2593,昆仑ModbusRTU迁移地址；原昆仑变量:设备0_读写4WUB2593；站号2,16-bit Unsigned
10组_54号_扩展数据A,MODBUS RTU,4x,2#2594,昆仑ModbusRTU迁移地址；原昆仑变量:设备0_读写4WUB2594；站号2,16-bit Unsigned
10组_55号_扩展数据A,MODBUS RTU,4x,2#2595,昆仑ModbusRTU迁移地址；原昆仑变量:设备0_读写4WUB2595；站号2,16-bit Unsigned
10组_56号_扩展数据A,MODBUS RTU,4x,2#2596,昆仑ModbusRTU迁移地址；原昆仑变量:设备0_读写4WUB2596；站号2,16-bit Unsigned
10组_57号_扩展数据A,MODBUS RTU,4x,2#2597,昆仑ModbusRTU迁移地址；原昆仑变量:设备0_读写4WUB2597；站号2,16-bit Unsigned
10组_58号_扩展数据A,MODBUS RTU,4x,2#2598,昆仑ModbusRTU迁移地址；原昆仑变量:设备0_读写4WUB2598；站号2,16-bit Unsigned
10组_59号_扩展数据A,MODBUS RTU,4x,2#2599,昆仑ModbusRTU迁移地址；原昆仑变量:设备0_读写4WUB2599；站号2,16-bit Unsigned
10组_60号_扩展数据A,MODBUS RTU,4x,2#2600,昆仑ModbusRTU迁移地址；原昆仑变量:设备0_读写4WUB2600；站号2,16-bit Unsigned
6组_01号_扩展数据B,MODBUS RTU,4x,2#2601,昆仑ModbusRTU迁移地址；原昆仑变量:设备0_读写4WUB2601；站号2,16-bit Unsigned
6组_02号_扩展数据B,MODBUS RTU,4x,2#2602,昆仑ModbusRTU迁移地址；原昆仑变量:设备0_读写4WUB2602；站号2,16-bit Unsigned
6组_03号_扩展数据B,MODBUS RTU,4x,2#2603,昆仑ModbusRTU迁移地址；原昆仑变量:设备0_读写4WUB2603；站号2,16-bit Unsigned
6组_04号_扩展数据B,MODBUS RTU,4x,2#2604,昆仑ModbusRTU迁移地址；原昆仑变量:设备0_读写4WUB2604；站号2,16-bit Unsigned
6组_05号_扩展数据B,MODBUS RTU,4x,2#2605,昆仑ModbusRTU迁移地址；原昆仑变量:设备0_读写4WUB2605；站号2,16-bit Unsigned
6组_06号_扩展数据B,MODBUS RTU,4x,2#2606,昆仑ModbusRTU迁移地址；原昆仑变量:设备0_读写4WUB2606；站号2,16-bit Unsigned
6组_07号_扩展数据B,MODBUS RTU,4x,2#2607,昆仑ModbusRTU迁移地址；原昆仑变量:设备0_读写4WUB2607；站号2,16-bit Unsigned
6组_08号_扩展数据B,MODBUS RTU,4x,2#2608,昆仑ModbusRTU迁移地址；原昆仑变量:设备0_读写4WUB2608；站号2,16-bit Unsigned
6组_09号_扩展数据B,MODBUS RTU,4x,2#2609,昆仑ModbusRTU迁移地址；原昆仑变量:设备0_读写4WUB2609；站号2,16-bit Unsigned
6组_10号_扩展数据B,MODBUS RTU,4x,2#2610,昆仑ModbusRTU迁移地址；原昆仑变量:设备0_读写4WUB2610；站号2,16-bit Unsigned
6组_11号_扩展数据B,MODBUS RTU,4x,2#2611,昆仑ModbusRTU迁移地址；原昆仑变量:设备0_读写4WUB2611；站号2,16-bit Unsigned
6组_12号_扩展数据B,MODBUS RTU,4x,2#2612,昆仑ModbusRTU迁移地址；原昆仑变量:设备0_读写4WUB2612；站号2,16-bit Unsigned
6组_13号_扩展数据B,MODBUS RTU,4x,2#2613,昆仑ModbusRTU迁移地址；原昆仑变量:设备0_读写4WUB2613；站号2,16-bit Unsigned
6组_14号_扩展数据B,MODBUS RTU,4x,2#2614,昆仑ModbusRTU迁移地址；原昆仑变量:设备0_读写4WUB2614；站号2,16-bit Unsigned
6组_15号_扩展数据B,MODBUS RTU,4x,2#2615,昆仑ModbusRTU迁移地址；原昆仑变量:设备0_读写4WUB2615；站号2,16-bit Unsigned
6组_16号_扩展数据B,MODBUS RTU,4x,2#2616,昆仑ModbusRTU迁移地址；原昆仑变量:设备0_读写4WUB2616；站号2,16-bit Unsigned
6组_17号_扩展数据B,MODBUS RTU,4x,2#2617,昆仑ModbusRTU迁移地址；原昆仑变量:设备0_读写4WUB2617；站号2,16-bit Unsigned
6组_18号_扩展数据B,MODBUS RTU,4x,2#2618,昆仑ModbusRTU迁移地址；原昆仑变量:设备0_读写4WUB2618；站号2,16-bit Unsigned
6组_19号_扩展数据B,MODBUS RTU,4x,2#2619,昆仑ModbusRTU迁移地址；原昆仑变量:设备0_读写4WUB2619；站号2,16-bit Unsigned
6组_20号_扩展数据B,MODBUS RTU,4x,2#2620,昆仑ModbusRTU迁移地址；原昆仑变量:设备0_读写4WUB2620；站号2,16-bit Unsigned
6组_21号_扩展数据B,MODBUS RTU,4x,2#2621,昆仑ModbusRTU迁移地址；原昆仑变量:设备0_读写4WUB2621；站号2,16-bit Unsigned
6组_22号_扩展数据B,MODBUS RTU,4x,2#2622,昆仑ModbusRTU迁移地址；原昆仑变量:设备0_读写4WUB2622；站号2,16-bit Unsigned
6组_23号_扩展数据B,MODBUS RTU,4x,2#2623,昆仑ModbusRTU迁移地址；原昆仑变量:设备0_读写4WUB2623；站号2,16-bit Unsigned
6组_24号_扩展数据B,MODBUS RTU,4x,2#2624,昆仑ModbusRTU迁移地址；原昆仑变量:设备0_读写4WUB2624；站号2,16-bit Unsigned
6组_25号_扩展数据B,MODBUS RTU,4x,2#2625,昆仑ModbusRTU迁移地址；原昆仑变量:设备0_读写4WUB2625；站号2,16-bit Unsigned
6组_26号_扩展数据B,MODBUS RTU,4x,2#2626,昆仑ModbusRTU迁移地址；原昆仑变量:设备0_读写4WUB2626；站号2,16-bit Unsigned
6组_27号_扩展数据B,MODBUS RTU,4x,2#2627,昆仑ModbusRTU迁移地址；原昆仑变量:设备0_读写4WUB2627；站号2,16-bit Unsigned
6组_28号_扩展数据B,MODBUS RTU,4x,2#2628,昆仑ModbusRTU迁移地址；原昆仑变量:设备0_读写4WUB2628；站号2,16-bit Unsigned
6组_29号_扩展数据B,MODBUS RTU,4x,2#2629,昆仑ModbusRTU迁移地址；原昆仑变量:设备0_读写4WUB2629；站号2,16-bit Unsigned
6组_30号_扩展数据B,MODBUS RTU,4x,2#2630,昆仑ModbusRTU迁移地址；原昆仑变量:设备0_读写4WUB2630；站号2,16-bit Unsigned
6组_31号_扩展数据B,MODBUS RTU,4x,2#2631,昆仑ModbusRTU迁移地址；原昆仑变量:设备0_读写4WUB2631；站号2,16-bit Unsigned
6组_32号_扩展数据B,MODBUS RTU,4x,2#2632,昆仑ModbusRTU迁移地址；原昆仑变量:设备0_读写4WUB2632；站号2,16-bit Unsigned
6组_33号_扩展数据B,MODBUS RTU,4x,2#2633,昆仑ModbusRTU迁移地址；原昆仑变量:设备0_读写4WUB2633；站号2,16-bit Unsigned
6组_34号_扩展数据B,MODBUS RTU,4x,2#2634,昆仑ModbusRTU迁移地址；原昆仑变量:设备0_读写4WUB2634；站号2,16-bit Unsigned
6组_35号_扩展数据B,MODBUS RTU,4x,2#2635,昆仑ModbusRTU迁移地址；原昆仑变量:设备0_读写4WUB2635；站号2,16-bit Unsigned
6组_36号_扩展数据B,MODBUS RTU,4x,2#2636,昆仑ModbusRTU迁移地址；原昆仑变量:设备0_读写4WUB2636；站号2,16-bit Unsigned
6组_37号_扩展数据B,MODBUS RTU,4x,2#2637,昆仑ModbusRTU迁移地址；原昆仑变量:设备0_读写4WUB2637；站号2,16-bit Unsigned
6组_38号_扩展数据B,MODBUS RTU,4x,2#2638,昆仑ModbusRTU迁移地址；原昆仑变量:设备0_读写4WUB2638；站号2,16-bit Unsigned
6组_39号_扩展数据B,MODBUS RTU,4x,2#2639,昆仑ModbusRTU迁移地址；原昆仑变量:设备0_读写4WUB2639；站号2,16-bit Unsigned
6组_40号_扩展数据B,MODBUS RTU,4x,2#2640,昆仑ModbusRTU迁移地址；原昆仑变量:设备0_读写4WUB2640；站号2,16-bit Unsigned
6组_41号_扩展数据B,MODBUS RTU,4x,2#2641,昆仑ModbusRTU迁移地址；原昆仑变量:设备0_读写4WUB2641；站号2,16-bit Unsigned
6组_42号_扩展数据B,MODBUS RTU,4x,2#2642,昆仑ModbusRTU迁移地址；原昆仑变量:设备0_读写4WUB2642；站号2,16-bit Unsigned
6组_43号_扩展数据B,MODBUS RTU,4x,2#2643,昆仑ModbusRTU迁移地址；原昆仑变量:设备0_读写4WUB2643；站号2,16-bit Unsigned
6组_44号_扩展数据B,MODBUS RTU,4x,2#2644,昆仑ModbusRTU迁移地址；原昆仑变量:设备0_读写4WUB2644；站号2,16-bit Unsigned
6组_45号_扩展数据B,MODBUS RTU,4x,2#2645,昆仑ModbusRTU迁移地址；原昆仑变量:设备0_读写4WUB2645；站号2,16-bit Unsigned
6组_46号_扩展数据B,MODBUS RTU,4x,2#2646,昆仑ModbusRTU迁移地址；原昆仑变量:设备0_读写4WUB2646；站号2,16-bit Unsigned
6组_47号_扩展数据B,MODBUS RTU,4x,2#2647,昆仑ModbusRTU迁移地址；原昆仑变量:设备0_读写4WUB2647；站号2,16-bit Unsigned
6组_48号_扩展数据B,MODBUS RTU,4x,2#2648,昆仑ModbusRTU迁移地址；原昆仑变量:设备0_读写4WUB2648；站号2,16-bit Unsigned
6组_49号_扩展数据B,MODBUS RTU,4x,2#2649,昆仑ModbusRTU迁移地址；原昆仑变量:设备0_读写4WUB2649；站号2,16-bit Unsigned
6组_50号_扩展数据B,MODBUS RTU,4x,2#2650,昆仑ModbusRTU迁移地址；原昆仑变量:设备0_读写4WUB2650；站号2,16-bit Unsigned
6组_51号_扩展数据B,MODBUS RTU,4x,2#2651,昆仑ModbusRTU迁移地址；原昆仑变量:设备0_读写4WUB2651；站号2,16-bit Unsigned
6组_52号_扩展数据B,MODBUS RTU,4x,2#2652,昆仑ModbusRTU迁移地址；原昆仑变量:设备0_读写4WUB2652；站号2,16-bit Unsigned
6组_53号_扩展数据B,MODBUS RTU,4x,2#2653,昆仑ModbusRTU迁移地址；原昆仑变量:设备0_读写4WUB2653；站号2,16-bit Unsigned
6组_54号_扩展数据B,MODBUS RTU,4x,2#2654,昆仑ModbusRTU迁移地址；原昆仑变量:设备0_读写4WUB2654；站号2,16-bit Unsigned
6组_55号_扩展数据B,MODBUS RTU,4x,2#2655,昆仑ModbusRTU迁移地址；原昆仑变量:设备0_读写4WUB2655；站号2,16-bit Unsigned
6组_56号_扩展数据B,MODBUS RTU,4x,2#2656,昆仑ModbusRTU迁移地址；原昆仑变量:设备0_读写4WUB2656；站号2,16-bit Unsigned
6组_57号_扩展数据B,MODBUS RTU,4x,2#2657,昆仑ModbusRTU迁移地址；原昆仑变量:设备0_读写4WUB2657；站号2,16-bit Unsigned
6组_58号_扩展数据B,MODBUS RTU,4x,2#2658,昆仑ModbusRTU迁移地址；原昆仑变量:设备0_读写4WUB2658；站号2,16-bit Unsigned
6组_59号_扩展数据B,MODBUS RTU,4x,2#2659,昆仑ModbusRTU迁移地址；原昆仑变量:设备0_读写4WUB2659；站号2,16-bit Unsigned
6组_60号_扩展数据B,MODBUS RTU,4x,2#2660,昆仑ModbusRTU迁移地址；原昆仑变量:设备0_读写4WUB2660；站号2,16-bit Unsigned
7组_01号_扩展数据B,MODBUS RTU,4x,2#2661,昆仑ModbusRTU迁移地址；原昆仑变量:设备0_读写4WUB2661；站号2,16-bit Unsigned
7组_02号_扩展数据B,MODBUS RTU,4x,2#2662,昆仑ModbusRTU迁移地址；原昆仑变量:设备0_读写4WUB2662；站号2,16-bit Unsigned
7组_03号_扩展数据B,MODBUS RTU,4x,2#2663,昆仑ModbusRTU迁移地址；原昆仑变量:设备0_读写4WUB2663；站号2,16-bit Unsigned
7组_04号_扩展数据B,MODBUS RTU,4x,2#2664,昆仑ModbusRTU迁移地址；原昆仑变量:设备0_读写4WUB2664；站号2,16-bit Unsigned
7组_05号_扩展数据B,MODBUS RTU,4x,2#2665,昆仑ModbusRTU迁移地址；原昆仑变量:设备0_读写4WUB2665；站号2,16-bit Unsigned
7组_06号_扩展数据B,MODBUS RTU,4x,2#2666,昆仑ModbusRTU迁移地址；原昆仑变量:设备0_读写4WUB2666；站号2,16-bit Unsigned
7组_07号_扩展数据B,MODBUS RTU,4x,2#2667,昆仑ModbusRTU迁移地址；原昆仑变量:设备0_读写4WUB2667；站号2,16-bit Unsigned
7组_08号_扩展数据B,MODBUS RTU,4x,2#2668,昆仑ModbusRTU迁移地址；原昆仑变量:设备0_读写4WUB2668；站号2,16-bit Unsigned
7组_09号_扩展数据B,MODBUS RTU,4x,2#2669,昆仑ModbusRTU迁移地址；原昆仑变量:设备0_读写4WUB2669；站号2,16-bit Unsigned
7组_10号_扩展数据B,MODBUS RTU,4x,2#2670,昆仑ModbusRTU迁移地址；原昆仑变量:设备0_读写4WUB2670；站号2,16-bit Unsigned
7组_11号_扩展数据B,MODBUS RTU,4x,2#2671,昆仑ModbusRTU迁移地址；原昆仑变量:设备0_读写4WUB2671；站号2,16-bit Unsigned
7组_12号_扩展数据B,MODBUS RTU,4x,2#2672,昆仑ModbusRTU迁移地址；原昆仑变量:设备0_读写4WUB2672；站号2,16-bit Unsigned
7组_13号_扩展数据B,MODBUS RTU,4x,2#2673,昆仑ModbusRTU迁移地址；原昆仑变量:设备0_读写4WUB2673；站号2,16-bit Unsigned
7组_14号_扩展数据B,MODBUS RTU,4x,2#2674,昆仑ModbusRTU迁移地址；原昆仑变量:设备0_读写4WUB2674；站号2,16-bit Unsigned
7组_15号_扩展数据B,MODBUS RTU,4x,2#2675,昆仑ModbusRTU迁移地址；原昆仑变量:设备0_读写4WUB2675；站号2,16-bit Unsigned
7组_16号_扩展数据B,MODBUS RTU,4x,2#2676,昆仑ModbusRTU迁移地址；原昆仑变量:设备0_读写4WUB2676；站号2,16-bit Unsigned
7组_17号_扩展数据B,MODBUS RTU,4x,2#2677,昆仑ModbusRTU迁移地址；原昆仑变量:设备0_读写4WUB2677；站号2,16-bit Unsigned
7组_18号_扩展数据B,MODBUS RTU,4x,2#2678,昆仑ModbusRTU迁移地址；原昆仑变量:设备0_读写4WUB2678；站号2,16-bit Unsigned
7组_19号_扩展数据B,MODBUS RTU,4x,2#2679,昆仑ModbusRTU迁移地址；原昆仑变量:设备0_读写4WUB2679；站号2,16-bit Unsigned
7组_20号_扩展数据B,MODBUS RTU,4x,2#2680,昆仑ModbusRTU迁移地址；原昆仑变量:设备0_读写4WUB2680；站号2,16-bit Unsigned
7组_21号_扩展数据B,MODBUS RTU,4x,2#2681,昆仑ModbusRTU迁移地址；原昆仑变量:设备0_读写4WUB2681；站号2,16-bit Unsigned
7组_22号_扩展数据B,MODBUS RTU,4x,2#2682,昆仑ModbusRTU迁移地址；原昆仑变量:设备0_读写4WUB2682；站号2,16-bit Unsigned
7组_23号_扩展数据B,MODBUS RTU,4x,2#2683,昆仑ModbusRTU迁移地址；原昆仑变量:设备0_读写4WUB2683；站号2,16-bit Unsigned
7组_24号_扩展数据B,MODBUS RTU,4x,2#2684,昆仑ModbusRTU迁移地址；原昆仑变量:设备0_读写4WUB2684；站号2,16-bit Unsigned
7组_25号_扩展数据B,MODBUS RTU,4x,2#2685,昆仑ModbusRTU迁移地址；原昆仑变量:设备0_读写4WUB2685；站号2,16-bit Unsigned
7组_26号_扩展数据B,MODBUS RTU,4x,2#2686,昆仑ModbusRTU迁移地址；原昆仑变量:设备0_读写4WUB2686；站号2,16-bit Unsigned
7组_27号_扩展数据B,MODBUS RTU,4x,2#2687,昆仑ModbusRTU迁移地址；原昆仑变量:设备0_读写4WUB2687；站号2,16-bit Unsigned
7组_28号_扩展数据B,MODBUS RTU,4x,2#2688,昆仑ModbusRTU迁移地址；原昆仑变量:设备0_读写4WUB2688；站号2,16-bit Unsigned
7组_29号_扩展数据B,MODBUS RTU,4x,2#2689,昆仑ModbusRTU迁移地址；原昆仑变量:设备0_读写4WUB2689；站号2,16-bit Unsigned
7组_30号_扩展数据B,MODBUS RTU,4x,2#2690,昆仑ModbusRTU迁移地址；原昆仑变量:设备0_读写4WUB2690；站号2,16-bit Unsigned
7组_31号_扩展数据B,MODBUS RTU,4x,2#2691,昆仑ModbusRTU迁移地址；原昆仑变量:设备0_读写4WUB2691；站号2,16-bit Unsigned
7组_32号_扩展数据B,MODBUS RTU,4x,2#2692,昆仑ModbusRTU迁移地址；原昆仑变量:设备0_读写4WUB2692；站号2,16-bit Unsigned
7组_33号_扩展数据B,MODBUS RTU,4x,2#2693,昆仑ModbusRTU迁移地址；原昆仑变量:设备0_读写4WUB2693；站号2,16-bit Unsigned
7组_34号_扩展数据B,MODBUS RTU,4x,2#2694,昆仑ModbusRTU迁移地址；原昆仑变量:设备0_读写4WUB2694；站号2,16-bit Unsigned
7组_35号_扩展数据B,MODBUS RTU,4x,2#2695,昆仑ModbusRTU迁移地址；原昆仑变量:设备0_读写4WUB2695；站号2,16-bit Unsigned
7组_36号_扩展数据B,MODBUS RTU,4x,2#2696,昆仑ModbusRTU迁移地址；原昆仑变量:设备0_读写4WUB2696；站号2,16-bit Unsigned
7组_37号_扩展数据B,MODBUS RTU,4x,2#2697,昆仑ModbusRTU迁移地址；原昆仑变量:设备0_读写4WUB2697；站号2,16-bit Unsigned
7组_38号_扩展数据B,MODBUS RTU,4x,2#2698,昆仑ModbusRTU迁移地址；原昆仑变量:设备0_读写4WUB2698；站号2,16-bit Unsigned
7组_39号_扩展数据B,MODBUS RTU,4x,2#2699,昆仑ModbusRTU迁移地址；原昆仑变量:设备0_读写4WUB2699；站号2,16-bit Unsigned
7组_40号_扩展数据B,MODBUS RTU,4x,2#2700,昆仑ModbusRTU迁移地址；原昆仑变量:设备0_读写4WUB2700；站号2,16-bit Unsigned
7组_41号_扩展数据B,MODBUS RTU,4x,2#2701,昆仑ModbusRTU迁移地址；原昆仑变量:设备0_读写4WUB2701；站号2,16-bit Unsigned
7组_42号_扩展数据B,MODBUS RTU,4x,2#2702,昆仑ModbusRTU迁移地址；原昆仑变量:设备0_读写4WUB2702；站号2,16-bit Unsigned
7组_43号_扩展数据B,MODBUS RTU,4x,2#2703,昆仑ModbusRTU迁移地址；原昆仑变量:设备0_读写4WUB2703；站号2,16-bit Unsigned
7组_44号_扩展数据B,MODBUS RTU,4x,2#2704,昆仑ModbusRTU迁移地址；原昆仑变量:设备0_读写4WUB2704；站号2,16-bit Unsigned
7组_45号_扩展数据B,MODBUS RTU,4x,2#2705,昆仑ModbusRTU迁移地址；原昆仑变量:设备0_读写4WUB2705；站号2,16-bit Unsigned
7组_46号_扩展数据B,MODBUS RTU,4x,2#2706,昆仑ModbusRTU迁移地址；原昆仑变量:设备0_读写4WUB2706；站号2,16-bit Unsigned
7组_47号_扩展数据B,MODBUS RTU,4x,2#2707,昆仑ModbusRTU迁移地址；原昆仑变量:设备0_读写4WUB2707；站号2,16-bit Unsigned
7组_48号_扩展数据B,MODBUS RTU,4x,2#2708,昆仑ModbusRTU迁移地址；原昆仑变量:设备0_读写4WUB2708；站号2,16-bit Unsigned
7组_49号_扩展数据B,MODBUS RTU,4x,2#2709,昆仑ModbusRTU迁移地址；原昆仑变量:设备0_读写4WUB2709；站号2,16-bit Unsigned
7组_50号_扩展数据B,MODBUS RTU,4x,2#2710,昆仑ModbusRTU迁移地址；原昆仑变量:设备0_读写4WUB2710；站号2,16-bit Unsigned
7组_51号_扩展数据B,MODBUS RTU,4x,2#2711,昆仑ModbusRTU迁移地址；原昆仑变量:设备0_读写4WUB2711；站号2,16-bit Unsigned
7组_52号_扩展数据B,MODBUS RTU,4x,2#2712,昆仑ModbusRTU迁移地址；原昆仑变量:设备0_读写4WUB2712；站号2,16-bit Unsigned
7组_53号_扩展数据B,MODBUS RTU,4x,2#2713,昆仑ModbusRTU迁移地址；原昆仑变量:设备0_读写4WUB2713；站号2,16-bit Unsigned
7组_54号_扩展数据B,MODBUS RTU,4x,2#2714,昆仑ModbusRTU迁移地址；原昆仑变量:设备0_读写4WUB2714；站号2,16-bit Unsigned
7组_55号_扩展数据B,MODBUS RTU,4x,2#2715,昆仑ModbusRTU迁移地址；原昆仑变量:设备0_读写4WUB2715；站号2,16-bit Unsigned
7组_56号_扩展数据B,MODBUS RTU,4x,2#2716,昆仑ModbusRTU迁移地址；原昆仑变量:设备0_读写4WUB2716；站号2,16-bit Unsigned
7组_57号_扩展数据B,MODBUS RTU,4x,2#2717,昆仑ModbusRTU迁移地址；原昆仑变量:设备0_读写4WUB2717；站号2,16-bit Unsigned
7组_58号_扩展数据B,MODBUS RTU,4x,2#2718,昆仑ModbusRTU迁移地址；原昆仑变量:设备0_读写4WUB2718；站号2,16-bit Unsigned
7组_59号_扩展数据B,MODBUS RTU,4x,2#2719,昆仑ModbusRTU迁移地址；原昆仑变量:设备0_读写4WUB2719；站号2,16-bit Unsigned
7组_60号_扩展数据B,MODBUS RTU,4x,2#2720,昆仑ModbusRTU迁移地址；原昆仑变量:设备0_读写4WUB2720；站号2,16-bit Unsigned
8组_01号_扩展数据B,MODBUS RTU,4x,2#2721,昆仑ModbusRTU迁移地址；原昆仑变量:设备0_读写4WUB2721；站号2,16-bit Unsigned
8组_02号_扩展数据B,MODBUS RTU,4x,2#2722,昆仑ModbusRTU迁移地址；原昆仑变量:设备0_读写4WUB2722；站号2,16-bit Unsigned
8组_03号_扩展数据B,MODBUS RTU,4x,2#2723,昆仑ModbusRTU迁移地址；原昆仑变量:设备0_读写4WUB2723；站号2,16-bit Unsigned
8组_04号_扩展数据B,MODBUS RTU,4x,2#2724,昆仑ModbusRTU迁移地址；原昆仑变量:设备0_读写4WUB2724；站号2,16-bit Unsigned
8组_05号_扩展数据B,MODBUS RTU,4x,2#2725,昆仑ModbusRTU迁移地址；原昆仑变量:设备0_读写4WUB2725；站号2,16-bit Unsigned
8组_06号_扩展数据B,MODBUS RTU,4x,2#2726,昆仑ModbusRTU迁移地址；原昆仑变量:设备0_读写4WUB2726；站号2,16-bit Unsigned
8组_07号_扩展数据B,MODBUS RTU,4x,2#2727,昆仑ModbusRTU迁移地址；原昆仑变量:设备0_读写4WUB2727；站号2,16-bit Unsigned
8组_08号_扩展数据B,MODBUS RTU,4x,2#2728,昆仑ModbusRTU迁移地址；原昆仑变量:设备0_读写4WUB2728；站号2,16-bit Unsigned
8组_09号_扩展数据B,MODBUS RTU,4x,2#2729,昆仑ModbusRTU迁移地址；原昆仑变量:设备0_读写4WUB2729；站号2,16-bit Unsigned
8组_10号_扩展数据B,MODBUS RTU,4x,2#2730,昆仑ModbusRTU迁移地址；原昆仑变量:设备0_读写4WUB2730；站号2,16-bit Unsigned
8组_11号_扩展数据B,MODBUS RTU,4x,2#2731,昆仑ModbusRTU迁移地址；原昆仑变量:设备0_读写4WUB2731；站号2,16-bit Unsigned
8组_12号_扩展数据B,MODBUS RTU,4x,2#2732,昆仑ModbusRTU迁移地址；原昆仑变量:设备0_读写4WUB2732；站号2,16-bit Unsigned
8组_13号_扩展数据B,MODBUS RTU,4x,2#2733,昆仑ModbusRTU迁移地址；原昆仑变量:设备0_读写4WUB2733；站号2,16-bit Unsigned
8组_14号_扩展数据B,MODBUS RTU,4x,2#2734,昆仑ModbusRTU迁移地址；原昆仑变量:设备0_读写4WUB2734；站号2,16-bit Unsigned
8组_15号_扩展数据B,MODBUS RTU,4x,2#2735,昆仑ModbusRTU迁移地址；原昆仑变量:设备0_读写4WUB2735；站号2,16-bit Unsigned
8组_16号_扩展数据B,MODBUS RTU,4x,2#2736,昆仑ModbusRTU迁移地址；原昆仑变量:设备0_读写4WUB2736；站号2,16-bit Unsigned
8组_17号_扩展数据B,MODBUS RTU,4x,2#2737,昆仑ModbusRTU迁移地址；原昆仑变量:设备0_读写4WUB2737；站号2,16-bit Unsigned
8组_18号_扩展数据B,MODBUS RTU,4x,2#2738,昆仑ModbusRTU迁移地址；原昆仑变量:设备0_读写4WUB2738；站号2,16-bit Unsigned
8组_19号_扩展数据B,MODBUS RTU,4x,2#2739,昆仑ModbusRTU迁移地址；原昆仑变量:设备0_读写4WUB2739；站号2,16-bit Unsigned
8组_20号_扩展数据B,MODBUS RTU,4x,2#2740,昆仑ModbusRTU迁移地址；原昆仑变量:设备0_读写4WUB2740；站号2,16-bit Unsigned
8组_21号_扩展数据B,MODBUS RTU,4x,2#2741,昆仑ModbusRTU迁移地址；原昆仑变量:设备0_读写4WUB2741；站号2,16-bit Unsigned
8组_22号_扩展数据B,MODBUS RTU,4x,2#2742,昆仑ModbusRTU迁移地址；原昆仑变量:设备0_读写4WUB2742；站号2,16-bit Unsigned
8组_23号_扩展数据B,MODBUS RTU,4x,2#2743,昆仑ModbusRTU迁移地址；原昆仑变量:设备0_读写4WUB2743；站号2,16-bit Unsigned
8组_24号_扩展数据B,MODBUS RTU,4x,2#2744,昆仑ModbusRTU迁移地址；原昆仑变量:设备0_读写4WUB2744；站号2,16-bit Unsigned
8组_25号_扩展数据B,MODBUS RTU,4x,2#2745,昆仑ModbusRTU迁移地址；原昆仑变量:设备0_读写4WUB2745；站号2,16-bit Unsigned
8组_26号_扩展数据B,MODBUS RTU,4x,2#2746,昆仑ModbusRTU迁移地址；原昆仑变量:设备0_读写4WUB2746；站号2,16-bit Unsigned
8组_27号_扩展数据B,MODBUS RTU,4x,2#2747,昆仑ModbusRTU迁移地址；原昆仑变量:设备0_读写4WUB2747；站号2,16-bit Unsigned
8组_28号_扩展数据B,MODBUS RTU,4x,2#2748,昆仑ModbusRTU迁移地址；原昆仑变量:设备0_读写4WUB2748；站号2,16-bit Unsigned
8组_29号_扩展数据B,MODBUS RTU,4x,2#2749,昆仑ModbusRTU迁移地址；原昆仑变量:设备0_读写4WUB2749；站号2,16-bit Unsigned
8组_30号_扩展数据B,MODBUS RTU,4x,2#2750,昆仑ModbusRTU迁移地址；原昆仑变量:设备0_读写4WUB2750；站号2,16-bit Unsigned
8组_31号_扩展数据B,MODBUS RTU,4x,2#2751,昆仑ModbusRTU迁移地址；原昆仑变量:设备0_读写4WUB2751；站号2,16-bit Unsigned
8组_32号_扩展数据B,MODBUS RTU,4x,2#2752,昆仑ModbusRTU迁移地址；原昆仑变量:设备0_读写4WUB2752；站号2,16-bit Unsigned
8组_33号_扩展数据B,MODBUS RTU,4x,2#2753,昆仑ModbusRTU迁移地址；原昆仑变量:设备0_读写4WUB2753；站号2,16-bit Unsigned
8组_34号_扩展数据B,MODBUS RTU,4x,2#2754,昆仑ModbusRTU迁移地址；原昆仑变量:设备0_读写4WUB2754；站号2,16-bit Unsigned
8组_35号_扩展数据B,MODBUS RTU,4x,2#2755,昆仑ModbusRTU迁移地址；原昆仑变量:设备0_读写4WUB2755；站号2,16-bit Unsigned
8组_36号_扩展数据B,MODBUS RTU,4x,2#2756,昆仑ModbusRTU迁移地址；原昆仑变量:设备0_读写4WUB2756；站号2,16-bit Unsigned
8组_37号_扩展数据B,MODBUS RTU,4x,2#2757,昆仑ModbusRTU迁移地址；原昆仑变量:设备0_读写4WUB2757；站号2,16-bit Unsigned
8组_38号_扩展数据B,MODBUS RTU,4x,2#2758,昆仑ModbusRTU迁移地址；原昆仑变量:设备0_读写4WUB2758；站号2,16-bit Unsigned
8组_39号_扩展数据B,MODBUS RTU,4x,2#2759,昆仑ModbusRTU迁移地址；原昆仑变量:设备0_读写4WUB2759；站号2,16-bit Unsigned
8组_40号_扩展数据B,MODBUS RTU,4x,2#2760,昆仑ModbusRTU迁移地址；原昆仑变量:设备0_读写4WUB2760；站号2,16-bit Unsigned
8组_41号_扩展数据B,MODBUS RTU,4x,2#2761,昆仑ModbusRTU迁移地址；原昆仑变量:设备0_读写4WUB2761；站号2,16-bit Unsigned
8组_42号_扩展数据B,MODBUS RTU,4x,2#2762,昆仑ModbusRTU迁移地址；原昆仑变量:设备0_读写4WUB2762；站号2,16-bit Unsigned
8组_43号_扩展数据B,MODBUS RTU,4x,2#2763,昆仑ModbusRTU迁移地址；原昆仑变量:设备0_读写4WUB2763；站号2,16-bit Unsigned
8组_44号_扩展数据B,MODBUS RTU,4x,2#2764,昆仑ModbusRTU迁移地址；原昆仑变量:设备0_读写4WUB2764；站号2,16-bit Unsigned
8组_45号_扩展数据B,MODBUS RTU,4x,2#2765,昆仑ModbusRTU迁移地址；原昆仑变量:设备0_读写4WUB2765；站号2,16-bit Unsigned
8组_46号_扩展数据B,MODBUS RTU,4x,2#2766,昆仑ModbusRTU迁移地址；原昆仑变量:设备0_读写4WUB2766；站号2,16-bit Unsigned
8组_47号_扩展数据B,MODBUS RTU,4x,2#2767,昆仑ModbusRTU迁移地址；原昆仑变量:设备0_读写4WUB2767；站号2,16-bit Unsigned
8组_48号_扩展数据B,MODBUS RTU,4x,2#2768,昆仑ModbusRTU迁移地址；原昆仑变量:设备0_读写4WUB2768；站号2,16-bit Unsigned
8组_49号_扩展数据B,MODBUS RTU,4x,2#2769,昆仑ModbusRTU迁移地址；原昆仑变量:设备0_读写4WUB2769；站号2,16-bit Unsigned
8组_50号_扩展数据B,MODBUS RTU,4x,2#2770,昆仑ModbusRTU迁移地址；原昆仑变量:设备0_读写4WUB2770；站号2,16-bit Unsigned
8组_51号_扩展数据B,MODBUS RTU,4x,2#2771,昆仑ModbusRTU迁移地址；原昆仑变量:设备0_读写4WUB2771；站号2,16-bit Unsigned
8组_52号_扩展数据B,MODBUS RTU,4x,2#2772,昆仑ModbusRTU迁移地址；原昆仑变量:设备0_读写4WUB2772；站号2,16-bit Unsigned
8组_53号_扩展数据B,MODBUS RTU,4x,2#2773,昆仑ModbusRTU迁移地址；原昆仑变量:设备0_读写4WUB2773；站号2,16-bit Unsigned
8组_54号_扩展数据B,MODBUS RTU,4x,2#2774,昆仑ModbusRTU迁移地址；原昆仑变量:设备0_读写4WUB2774；站号2,16-bit Unsigned
8组_55号_扩展数据B,MODBUS RTU,4x,2#2775,昆仑ModbusRTU迁移地址；原昆仑变量:设备0_读写4WUB2775；站号2,16-bit Unsigned
8组_56号_扩展数据B,MODBUS RTU,4x,2#2776,昆仑ModbusRTU迁移地址；原昆仑变量:设备0_读写4WUB2776；站号2,16-bit Unsigned
8组_57号_扩展数据B,MODBUS RTU,4x,2#2777,昆仑ModbusRTU迁移地址；原昆仑变量:设备0_读写4WUB2777；站号2,16-bit Unsigned
8组_58号_扩展数据B,MODBUS RTU,4x,2#2778,昆仑ModbusRTU迁移地址；原昆仑变量:设备0_读写4WUB2778；站号2,16-bit Unsigned
8组_59号_扩展数据B,MODBUS RTU,4x,2#2779,昆仑ModbusRTU迁移地址；原昆仑变量:设备0_读写4WUB2779；站号2,16-bit Unsigned
8组_60号_扩展数据B,MODBUS RTU,4x,2#2780,昆仑ModbusRTU迁移地址；原昆仑变量:设备0_读写4WUB2780；站号2,16-bit Unsigned
9组_01号_扩展数据B,MODBUS RTU,4x,2#2781,昆仑ModbusRTU迁移地址；原昆仑变量:设备0_读写4WUB2781；站号2,16-bit Unsigned
9组_02号_扩展数据B,MODBUS RTU,4x,2#2782,昆仑ModbusRTU迁移地址；原昆仑变量:设备0_读写4WUB2782；站号2,16-bit Unsigned
9组_03号_扩展数据B,MODBUS RTU,4x,2#2783,昆仑ModbusRTU迁移地址；原昆仑变量:设备0_读写4WUB2783；站号2,16-bit Unsigned
9组_04号_扩展数据B,MODBUS RTU,4x,2#2784,昆仑ModbusRTU迁移地址；原昆仑变量:设备0_读写4WUB2784；站号2,16-bit Unsigned
9组_05号_扩展数据B,MODBUS RTU,4x,2#2785,昆仑ModbusRTU迁移地址；原昆仑变量:设备0_读写4WUB2785；站号2,16-bit Unsigned
9组_06号_扩展数据B,MODBUS RTU,4x,2#2786,昆仑ModbusRTU迁移地址；原昆仑变量:设备0_读写4WUB2786；站号2,16-bit Unsigned
9组_07号_扩展数据B,MODBUS RTU,4x,2#2787,昆仑ModbusRTU迁移地址；原昆仑变量:设备0_读写4WUB2787；站号2,16-bit Unsigned
9组_08号_扩展数据B,MODBUS RTU,4x,2#2788,昆仑ModbusRTU迁移地址；原昆仑变量:设备0_读写4WUB2788；站号2,16-bit Unsigned
9组_09号_扩展数据B,MODBUS RTU,4x,2#2789,昆仑ModbusRTU迁移地址；原昆仑变量:设备0_读写4WUB2789；站号2,16-bit Unsigned
9组_10号_扩展数据B,MODBUS RTU,4x,2#2790,昆仑ModbusRTU迁移地址；原昆仑变量:设备0_读写4WUB2790；站号2,16-bit Unsigned
9组_11号_扩展数据B,MODBUS RTU,4x,2#2791,昆仑ModbusRTU迁移地址；原昆仑变量:设备0_读写4WUB2791；站号2,16-bit Unsigned
9组_12号_扩展数据B,MODBUS RTU,4x,2#2792,昆仑ModbusRTU迁移地址；原昆仑变量:设备0_读写4WUB2792；站号2,16-bit Unsigned
9组_13号_扩展数据B,MODBUS RTU,4x,2#2793,昆仑ModbusRTU迁移地址；原昆仑变量:设备0_读写4WUB2793；站号2,16-bit Unsigned
9组_14号_扩展数据B,MODBUS RTU,4x,2#2794,昆仑ModbusRTU迁移地址；原昆仑变量:设备0_读写4WUB2794；站号2,16-bit Unsigned
9组_15号_扩展数据B,MODBUS RTU,4x,2#2795,昆仑ModbusRTU迁移地址；原昆仑变量:设备0_读写4WUB2795；站号2,16-bit Unsigned
9组_16号_扩展数据B,MODBUS RTU,4x,2#2796,昆仑ModbusRTU迁移地址；原昆仑变量:设备0_读写4WUB2796；站号2,16-bit Unsigned
9组_17号_扩展数据B,MODBUS RTU,4x,2#2797,昆仑ModbusRTU迁移地址；原昆仑变量:设备0_读写4WUB2797；站号2,16-bit Unsigned
9组_18号_扩展数据B,MODBUS RTU,4x,2#2798,昆仑ModbusRTU迁移地址；原昆仑变量:设备0_读写4WUB2798；站号2,16-bit Unsigned
9组_19号_扩展数据B,MODBUS RTU,4x,2#2799,昆仑ModbusRTU迁移地址；原昆仑变量:设备0_读写4WUB2799；站号2,16-bit Unsigned
9组_20号_扩展数据B,MODBUS RTU,4x,2#2800,昆仑ModbusRTU迁移地址；原昆仑变量:设备0_读写4WUB2800；站号2,16-bit Unsigned
9组_21号_扩展数据B,MODBUS RTU,4x,2#2801,昆仑ModbusRTU迁移地址；原昆仑变量:设备0_读写4WUB2801；站号2,16-bit Unsigned
9组_22号_扩展数据B,MODBUS RTU,4x,2#2802,昆仑ModbusRTU迁移地址；原昆仑变量:设备0_读写4WUB2802；站号2,16-bit Unsigned
9组_23号_扩展数据B,MODBUS RTU,4x,2#2803,昆仑ModbusRTU迁移地址；原昆仑变量:设备0_读写4WUB2803；站号2,16-bit Unsigned
9组_24号_扩展数据B,MODBUS RTU,4x,2#2804,昆仑ModbusRTU迁移地址；原昆仑变量:设备0_读写4WUB2804；站号2,16-bit Unsigned
9组_25号_扩展数据B,MODBUS RTU,4x,2#2805,昆仑ModbusRTU迁移地址；原昆仑变量:设备0_读写4WUB2805；站号2,16-bit Unsigned
9组_26号_扩展数据B,MODBUS RTU,4x,2#2806,昆仑ModbusRTU迁移地址；原昆仑变量:设备0_读写4WUB2806；站号2,16-bit Unsigned
9组_27号_扩展数据B,MODBUS RTU,4x,2#2807,昆仑ModbusRTU迁移地址；原昆仑变量:设备0_读写4WUB2807；站号2,16-bit Unsigned
9组_28号_扩展数据B,MODBUS RTU,4x,2#2808,昆仑ModbusRTU迁移地址；原昆仑变量:设备0_读写4WUB2808；站号2,16-bit Unsigned
9组_29号_扩展数据B,MODBUS RTU,4x,2#2809,昆仑ModbusRTU迁移地址；原昆仑变量:设备0_读写4WUB2809；站号2,16-bit Unsigned
9组_30号_扩展数据B,MODBUS RTU,4x,2#2810,昆仑ModbusRTU迁移地址；原昆仑变量:设备0_读写4WUB2810；站号2,16-bit Unsigned
9组_31号_扩展数据B,MODBUS RTU,4x,2#2811,昆仑ModbusRTU迁移地址；原昆仑变量:设备0_读写4WUB2811；站号2,16-bit Unsigned
9组_32号_扩展数据B,MODBUS RTU,4x,2#2812,昆仑ModbusRTU迁移地址；原昆仑变量:设备0_读写4WUB2812；站号2,16-bit Unsigned
9组_33号_扩展数据B,MODBUS RTU,4x,2#2813,昆仑ModbusRTU迁移地址；原昆仑变量:设备0_读写4WUB2813；站号2,16-bit Unsigned
9组_34号_扩展数据B,MODBUS RTU,4x,2#2814,昆仑ModbusRTU迁移地址；原昆仑变量:设备0_读写4WUB2814；站号2,16-bit Unsigned
9组_35号_扩展数据B,MODBUS RTU,4x,2#2815,昆仑ModbusRTU迁移地址；原昆仑变量:设备0_读写4WUB2815；站号2,16-bit Unsigned
9组_36号_扩展数据B,MODBUS RTU,4x,2#2816,昆仑ModbusRTU迁移地址；原昆仑变量:设备0_读写4WUB2816；站号2,16-bit Unsigned
9组_37号_扩展数据B,MODBUS RTU,4x,2#2817,昆仑ModbusRTU迁移地址；原昆仑变量:设备0_读写4WUB2817；站号2,16-bit Unsigned
9组_38号_扩展数据B,MODBUS RTU,4x,2#2818,昆仑ModbusRTU迁移地址；原昆仑变量:设备0_读写4WUB2818；站号2,16-bit Unsigned
9组_39号_扩展数据B,MODBUS RTU,4x,2#2819,昆仑ModbusRTU迁移地址；原昆仑变量:设备0_读写4WUB2819；站号2,16-bit Unsigned
9组_40号_扩展数据B,MODBUS RTU,4x,2#2820,昆仑ModbusRTU迁移地址；原昆仑变量:设备0_读写4WUB2820；站号2,16-bit Unsigned
9组_41号_扩展数据B,MODBUS RTU,4x,2#2821,昆仑ModbusRTU迁移地址；原昆仑变量:设备0_读写4WUB2821；站号2,16-bit Unsigned
9组_42号_扩展数据B,MODBUS RTU,4x,2#2822,昆仑ModbusRTU迁移地址；原昆仑变量:设备0_读写4WUB2822；站号2,16-bit Unsigned
9组_43号_扩展数据B,MODBUS RTU,4x,2#2823,昆仑ModbusRTU迁移地址；原昆仑变量:设备0_读写4WUB2823；站号2,16-bit Unsigned
9组_44号_扩展数据B,MODBUS RTU,4x,2#2824,昆仑ModbusRTU迁移地址；原昆仑变量:设备0_读写4WUB2824；站号2,16-bit Unsigned
9组_45号_扩展数据B,MODBUS RTU,4x,2#2825,昆仑ModbusRTU迁移地址；原昆仑变量:设备0_读写4WUB2825；站号2,16-bit Unsigned
9组_46号_扩展数据B,MODBUS RTU,4x,2#2826,昆仑ModbusRTU迁移地址；原昆仑变量:设备0_读写4WUB2826；站号2,16-bit Unsigned
9组_47号_扩展数据B,MODBUS RTU,4x,2#2827,昆仑ModbusRTU迁移地址；原昆仑变量:设备0_读写4WUB2827；站号2,16-bit Unsigned
9组_48号_扩展数据B,MODBUS RTU,4x,2#2828,昆仑ModbusRTU迁移地址；原昆仑变量:设备0_读写4WUB2828；站号2,16-bit Unsigned
9组_49号_扩展数据B,MODBUS RTU,4x,2#2829,昆仑ModbusRTU迁移地址；原昆仑变量:设备0_读写4WUB2829；站号2,16-bit Unsigned
9组_50号_扩展数据B,MODBUS RTU,4x,2#2830,昆仑ModbusRTU迁移地址；原昆仑变量:设备0_读写4WUB2830；站号2,16-bit Unsigned
9组_51号_扩展数据B,MODBUS RTU,4x,2#2831,昆仑ModbusRTU迁移地址；原昆仑变量:设备0_读写4WUB2831；站号2,16-bit Unsigned
9组_52号_扩展数据B,MODBUS RTU,4x,2#2832,昆仑ModbusRTU迁移地址；原昆仑变量:设备0_读写4WUB2832；站号2,16-bit Unsigned
9组_53号_扩展数据B,MODBUS RTU,4x,2#2833,昆仑ModbusRTU迁移地址；原昆仑变量:设备0_读写4WUB2833；站号2,16-bit Unsigned
9组_54号_扩展数据B,MODBUS RTU,4x,2#2834,昆仑ModbusRTU迁移地址；原昆仑变量:设备0_读写4WUB2834；站号2,16-bit Unsigned
9组_55号_扩展数据B,MODBUS RTU,4x,2#2835,昆仑ModbusRTU迁移地址；原昆仑变量:设备0_读写4WUB2835；站号2,16-bit Unsigned
9组_56号_扩展数据B,MODBUS RTU,4x,2#2836,昆仑ModbusRTU迁移地址；原昆仑变量:设备0_读写4WUB2836；站号2,16-bit Unsigned
9组_57号_扩展数据B,MODBUS RTU,4x,2#2837,昆仑ModbusRTU迁移地址；原昆仑变量:设备0_读写4WUB2837；站号2,16-bit Unsigned
9组_58号_扩展数据B,MODBUS RTU,4x,2#2838,昆仑ModbusRTU迁移地址；原昆仑变量:设备0_读写4WUB2838；站号2,16-bit Unsigned
9组_59号_扩展数据B,MODBUS RTU,4x,2#2839,昆仑ModbusRTU迁移地址；原昆仑变量:设备0_读写4WUB2839；站号2,16-bit Unsigned
9组_60号_扩展数据B,MODBUS RTU,4x,2#2840,昆仑ModbusRTU迁移地址；原昆仑变量:设备0_读写4WUB2840；站号2,16-bit Unsigned
10组_01号_扩展数据B,MODBUS RTU,4x,2#2841,昆仑ModbusRTU迁移地址；原昆仑变量:设备0_读写4WUB2841；站号2,16-bit Unsigned
10组_02号_扩展数据B,MODBUS RTU,4x,2#2842,昆仑ModbusRTU迁移地址；原昆仑变量:设备0_读写4WUB2842；站号2,16-bit Unsigned
10组_03号_扩展数据B,MODBUS RTU,4x,2#2843,昆仑ModbusRTU迁移地址；原昆仑变量:设备0_读写4WUB2843；站号2,16-bit Unsigned
10组_04号_扩展数据B,MODBUS RTU,4x,2#2844,昆仑ModbusRTU迁移地址；原昆仑变量:设备0_读写4WUB2844；站号2,16-bit Unsigned
10组_05号_扩展数据B,MODBUS RTU,4x,2#2845,昆仑ModbusRTU迁移地址；原昆仑变量:设备0_读写4WUB2845；站号2,16-bit Unsigned
10组_06号_扩展数据B,MODBUS RTU,4x,2#2846,昆仑ModbusRTU迁移地址；原昆仑变量:设备0_读写4WUB2846；站号2,16-bit Unsigned
10组_07号_扩展数据B,MODBUS RTU,4x,2#2847,昆仑ModbusRTU迁移地址；原昆仑变量:设备0_读写4WUB2847；站号2,16-bit Unsigned
10组_08号_扩展数据B,MODBUS RTU,4x,2#2848,昆仑ModbusRTU迁移地址；原昆仑变量:设备0_读写4WUB2848；站号2,16-bit Unsigned
10组_09号_扩展数据B,MODBUS RTU,4x,2#2849,昆仑ModbusRTU迁移地址；原昆仑变量:设备0_读写4WUB2849；站号2,16-bit Unsigned
10组_10号_扩展数据B,MODBUS RTU,4x,2#2850,昆仑ModbusRTU迁移地址；原昆仑变量:设备0_读写4WUB2850；站号2,16-bit Unsigned
10组_11号_扩展数据B,MODBUS RTU,4x,2#2851,昆仑ModbusRTU迁移地址；原昆仑变量:设备0_读写4WUB2851；站号2,16-bit Unsigned
10组_12号_扩展数据B,MODBUS RTU,4x,2#2852,昆仑ModbusRTU迁移地址；原昆仑变量:设备0_读写4WUB2852；站号2,16-bit Unsigned
10组_13号_扩展数据B,MODBUS RTU,4x,2#2853,昆仑ModbusRTU迁移地址；原昆仑变量:设备0_读写4WUB2853；站号2,16-bit Unsigned
10组_14号_扩展数据B,MODBUS RTU,4x,2#2854,昆仑ModbusRTU迁移地址；原昆仑变量:设备0_读写4WUB2854；站号2,16-bit Unsigned
10组_15号_扩展数据B,MODBUS RTU,4x,2#2855,昆仑ModbusRTU迁移地址；原昆仑变量:设备0_读写4WUB2855；站号2,16-bit Unsigned
10组_16号_扩展数据B,MODBUS RTU,4x,2#2856,昆仑ModbusRTU迁移地址；原昆仑变量:设备0_读写4WUB2856；站号2,16-bit Unsigned
10组_17号_扩展数据B,MODBUS RTU,4x,2#2857,昆仑ModbusRTU迁移地址；原昆仑变量:设备0_读写4WUB2857；站号2,16-bit Unsigned
10组_18号_扩展数据B,MODBUS RTU,4x,2#2858,昆仑ModbusRTU迁移地址；原昆仑变量:设备0_读写4WUB2858；站号2,16-bit Unsigned
10组_19号_扩展数据B,MODBUS RTU,4x,2#2859,昆仑ModbusRTU迁移地址；原昆仑变量:设备0_读写4WUB2859；站号2,16-bit Unsigned
10组_20号_扩展数据B,MODBUS RTU,4x,2#2860,昆仑ModbusRTU迁移地址；原昆仑变量:设备0_读写4WUB2860；站号2,16-bit Unsigned
10组_21号_扩展数据B,MODBUS RTU,4x,2#2861,昆仑ModbusRTU迁移地址；原昆仑变量:设备0_读写4WUB2861；站号2,16-bit Unsigned
10组_22号_扩展数据B,MODBUS RTU,4x,2#2862,昆仑ModbusRTU迁移地址；原昆仑变量:设备0_读写4WUB2862；站号2,16-bit Unsigned
10组_23号_扩展数据B,MODBUS RTU,4x,2#2863,昆仑ModbusRTU迁移地址；原昆仑变量:设备0_读写4WUB2863；站号2,16-bit Unsigned
10组_24号_扩展数据B,MODBUS RTU,4x,2#2864,昆仑ModbusRTU迁移地址；原昆仑变量:设备0_读写4WUB2864；站号2,16-bit Unsigned
10组_25号_扩展数据B,MODBUS RTU,4x,2#2865,昆仑ModbusRTU迁移地址；原昆仑变量:设备0_读写4WUB2865；站号2,16-bit Unsigned
10组_26号_扩展数据B,MODBUS RTU,4x,2#2866,昆仑ModbusRTU迁移地址；原昆仑变量:设备0_读写4WUB2866；站号2,16-bit Unsigned
10组_27号_扩展数据B,MODBUS RTU,4x,2#2867,昆仑ModbusRTU迁移地址；原昆仑变量:设备0_读写4WUB2867；站号2,16-bit Unsigned
10组_28号_扩展数据B,MODBUS RTU,4x,2#2868,昆仑ModbusRTU迁移地址；原昆仑变量:设备0_读写4WUB2868；站号2,16-bit Unsigned
10组_29号_扩展数据B,MODBUS RTU,4x,2#2869,昆仑ModbusRTU迁移地址；原昆仑变量:设备0_读写4WUB2869；站号2,16-bit Unsigned
10组_30号_扩展数据B,MODBUS RTU,4x,2#2870,昆仑ModbusRTU迁移地址；原昆仑变量:设备0_读写4WUB2870；站号2,16-bit Unsigned
10组_31号_扩展数据B,MODBUS RTU,4x,2#2871,昆仑ModbusRTU迁移地址；原昆仑变量:设备0_读写4WUB2871；站号2,16-bit Unsigned
10组_32号_扩展数据B,MODBUS RTU,4x,2#2872,昆仑ModbusRTU迁移地址；原昆仑变量:设备0_读写4WUB2872；站号2,16-bit Unsigned
10组_33号_扩展数据B,MODBUS RTU,4x,2#2873,昆仑ModbusRTU迁移地址；原昆仑变量:设备0_读写4WUB2873；站号2,16-bit Unsigned
10组_34号_扩展数据B,MODBUS RTU,4x,2#2874,昆仑ModbusRTU迁移地址；原昆仑变量:设备0_读写4WUB2874；站号2,16-bit Unsigned
10组_35号_扩展数据B,MODBUS RTU,4x,2#2875,昆仑ModbusRTU迁移地址；原昆仑变量:设备0_读写4WUB2875；站号2,16-bit Unsigned
10组_36号_扩展数据B,MODBUS RTU,4x,2#2876,昆仑ModbusRTU迁移地址；原昆仑变量:设备0_读写4WUB2876；站号2,16-bit Unsigned
10组_37号_扩展数据B,MODBUS RTU,4x,2#2877,昆仑ModbusRTU迁移地址；原昆仑变量:设备0_读写4WUB2877；站号2,16-bit Unsigned
10组_38号_扩展数据B,MODBUS RTU,4x,2#2878,昆仑ModbusRTU迁移地址；原昆仑变量:设备0_读写4WUB2878；站号2,16-bit Unsigned
10组_39号_扩展数据B,MODBUS RTU,4x,2#2879,昆仑ModbusRTU迁移地址；原昆仑变量:设备0_读写4WUB2879；站号2,16-bit Unsigned
10组_40号_扩展数据B,MODBUS RTU,4x,2#2880,昆仑ModbusRTU迁移地址；原昆仑变量:设备0_读写4WUB2880；站号2,16-bit Unsigned
10组_41号_扩展数据B,MODBUS RTU,4x,2#2881,昆仑ModbusRTU迁移地址；原昆仑变量:设备0_读写4WUB2881；站号2,16-bit Unsigned
10组_42号_扩展数据B,MODBUS RTU,4x,2#2882,昆仑ModbusRTU迁移地址；原昆仑变量:设备0_读写4WUB2882；站号2,16-bit Unsigned
10组_43号_扩展数据B,MODBUS RTU,4x,2#2883,昆仑ModbusRTU迁移地址；原昆仑变量:设备0_读写4WUB2883；站号2,16-bit Unsigned
10组_44号_扩展数据B,MODBUS RTU,4x,2#2884,昆仑ModbusRTU迁移地址；原昆仑变量:设备0_读写4WUB2884；站号2,16-bit Unsigned
10组_45号_扩展数据B,MODBUS RTU,4x,2#2885,昆仑ModbusRTU迁移地址；原昆仑变量:设备0_读写4WUB2885；站号2,16-bit Unsigned
10组_46号_扩展数据B,MODBUS RTU,4x,2#2886,昆仑ModbusRTU迁移地址；原昆仑变量:设备0_读写4WUB2886；站号2,16-bit Unsigned
10组_47号_扩展数据B,MODBUS RTU,4x,2#2887,昆仑ModbusRTU迁移地址；原昆仑变量:设备0_读写4WUB2887；站号2,16-bit Unsigned
10组_48号_扩展数据B,MODBUS RTU,4x,2#2888,昆仑ModbusRTU迁移地址；原昆仑变量:设备0_读写4WUB2888；站号2,16-bit Unsigned
10组_49号_扩展数据B,MODBUS RTU,4x,2#2889,昆仑ModbusRTU迁移地址；原昆仑变量:设备0_读写4WUB2889；站号2,16-bit Unsigned
10组_50号_扩展数据B,MODBUS RTU,4x,2#2890,昆仑ModbusRTU迁移地址；原昆仑变量:设备0_读写4WUB2890；站号2,16-bit Unsigned
10组_51号_扩展数据B,MODBUS RTU,4x,2#2891,昆仑ModbusRTU迁移地址；原昆仑变量:设备0_读写4WUB2891；站号2,16-bit Unsigned
10组_52号_扩展数据B,MODBUS RTU,4x,2#2892,昆仑ModbusRTU迁移地址；原昆仑变量:设备0_读写4WUB2892；站号2,16-bit Unsigned
10组_53号_扩展数据B,MODBUS RTU,4x,2#2893,昆仑ModbusRTU迁移地址；原昆仑变量:设备0_读写4WUB2893；站号2,16-bit Unsigned
10组_54号_扩展数据B,MODBUS RTU,4x,2#2894,昆仑ModbusRTU迁移地址；原昆仑变量:设备0_读写4WUB2894；站号2,16-bit Unsigned
10组_55号_扩展数据B,MODBUS RTU,4x,2#2895,昆仑ModbusRTU迁移地址；原昆仑变量:设备0_读写4WUB2895；站号2,16-bit Unsigned
10组_56号_扩展数据B,MODBUS RTU,4x,2#2896,昆仑ModbusRTU迁移地址；原昆仑变量:设备0_读写4WUB2896；站号2,16-bit Unsigned
10组_57号_扩展数据B,MODBUS RTU,4x,2#2897,昆仑ModbusRTU迁移地址；原昆仑变量:设备0_读写4WUB2897；站号2,16-bit Unsigned
10组_58号_扩展数据B,MODBUS RTU,4x,2#2898,昆仑ModbusRTU迁移地址；原昆仑变量:设备0_读写4WUB2898；站号2,16-bit Unsigned
10组_59号_扩展数据B,MODBUS RTU,4x,2#2899,昆仑ModbusRTU迁移地址；原昆仑变量:设备0_读写4WUB2899；站号2,16-bit Unsigned
10组_60号_扩展数据B,MODBUS RTU,4x,2#2900,昆仑ModbusRTU迁移地址；原昆仑变量:设备0_读写4WUB2900；站号2,16-bit Unsigned
6组_01号_扩展数据C,MODBUS RTU,4x,2#2901,昆仑ModbusRTU迁移地址；原昆仑变量:设备0_读写4WUB2901；站号2,16-bit Unsigned
6组_02号_扩展数据C,MODBUS RTU,4x,2#2902,昆仑ModbusRTU迁移地址；原昆仑变量:设备0_读写4WUB2902；站号2,16-bit Unsigned
6组_03号_扩展数据C,MODBUS RTU,4x,2#2903,昆仑ModbusRTU迁移地址；原昆仑变量:设备0_读写4WUB2903；站号2,16-bit Unsigned
6组_04号_扩展数据C,MODBUS RTU,4x,2#2904,昆仑ModbusRTU迁移地址；原昆仑变量:设备0_读写4WUB2904；站号2,16-bit Unsigned
6组_05号_扩展数据C,MODBUS RTU,4x,2#2905,昆仑ModbusRTU迁移地址；原昆仑变量:设备0_读写4WUB2905；站号2,16-bit Unsigned
6组_06号_扩展数据C,MODBUS RTU,4x,2#2906,昆仑ModbusRTU迁移地址；原昆仑变量:设备0_读写4WUB2906；站号2,16-bit Unsigned
6组_07号_扩展数据C,MODBUS RTU,4x,2#2907,昆仑ModbusRTU迁移地址；原昆仑变量:设备0_读写4WUB2907；站号2,16-bit Unsigned
6组_08号_扩展数据C,MODBUS RTU,4x,2#2908,昆仑ModbusRTU迁移地址；原昆仑变量:设备0_读写4WUB2908；站号2,16-bit Unsigned
6组_09号_扩展数据C,MODBUS RTU,4x,2#2909,昆仑ModbusRTU迁移地址；原昆仑变量:设备0_读写4WUB2909；站号2,16-bit Unsigned
6组_10号_扩展数据C,MODBUS RTU,4x,2#2910,昆仑ModbusRTU迁移地址；原昆仑变量:设备0_读写4WUB2910；站号2,16-bit Unsigned
6组_11号_扩展数据C,MODBUS RTU,4x,2#2911,昆仑ModbusRTU迁移地址；原昆仑变量:设备0_读写4WUB2911；站号2,16-bit Unsigned
6组_12号_扩展数据C,MODBUS RTU,4x,2#2912,昆仑ModbusRTU迁移地址；原昆仑变量:设备0_读写4WUB2912；站号2,16-bit Unsigned
6组_13号_扩展数据C,MODBUS RTU,4x,2#2913,昆仑ModbusRTU迁移地址；原昆仑变量:设备0_读写4WUB2913；站号2,16-bit Unsigned
6组_14号_扩展数据C,MODBUS RTU,4x,2#2914,昆仑ModbusRTU迁移地址；原昆仑变量:设备0_读写4WUB2914；站号2,16-bit Unsigned
6组_15号_扩展数据C,MODBUS RTU,4x,2#2915,昆仑ModbusRTU迁移地址；原昆仑变量:设备0_读写4WUB2915；站号2,16-bit Unsigned
6组_16号_扩展数据C,MODBUS RTU,4x,2#2916,昆仑ModbusRTU迁移地址；原昆仑变量:设备0_读写4WUB2916；站号2,16-bit Unsigned
6组_17号_扩展数据C,MODBUS RTU,4x,2#2917,昆仑ModbusRTU迁移地址；原昆仑变量:设备0_读写4WUB2917；站号2,16-bit Unsigned
6组_18号_扩展数据C,MODBUS RTU,4x,2#2918,昆仑ModbusRTU迁移地址；原昆仑变量:设备0_读写4WUB2918；站号2,16-bit Unsigned
6组_19号_扩展数据C,MODBUS RTU,4x,2#2919,昆仑ModbusRTU迁移地址；原昆仑变量:设备0_读写4WUB2919；站号2,16-bit Unsigned
6组_20号_扩展数据C,MODBUS RTU,4x,2#2920,昆仑ModbusRTU迁移地址；原昆仑变量:设备0_读写4WUB2920；站号2,16-bit Unsigned
6组_21号_扩展数据C,MODBUS RTU,4x,2#2921,昆仑ModbusRTU迁移地址；原昆仑变量:设备0_读写4WUB2921；站号2,16-bit Unsigned
6组_22号_扩展数据C,MODBUS RTU,4x,2#2922,昆仑ModbusRTU迁移地址；原昆仑变量:设备0_读写4WUB2922；站号2,16-bit Unsigned
6组_23号_扩展数据C,MODBUS RTU,4x,2#2923,昆仑ModbusRTU迁移地址；原昆仑变量:设备0_读写4WUB2923；站号2,16-bit Unsigned
6组_24号_扩展数据C,MODBUS RTU,4x,2#2924,昆仑ModbusRTU迁移地址；原昆仑变量:设备0_读写4WUB2924；站号2,16-bit Unsigned
6组_25号_扩展数据C,MODBUS RTU,4x,2#2925,昆仑ModbusRTU迁移地址；原昆仑变量:设备0_读写4WUB2925；站号2,16-bit Unsigned
6组_26号_扩展数据C,MODBUS RTU,4x,2#2926,昆仑ModbusRTU迁移地址；原昆仑变量:设备0_读写4WUB2926；站号2,16-bit Unsigned
6组_27号_扩展数据C,MODBUS RTU,4x,2#2927,昆仑ModbusRTU迁移地址；原昆仑变量:设备0_读写4WUB2927；站号2,16-bit Unsigned
6组_28号_扩展数据C,MODBUS RTU,4x,2#2928,昆仑ModbusRTU迁移地址；原昆仑变量:设备0_读写4WUB2928；站号2,16-bit Unsigned
6组_29号_扩展数据C,MODBUS RTU,4x,2#2929,昆仑ModbusRTU迁移地址；原昆仑变量:设备0_读写4WUB2929；站号2,16-bit Unsigned
6组_30号_扩展数据C,MODBUS RTU,4x,2#2930,昆仑ModbusRTU迁移地址；原昆仑变量:设备0_读写4WUB2930；站号2,16-bit Unsigned
6组_31号_扩展数据C,MODBUS RTU,4x,2#2931,昆仑ModbusRTU迁移地址；原昆仑变量:设备0_读写4WUB2931；站号2,16-bit Unsigned
6组_32号_扩展数据C,MODBUS RTU,4x,2#2932,昆仑ModbusRTU迁移地址；原昆仑变量:设备0_读写4WUB2932；站号2,16-bit Unsigned
6组_33号_扩展数据C,MODBUS RTU,4x,2#2933,昆仑ModbusRTU迁移地址；原昆仑变量:设备0_读写4WUB2933；站号2,16-bit Unsigned
6组_34号_扩展数据C,MODBUS RTU,4x,2#2934,昆仑ModbusRTU迁移地址；原昆仑变量:设备0_读写4WUB2934；站号2,16-bit Unsigned
6组_35号_扩展数据C,MODBUS RTU,4x,2#2935,昆仑ModbusRTU迁移地址；原昆仑变量:设备0_读写4WUB2935；站号2,16-bit Unsigned
6组_36号_扩展数据C,MODBUS RTU,4x,2#2936,昆仑ModbusRTU迁移地址；原昆仑变量:设备0_读写4WUB2936；站号2,16-bit Unsigned
6组_37号_扩展数据C,MODBUS RTU,4x,2#2937,昆仑ModbusRTU迁移地址；原昆仑变量:设备0_读写4WUB2937；站号2,16-bit Unsigned
6组_38号_扩展数据C,MODBUS RTU,4x,2#2938,昆仑ModbusRTU迁移地址；原昆仑变量:设备0_读写4WUB2938；站号2,16-bit Unsigned
6组_39号_扩展数据C,MODBUS RTU,4x,2#2939,昆仑ModbusRTU迁移地址；原昆仑变量:设备0_读写4WUB2939；站号2,16-bit Unsigned
6组_40号_扩展数据C,MODBUS RTU,4x,2#2940,昆仑ModbusRTU迁移地址；原昆仑变量:设备0_读写4WUB2940；站号2,16-bit Unsigned
6组_41号_扩展数据C,MODBUS RTU,4x,2#2941,昆仑ModbusRTU迁移地址；原昆仑变量:设备0_读写4WUB2941；站号2,16-bit Unsigned
6组_42号_扩展数据C,MODBUS RTU,4x,2#2942,昆仑ModbusRTU迁移地址；原昆仑变量:设备0_读写4WUB2942；站号2,16-bit Unsigned
6组_43号_扩展数据C,MODBUS RTU,4x,2#2943,昆仑ModbusRTU迁移地址；原昆仑变量:设备0_读写4WUB2943；站号2,16-bit Unsigned
6组_44号_扩展数据C,MODBUS RTU,4x,2#2944,昆仑ModbusRTU迁移地址；原昆仑变量:设备0_读写4WUB2944；站号2,16-bit Unsigned
6组_45号_扩展数据C,MODBUS RTU,4x,2#2945,昆仑ModbusRTU迁移地址；原昆仑变量:设备0_读写4WUB2945；站号2,16-bit Unsigned
6组_46号_扩展数据C,MODBUS RTU,4x,2#2946,昆仑ModbusRTU迁移地址；原昆仑变量:设备0_读写4WUB2946；站号2,16-bit Unsigned
6组_47号_扩展数据C,MODBUS RTU,4x,2#2947,昆仑ModbusRTU迁移地址；原昆仑变量:设备0_读写4WUB2947；站号2,16-bit Unsigned
6组_48号_扩展数据C,MODBUS RTU,4x,2#2948,昆仑ModbusRTU迁移地址；原昆仑变量:设备0_读写4WUB2948；站号2,16-bit Unsigned
6组_49号_扩展数据C,MODBUS RTU,4x,2#2949,昆仑ModbusRTU迁移地址；原昆仑变量:设备0_读写4WUB2949；站号2,16-bit Unsigned
6组_50号_扩展数据C,MODBUS RTU,4x,2#2950,昆仑ModbusRTU迁移地址；原昆仑变量:设备0_读写4WUB2950；站号2,16-bit Unsigned
6组_51号_扩展数据C,MODBUS RTU,4x,2#2951,昆仑ModbusRTU迁移地址；原昆仑变量:设备0_读写4WUB2951；站号2,16-bit Unsigned
6组_52号_扩展数据C,MODBUS RTU,4x,2#2952,昆仑ModbusRTU迁移地址；原昆仑变量:设备0_读写4WUB2952；站号2,16-bit Unsigned
6组_53号_扩展数据C,MODBUS RTU,4x,2#2953,昆仑ModbusRTU迁移地址；原昆仑变量:设备0_读写4WUB2953；站号2,16-bit Unsigned
6组_54号_扩展数据C,MODBUS RTU,4x,2#2954,昆仑ModbusRTU迁移地址；原昆仑变量:设备0_读写4WUB2954；站号2,16-bit Unsigned
6组_55号_扩展数据C,MODBUS RTU,4x,2#2955,昆仑ModbusRTU迁移地址；原昆仑变量:设备0_读写4WUB2955；站号2,16-bit Unsigned
6组_56号_扩展数据C,MODBUS RTU,4x,2#2956,昆仑ModbusRTU迁移地址；原昆仑变量:设备0_读写4WUB2956；站号2,16-bit Unsigned
6组_57号_扩展数据C,MODBUS RTU,4x,2#2957,昆仑ModbusRTU迁移地址；原昆仑变量:设备0_读写4WUB2957；站号2,16-bit Unsigned
6组_58号_扩展数据C,MODBUS RTU,4x,2#2958,昆仑ModbusRTU迁移地址；原昆仑变量:设备0_读写4WUB2958；站号2,16-bit Unsigned
6组_59号_扩展数据C,MODBUS RTU,4x,2#2959,昆仑ModbusRTU迁移地址；原昆仑变量:设备0_读写4WUB2959；站号2,16-bit Unsigned
6组_60号_扩展数据C,MODBUS RTU,4x,2#2960,昆仑ModbusRTU迁移地址；原昆仑变量:设备0_读写4WUB2960；站号2,16-bit Unsigned
7组_01号_扩展数据C,MODBUS RTU,4x,2#2961,昆仑ModbusRTU迁移地址；原昆仑变量:设备0_读写4WUB2961；站号2,16-bit Unsigned
7组_02号_扩展数据C,MODBUS RTU,4x,2#2962,昆仑ModbusRTU迁移地址；原昆仑变量:设备0_读写4WUB2962；站号2,16-bit Unsigned
7组_03号_扩展数据C,MODBUS RTU,4x,2#2963,昆仑ModbusRTU迁移地址；原昆仑变量:设备0_读写4WUB2963；站号2,16-bit Unsigned
7组_04号_扩展数据C,MODBUS RTU,4x,2#2964,昆仑ModbusRTU迁移地址；原昆仑变量:设备0_读写4WUB2964；站号2,16-bit Unsigned
7组_05号_扩展数据C,MODBUS RTU,4x,2#2965,昆仑ModbusRTU迁移地址；原昆仑变量:设备0_读写4WUB2965；站号2,16-bit Unsigned
7组_06号_扩展数据C,MODBUS RTU,4x,2#2966,昆仑ModbusRTU迁移地址；原昆仑变量:设备0_读写4WUB2966；站号2,16-bit Unsigned
7组_07号_扩展数据C,MODBUS RTU,4x,2#2967,昆仑ModbusRTU迁移地址；原昆仑变量:设备0_读写4WUB2967；站号2,16-bit Unsigned
7组_08号_扩展数据C,MODBUS RTU,4x,2#2968,昆仑ModbusRTU迁移地址；原昆仑变量:设备0_读写4WUB2968；站号2,16-bit Unsigned
7组_09号_扩展数据C,MODBUS RTU,4x,2#2969,昆仑ModbusRTU迁移地址；原昆仑变量:设备0_读写4WUB2969；站号2,16-bit Unsigned
7组_10号_扩展数据C,MODBUS RTU,4x,2#2970,昆仑ModbusRTU迁移地址；原昆仑变量:设备0_读写4WUB2970；站号2,16-bit Unsigned
7组_11号_扩展数据C,MODBUS RTU,4x,2#2971,昆仑ModbusRTU迁移地址；原昆仑变量:设备0_读写4WUB2971；站号2,16-bit Unsigned
7组_12号_扩展数据C,MODBUS RTU,4x,2#2972,昆仑ModbusRTU迁移地址；原昆仑变量:设备0_读写4WUB2972；站号2,16-bit Unsigned
7组_13号_扩展数据C,MODBUS RTU,4x,2#2973,昆仑ModbusRTU迁移地址；原昆仑变量:设备0_读写4WUB2973；站号2,16-bit Unsigned
7组_14号_扩展数据C,MODBUS RTU,4x,2#2974,昆仑ModbusRTU迁移地址；原昆仑变量:设备0_读写4WUB2974；站号2,16-bit Unsigned
7组_15号_扩展数据C,MODBUS RTU,4x,2#2975,昆仑ModbusRTU迁移地址；原昆仑变量:设备0_读写4WUB2975；站号2,16-bit Unsigned
7组_16号_扩展数据C,MODBUS RTU,4x,2#2976,昆仑ModbusRTU迁移地址；原昆仑变量:设备0_读写4WUB2976；站号2,16-bit Unsigned
7组_17号_扩展数据C,MODBUS RTU,4x,2#2977,昆仑ModbusRTU迁移地址；原昆仑变量:设备0_读写4WUB2977；站号2,16-bit Unsigned
7组_18号_扩展数据C,MODBUS RTU,4x,2#2978,昆仑ModbusRTU迁移地址；原昆仑变量:设备0_读写4WUB2978；站号2,16-bit Unsigned
7组_19号_扩展数据C,MODBUS RTU,4x,2#2979,昆仑ModbusRTU迁移地址；原昆仑变量:设备0_读写4WUB2979；站号2,16-bit Unsigned
7组_20号_扩展数据C,MODBUS RTU,4x,2#2980,昆仑ModbusRTU迁移地址；原昆仑变量:设备0_读写4WUB2980；站号2,16-bit Unsigned
7组_21号_扩展数据C,MODBUS RTU,4x,2#2981,昆仑ModbusRTU迁移地址；原昆仑变量:设备0_读写4WUB2981；站号2,16-bit Unsigned
7组_22号_扩展数据C,MODBUS RTU,4x,2#2982,昆仑ModbusRTU迁移地址；原昆仑变量:设备0_读写4WUB2982；站号2,16-bit Unsigned
7组_23号_扩展数据C,MODBUS RTU,4x,2#2983,昆仑ModbusRTU迁移地址；原昆仑变量:设备0_读写4WUB2983；站号2,16-bit Unsigned
7组_24号_扩展数据C,MODBUS RTU,4x,2#2984,昆仑ModbusRTU迁移地址；原昆仑变量:设备0_读写4WUB2984；站号2,16-bit Unsigned
7组_25号_扩展数据C,MODBUS RTU,4x,2#2985,昆仑ModbusRTU迁移地址；原昆仑变量:设备0_读写4WUB2985；站号2,16-bit Unsigned
7组_26号_扩展数据C,MODBUS RTU,4x,2#2986,昆仑ModbusRTU迁移地址；原昆仑变量:设备0_读写4WUB2986；站号2,16-bit Unsigned
7组_27号_扩展数据C,MODBUS RTU,4x,2#2987,昆仑ModbusRTU迁移地址；原昆仑变量:设备0_读写4WUB2987；站号2,16-bit Unsigned
7组_28号_扩展数据C,MODBUS RTU,4x,2#2988,昆仑ModbusRTU迁移地址；原昆仑变量:设备0_读写4WUB2988；站号2,16-bit Unsigned
7组_29号_扩展数据C,MODBUS RTU,4x,2#2989,昆仑ModbusRTU迁移地址；原昆仑变量:设备0_读写4WUB2989；站号2,16-bit Unsigned
7组_30号_扩展数据C,MODBUS RTU,4x,2#2990,昆仑ModbusRTU迁移地址；原昆仑变量:设备0_读写4WUB2990；站号2,16-bit Unsigned
7组_31号_扩展数据C,MODBUS RTU,4x,2#2991,昆仑ModbusRTU迁移地址；原昆仑变量:设备0_读写4WUB2991；站号2,16-bit Unsigned
7组_32号_扩展数据C,MODBUS RTU,4x,2#2992,昆仑ModbusRTU迁移地址；原昆仑变量:设备0_读写4WUB2992；站号2,16-bit Unsigned
7组_33号_扩展数据C,MODBUS RTU,4x,2#2993,昆仑ModbusRTU迁移地址；原昆仑变量:设备0_读写4WUB2993；站号2,16-bit Unsigned
7组_34号_扩展数据C,MODBUS RTU,4x,2#2994,昆仑ModbusRTU迁移地址；原昆仑变量:设备0_读写4WUB2994；站号2,16-bit Unsigned
7组_35号_扩展数据C,MODBUS RTU,4x,2#2995,昆仑ModbusRTU迁移地址；原昆仑变量:设备0_读写4WUB2995；站号2,16-bit Unsigned
7组_36号_扩展数据C,MODBUS RTU,4x,2#2996,昆仑ModbusRTU迁移地址；原昆仑变量:设备0_读写4WUB2996；站号2,16-bit Unsigned
7组_37号_扩展数据C,MODBUS RTU,4x,2#2997,昆仑ModbusRTU迁移地址；原昆仑变量:设备0_读写4WUB2997；站号2,16-bit Unsigned
7组_38号_扩展数据C,MODBUS RTU,4x,2#2998,昆仑ModbusRTU迁移地址；原昆仑变量:设备0_读写4WUB2998；站号2,16-bit Unsigned
7组_39号_扩展数据C,MODBUS RTU,4x,2#2999,昆仑ModbusRTU迁移地址；原昆仑变量:设备0_读写4WUB2999；站号2,16-bit Unsigned
7组_40号_扩展数据C,MODBUS RTU,4x,2#3000,昆仑ModbusRTU迁移地址；原昆仑变量:设备0_读写4WUB3000；站号2,16-bit Unsigned
7组_41号_扩展数据C,MODBUS RTU,4x,2#3001,昆仑ModbusRTU迁移地址；原昆仑变量:设备0_读写4WUB3001；站号2,16-bit Unsigned
7组_42号_扩展数据C,MODBUS RTU,4x,2#3002,昆仑ModbusRTU迁移地址；原昆仑变量:设备0_读写4WUB3002；站号2,16-bit Unsigned
7组_43号_扩展数据C,MODBUS RTU,4x,2#3003,昆仑ModbusRTU迁移地址；原昆仑变量:设备0_读写4WUB3003；站号2,16-bit Unsigned
7组_44号_扩展数据C,MODBUS RTU,4x,2#3004,昆仑ModbusRTU迁移地址；原昆仑变量:设备0_读写4WUB3004；站号2,16-bit Unsigned
7组_45号_扩展数据C,MODBUS RTU,4x,2#3005,昆仑ModbusRTU迁移地址；原昆仑变量:设备0_读写4WUB3005；站号2,16-bit Unsigned
7组_46号_扩展数据C,MODBUS RTU,4x,2#3006,昆仑ModbusRTU迁移地址；原昆仑变量:设备0_读写4WUB3006；站号2,16-bit Unsigned
7组_47号_扩展数据C,MODBUS RTU,4x,2#3007,昆仑ModbusRTU迁移地址；原昆仑变量:设备0_读写4WUB3007；站号2,16-bit Unsigned
7组_48号_扩展数据C,MODBUS RTU,4x,2#3008,昆仑ModbusRTU迁移地址；原昆仑变量:设备0_读写4WUB3008；站号2,16-bit Unsigned
7组_49号_扩展数据C,MODBUS RTU,4x,2#3009,昆仑ModbusRTU迁移地址；原昆仑变量:设备0_读写4WUB3009；站号2,16-bit Unsigned
7组_50号_扩展数据C,MODBUS RTU,4x,2#3010,昆仑ModbusRTU迁移地址；原昆仑变量:设备0_读写4WUB3010；站号2,16-bit Unsigned
7组_51号_扩展数据C,MODBUS RTU,4x,2#3011,昆仑ModbusRTU迁移地址；原昆仑变量:设备0_读写4WUB3011；站号2,16-bit Unsigned
7组_52号_扩展数据C,MODBUS RTU,4x,2#3012,昆仑ModbusRTU迁移地址；原昆仑变量:设备0_读写4WUB3012；站号2,16-bit Unsigned
7组_53号_扩展数据C,MODBUS RTU,4x,2#3013,昆仑ModbusRTU迁移地址；原昆仑变量:设备0_读写4WUB3013；站号2,16-bit Unsigned
7组_54号_扩展数据C,MODBUS RTU,4x,2#3014,昆仑ModbusRTU迁移地址；原昆仑变量:设备0_读写4WUB3014；站号2,16-bit Unsigned
7组_55号_扩展数据C,MODBUS RTU,4x,2#3015,昆仑ModbusRTU迁移地址；原昆仑变量:设备0_读写4WUB3015；站号2,16-bit Unsigned
7组_56号_扩展数据C,MODBUS RTU,4x,2#3016,昆仑ModbusRTU迁移地址；原昆仑变量:设备0_读写4WUB3016；站号2,16-bit Unsigned
7组_57号_扩展数据C,MODBUS RTU,4x,2#3017,昆仑ModbusRTU迁移地址；原昆仑变量:设备0_读写4WUB3017；站号2,16-bit Unsigned
7组_58号_扩展数据C,MODBUS RTU,4x,2#3018,昆仑ModbusRTU迁移地址；原昆仑变量:设备0_读写4WUB3018；站号2,16-bit Unsigned
7组_59号_扩展数据C,MODBUS RTU,4x,2#3019,昆仑ModbusRTU迁移地址；原昆仑变量:设备0_读写4WUB3019；站号2,16-bit Unsigned
7组_60号_扩展数据C,MODBUS RTU,4x,2#3020,昆仑ModbusRTU迁移地址；原昆仑变量:设备0_读写4WUB3020；站号2,16-bit Unsigned
8组_01号_扩展数据C,MODBUS RTU,4x,2#3021,昆仑ModbusRTU迁移地址；原昆仑变量:设备0_读写4WUB3021；站号2,16-bit Unsigned
8组_02号_扩展数据C,MODBUS RTU,4x,2#3022,昆仑ModbusRTU迁移地址；原昆仑变量:设备0_读写4WUB3022；站号2,16-bit Unsigned
8组_03号_扩展数据C,MODBUS RTU,4x,2#3023,昆仑ModbusRTU迁移地址；原昆仑变量:设备0_读写4WUB3023；站号2,16-bit Unsigned
8组_04号_扩展数据C,MODBUS RTU,4x,2#3024,昆仑ModbusRTU迁移地址；原昆仑变量:设备0_读写4WUB3024；站号2,16-bit Unsigned
8组_05号_扩展数据C,MODBUS RTU,4x,2#3025,昆仑ModbusRTU迁移地址；原昆仑变量:设备0_读写4WUB3025；站号2,16-bit Unsigned
8组_06号_扩展数据C,MODBUS RTU,4x,2#3026,昆仑ModbusRTU迁移地址；原昆仑变量:设备0_读写4WUB3026；站号2,16-bit Unsigned
8组_07号_扩展数据C,MODBUS RTU,4x,2#3027,昆仑ModbusRTU迁移地址；原昆仑变量:设备0_读写4WUB3027；站号2,16-bit Unsigned
8组_08号_扩展数据C,MODBUS RTU,4x,2#3028,昆仑ModbusRTU迁移地址；原昆仑变量:设备0_读写4WUB3028；站号2,16-bit Unsigned
8组_09号_扩展数据C,MODBUS RTU,4x,2#3029,昆仑ModbusRTU迁移地址；原昆仑变量:设备0_读写4WUB3029；站号2,16-bit Unsigned
8组_10号_扩展数据C,MODBUS RTU,4x,2#3030,昆仑ModbusRTU迁移地址；原昆仑变量:设备0_读写4WUB3030；站号2,16-bit Unsigned
8组_11号_扩展数据C,MODBUS RTU,4x,2#3031,昆仑ModbusRTU迁移地址；原昆仑变量:设备0_读写4WUB3031；站号2,16-bit Unsigned
8组_12号_扩展数据C,MODBUS RTU,4x,2#3032,昆仑ModbusRTU迁移地址；原昆仑变量:设备0_读写4WUB3032；站号2,16-bit Unsigned
8组_13号_扩展数据C,MODBUS RTU,4x,2#3033,昆仑ModbusRTU迁移地址；原昆仑变量:设备0_读写4WUB3033；站号2,16-bit Unsigned
8组_14号_扩展数据C,MODBUS RTU,4x,2#3034,昆仑ModbusRTU迁移地址；原昆仑变量:设备0_读写4WUB3034；站号2,16-bit Unsigned
8组_15号_扩展数据C,MODBUS RTU,4x,2#3035,昆仑ModbusRTU迁移地址；原昆仑变量:设备0_读写4WUB3035；站号2,16-bit Unsigned
8组_16号_扩展数据C,MODBUS RTU,4x,2#3036,昆仑ModbusRTU迁移地址；原昆仑变量:设备0_读写4WUB3036；站号2,16-bit Unsigned
8组_17号_扩展数据C,MODBUS RTU,4x,2#3037,昆仑ModbusRTU迁移地址；原昆仑变量:设备0_读写4WUB3037；站号2,16-bit Unsigned
8组_18号_扩展数据C,MODBUS RTU,4x,2#3038,昆仑ModbusRTU迁移地址；原昆仑变量:设备0_读写4WUB3038；站号2,16-bit Unsigned
8组_19号_扩展数据C,MODBUS RTU,4x,2#3039,昆仑ModbusRTU迁移地址；原昆仑变量:设备0_读写4WUB3039；站号2,16-bit Unsigned
8组_20号_扩展数据C,MODBUS RTU,4x,2#3040,昆仑ModbusRTU迁移地址；原昆仑变量:设备0_读写4WUB3040；站号2,16-bit Unsigned
8组_21号_扩展数据C,MODBUS RTU,4x,2#3041,昆仑ModbusRTU迁移地址；原昆仑变量:设备0_读写4WUB3041；站号2,16-bit Unsigned
8组_22号_扩展数据C,MODBUS RTU,4x,2#3042,昆仑ModbusRTU迁移地址；原昆仑变量:设备0_读写4WUB3042；站号2,16-bit Unsigned
8组_23号_扩展数据C,MODBUS RTU,4x,2#3043,昆仑ModbusRTU迁移地址；原昆仑变量:设备0_读写4WUB3043；站号2,16-bit Unsigned
8组_24号_扩展数据C,MODBUS RTU,4x,2#3044,昆仑ModbusRTU迁移地址；原昆仑变量:设备0_读写4WUB3044；站号2,16-bit Unsigned
8组_25号_扩展数据C,MODBUS RTU,4x,2#3045,昆仑ModbusRTU迁移地址；原昆仑变量:设备0_读写4WUB3045；站号2,16-bit Unsigned
8组_26号_扩展数据C,MODBUS RTU,4x,2#3046,昆仑ModbusRTU迁移地址；原昆仑变量:设备0_读写4WUB3046；站号2,16-bit Unsigned
8组_27号_扩展数据C,MODBUS RTU,4x,2#3047,昆仑ModbusRTU迁移地址；原昆仑变量:设备0_读写4WUB3047；站号2,16-bit Unsigned
8组_28号_扩展数据C,MODBUS RTU,4x,2#3048,昆仑ModbusRTU迁移地址；原昆仑变量:设备0_读写4WUB3048；站号2,16-bit Unsigned
8组_29号_扩展数据C,MODBUS RTU,4x,2#3049,昆仑ModbusRTU迁移地址；原昆仑变量:设备0_读写4WUB3049；站号2,16-bit Unsigned
8组_30号_扩展数据C,MODBUS RTU,4x,2#3050,昆仑ModbusRTU迁移地址；原昆仑变量:设备0_读写4WUB3050；站号2,16-bit Unsigned
8组_31号_扩展数据C,MODBUS RTU,4x,2#3051,昆仑ModbusRTU迁移地址；原昆仑变量:设备0_读写4WUB3051；站号2,16-bit Unsigned
8组_32号_扩展数据C,MODBUS RTU,4x,2#3052,昆仑ModbusRTU迁移地址；原昆仑变量:设备0_读写4WUB3052；站号2,16-bit Unsigned
8组_33号_扩展数据C,MODBUS RTU,4x,2#3053,昆仑ModbusRTU迁移地址；原昆仑变量:设备0_读写4WUB3053；站号2,16-bit Unsigned
8组_34号_扩展数据C,MODBUS RTU,4x,2#3054,昆仑ModbusRTU迁移地址；原昆仑变量:设备0_读写4WUB3054；站号2,16-bit Unsigned
8组_35号_扩展数据C,MODBUS RTU,4x,2#3055,昆仑ModbusRTU迁移地址；原昆仑变量:设备0_读写4WUB3055；站号2,16-bit Unsigned
8组_36号_扩展数据C,MODBUS RTU,4x,2#3056,昆仑ModbusRTU迁移地址；原昆仑变量:设备0_读写4WUB3056；站号2,16-bit Unsigned
8组_37号_扩展数据C,MODBUS RTU,4x,2#3057,昆仑ModbusRTU迁移地址；原昆仑变量:设备0_读写4WUB3057；站号2,16-bit Unsigned
8组_38号_扩展数据C,MODBUS RTU,4x,2#3058,昆仑ModbusRTU迁移地址；原昆仑变量:设备0_读写4WUB3058；站号2,16-bit Unsigned
8组_39号_扩展数据C,MODBUS RTU,4x,2#3059,昆仑ModbusRTU迁移地址；原昆仑变量:设备0_读写4WUB3059；站号2,16-bit Unsigned
8组_40号_扩展数据C,MODBUS RTU,4x,2#3060,昆仑ModbusRTU迁移地址；原昆仑变量:设备0_读写4WUB3060；站号2,16-bit Unsigned
8组_41号_扩展数据C,MODBUS RTU,4x,2#3061,昆仑ModbusRTU迁移地址；原昆仑变量:设备0_读写4WUB3061；站号2,16-bit Unsigned
8组_42号_扩展数据C,MODBUS RTU,4x,2#3062,昆仑ModbusRTU迁移地址；原昆仑变量:设备0_读写4WUB3062；站号2,16-bit Unsigned
8组_43号_扩展数据C,MODBUS RTU,4x,2#3063,昆仑ModbusRTU迁移地址；原昆仑变量:设备0_读写4WUB3063；站号2,16-bit Unsigned
8组_44号_扩展数据C,MODBUS RTU,4x,2#3064,昆仑ModbusRTU迁移地址；原昆仑变量:设备0_读写4WUB3064；站号2,16-bit Unsigned
8组_45号_扩展数据C,MODBUS RTU,4x,2#3065,昆仑ModbusRTU迁移地址；原昆仑变量:设备0_读写4WUB3065；站号2,16-bit Unsigned
8组_46号_扩展数据C,MODBUS RTU,4x,2#3066,昆仑ModbusRTU迁移地址；原昆仑变量:设备0_读写4WUB3066；站号2,16-bit Unsigned
8组_47号_扩展数据C,MODBUS RTU,4x,2#3067,昆仑ModbusRTU迁移地址；原昆仑变量:设备0_读写4WUB3067；站号2,16-bit Unsigned
8组_48号_扩展数据C,MODBUS RTU,4x,2#3068,昆仑ModbusRTU迁移地址；原昆仑变量:设备0_读写4WUB3068；站号2,16-bit Unsigned
8组_49号_扩展数据C,MODBUS RTU,4x,2#3069,昆仑ModbusRTU迁移地址；原昆仑变量:设备0_读写4WUB3069；站号2,16-bit Unsigned
8组_50号_扩展数据C,MODBUS RTU,4x,2#3070,昆仑ModbusRTU迁移地址；原昆仑变量:设备0_读写4WUB3070；站号2,16-bit Unsigned
8组_51号_扩展数据C,MODBUS RTU,4x,2#3071,昆仑ModbusRTU迁移地址；原昆仑变量:设备0_读写4WUB3071；站号2,16-bit Unsigned
8组_52号_扩展数据C,MODBUS RTU,4x,2#3072,昆仑ModbusRTU迁移地址；原昆仑变量:设备0_读写4WUB3072；站号2,16-bit Unsigned
8组_53号_扩展数据C,MODBUS RTU,4x,2#3073,昆仑ModbusRTU迁移地址；原昆仑变量:设备0_读写4WUB3073；站号2,16-bit Unsigned
8组_54号_扩展数据C,MODBUS RTU,4x,2#3074,昆仑ModbusRTU迁移地址；原昆仑变量:设备0_读写4WUB3074；站号2,16-bit Unsigned
8组_55号_扩展数据C,MODBUS RTU,4x,2#3075,昆仑ModbusRTU迁移地址；原昆仑变量:设备0_读写4WUB3075；站号2,16-bit Unsigned
8组_56号_扩展数据C,MODBUS RTU,4x,2#3076,昆仑ModbusRTU迁移地址；原昆仑变量:设备0_读写4WUB3076；站号2,16-bit Unsigned
8组_57号_扩展数据C,MODBUS RTU,4x,2#3077,昆仑ModbusRTU迁移地址；原昆仑变量:设备0_读写4WUB3077；站号2,16-bit Unsigned
8组_58号_扩展数据C,MODBUS RTU,4x,2#3078,昆仑ModbusRTU迁移地址；原昆仑变量:设备0_读写4WUB3078；站号2,16-bit Unsigned
8组_59号_扩展数据C,MODBUS RTU,4x,2#3079,昆仑ModbusRTU迁移地址；原昆仑变量:设备0_读写4WUB3079；站号2,16-bit Unsigned
8组_60号_扩展数据C,MODBUS RTU,4x,2#3080,昆仑ModbusRTU迁移地址；原昆仑变量:设备0_读写4WUB3080；站号2,16-bit Unsigned
9组_01号_扩展数据C,MODBUS RTU,4x,2#3081,昆仑ModbusRTU迁移地址；原昆仑变量:设备0_读写4WUB3081；站号2,16-bit Unsigned
9组_02号_扩展数据C,MODBUS RTU,4x,2#3082,昆仑ModbusRTU迁移地址；原昆仑变量:设备0_读写4WUB3082；站号2,16-bit Unsigned
9组_03号_扩展数据C,MODBUS RTU,4x,2#3083,昆仑ModbusRTU迁移地址；原昆仑变量:设备0_读写4WUB3083；站号2,16-bit Unsigned
9组_04号_扩展数据C,MODBUS RTU,4x,2#3084,昆仑ModbusRTU迁移地址；原昆仑变量:设备0_读写4WUB3084；站号2,16-bit Unsigned
9组_05号_扩展数据C,MODBUS RTU,4x,2#3085,昆仑ModbusRTU迁移地址；原昆仑变量:设备0_读写4WUB3085；站号2,16-bit Unsigned
9组_06号_扩展数据C,MODBUS RTU,4x,2#3086,昆仑ModbusRTU迁移地址；原昆仑变量:设备0_读写4WUB3086；站号2,16-bit Unsigned
9组_07号_扩展数据C,MODBUS RTU,4x,2#3087,昆仑ModbusRTU迁移地址；原昆仑变量:设备0_读写4WUB3087；站号2,16-bit Unsigned
9组_08号_扩展数据C,MODBUS RTU,4x,2#3088,昆仑ModbusRTU迁移地址；原昆仑变量:设备0_读写4WUB3088；站号2,16-bit Unsigned
9组_09号_扩展数据C,MODBUS RTU,4x,2#3089,昆仑ModbusRTU迁移地址；原昆仑变量:设备0_读写4WUB3089；站号2,16-bit Unsigned
9组_10号_扩展数据C,MODBUS RTU,4x,2#3090,昆仑ModbusRTU迁移地址；原昆仑变量:设备0_读写4WUB3090；站号2,16-bit Unsigned
9组_11号_扩展数据C,MODBUS RTU,4x,2#3091,昆仑ModbusRTU迁移地址；原昆仑变量:设备0_读写4WUB3091；站号2,16-bit Unsigned
9组_12号_扩展数据C,MODBUS RTU,4x,2#3092,昆仑ModbusRTU迁移地址；原昆仑变量:设备0_读写4WUB3092；站号2,16-bit Unsigned
9组_13号_扩展数据C,MODBUS RTU,4x,2#3093,昆仑ModbusRTU迁移地址；原昆仑变量:设备0_读写4WUB3093；站号2,16-bit Unsigned
9组_14号_扩展数据C,MODBUS RTU,4x,2#3094,昆仑ModbusRTU迁移地址；原昆仑变量:设备0_读写4WUB3094；站号2,16-bit Unsigned
9组_15号_扩展数据C,MODBUS RTU,4x,2#3095,昆仑ModbusRTU迁移地址；原昆仑变量:设备0_读写4WUB3095；站号2,16-bit Unsigned
9组_16号_扩展数据C,MODBUS RTU,4x,2#3096,昆仑ModbusRTU迁移地址；原昆仑变量:设备0_读写4WUB3096；站号2,16-bit Unsigned
9组_17号_扩展数据C,MODBUS RTU,4x,2#3097,昆仑ModbusRTU迁移地址；原昆仑变量:设备0_读写4WUB3097；站号2,16-bit Unsigned
9组_18号_扩展数据C,MODBUS RTU,4x,2#3098,昆仑ModbusRTU迁移地址；原昆仑变量:设备0_读写4WUB3098；站号2,16-bit Unsigned
9组_19号_扩展数据C,MODBUS RTU,4x,2#3099,昆仑ModbusRTU迁移地址；原昆仑变量:设备0_读写4WUB3099；站号2,16-bit Unsigned
9组_20号_扩展数据C,MODBUS RTU,4x,2#3100,昆仑ModbusRTU迁移地址；原昆仑变量:设备0_读写4WUB3100；站号2,16-bit Unsigned
9组_21号_扩展数据C,MODBUS RTU,4x,2#3101,昆仑ModbusRTU迁移地址；原昆仑变量:设备0_读写4WUB3101；站号2,16-bit Unsigned
9组_22号_扩展数据C,MODBUS RTU,4x,2#3102,昆仑ModbusRTU迁移地址；原昆仑变量:设备0_读写4WUB3102；站号2,16-bit Unsigned
9组_23号_扩展数据C,MODBUS RTU,4x,2#3103,昆仑ModbusRTU迁移地址；原昆仑变量:设备0_读写4WUB3103；站号2,16-bit Unsigned
9组_24号_扩展数据C,MODBUS RTU,4x,2#3104,昆仑ModbusRTU迁移地址；原昆仑变量:设备0_读写4WUB3104；站号2,16-bit Unsigned
9组_25号_扩展数据C,MODBUS RTU,4x,2#3105,昆仑ModbusRTU迁移地址；原昆仑变量:设备0_读写4WUB3105；站号2,16-bit Unsigned
9组_26号_扩展数据C,MODBUS RTU,4x,2#3106,昆仑ModbusRTU迁移地址；原昆仑变量:设备0_读写4WUB3106；站号2,16-bit Unsigned
9组_27号_扩展数据C,MODBUS RTU,4x,2#3107,昆仑ModbusRTU迁移地址；原昆仑变量:设备0_读写4WUB3107；站号2,16-bit Unsigned
9组_28号_扩展数据C,MODBUS RTU,4x,2#3108,昆仑ModbusRTU迁移地址；原昆仑变量:设备0_读写4WUB3108；站号2,16-bit Unsigned
9组_29号_扩展数据C,MODBUS RTU,4x,2#3109,昆仑ModbusRTU迁移地址；原昆仑变量:设备0_读写4WUB3109；站号2,16-bit Unsigned
9组_30号_扩展数据C,MODBUS RTU,4x,2#3110,昆仑ModbusRTU迁移地址；原昆仑变量:设备0_读写4WUB3110；站号2,16-bit Unsigned
9组_31号_扩展数据C,MODBUS RTU,4x,2#3111,昆仑ModbusRTU迁移地址；原昆仑变量:设备0_读写4WUB3111；站号2,16-bit Unsigned
9组_32号_扩展数据C,MODBUS RTU,4x,2#3112,昆仑ModbusRTU迁移地址；原昆仑变量:设备0_读写4WUB3112；站号2,16-bit Unsigned
9组_33号_扩展数据C,MODBUS RTU,4x,2#3113,昆仑ModbusRTU迁移地址；原昆仑变量:设备0_读写4WUB3113；站号2,16-bit Unsigned
9组_34号_扩展数据C,MODBUS RTU,4x,2#3114,昆仑ModbusRTU迁移地址；原昆仑变量:设备0_读写4WUB3114；站号2,16-bit Unsigned
9组_35号_扩展数据C,MODBUS RTU,4x,2#3115,昆仑ModbusRTU迁移地址；原昆仑变量:设备0_读写4WUB3115；站号2,16-bit Unsigned
9组_36号_扩展数据C,MODBUS RTU,4x,2#3116,昆仑ModbusRTU迁移地址；原昆仑变量:设备0_读写4WUB3116；站号2,16-bit Unsigned
9组_37号_扩展数据C,MODBUS RTU,4x,2#3117,昆仑ModbusRTU迁移地址；原昆仑变量:设备0_读写4WUB3117；站号2,16-bit Unsigned
9组_38号_扩展数据C,MODBUS RTU,4x,2#3118,昆仑ModbusRTU迁移地址；原昆仑变量:设备0_读写4WUB3118；站号2,16-bit Unsigned
9组_39号_扩展数据C,MODBUS RTU,4x,2#3119,昆仑ModbusRTU迁移地址；原昆仑变量:设备0_读写4WUB3119；站号2,16-bit Unsigned
9组_40号_扩展数据C,MODBUS RTU,4x,2#3120,昆仑ModbusRTU迁移地址；原昆仑变量:设备0_读写4WUB3120；站号2,16-bit Unsigned
9组_41号_扩展数据C,MODBUS RTU,4x,2#3121,昆仑ModbusRTU迁移地址；原昆仑变量:设备0_读写4WUB3121；站号2,16-bit Unsigned
9组_42号_扩展数据C,MODBUS RTU,4x,2#3122,昆仑ModbusRTU迁移地址；原昆仑变量:设备0_读写4WUB3122；站号2,16-bit Unsigned
9组_43号_扩展数据C,MODBUS RTU,4x,2#3123,昆仑ModbusRTU迁移地址；原昆仑变量:设备0_读写4WUB3123；站号2,16-bit Unsigned
9组_44号_扩展数据C,MODBUS RTU,4x,2#3124,昆仑ModbusRTU迁移地址；原昆仑变量:设备0_读写4WUB3124；站号2,16-bit Unsigned
9组_45号_扩展数据C,MODBUS RTU,4x,2#3125,昆仑ModbusRTU迁移地址；原昆仑变量:设备0_读写4WUB3125；站号2,16-bit Unsigned
9组_46号_扩展数据C,MODBUS RTU,4x,2#3126,昆仑ModbusRTU迁移地址；原昆仑变量:设备0_读写4WUB3126；站号2,16-bit Unsigned
9组_47号_扩展数据C,MODBUS RTU,4x,2#3127,昆仑ModbusRTU迁移地址；原昆仑变量:设备0_读写4WUB3127；站号2,16-bit Unsigned
9组_48号_扩展数据C,MODBUS RTU,4x,2#3128,昆仑ModbusRTU迁移地址；原昆仑变量:设备0_读写4WUB3128；站号2,16-bit Unsigned
9组_49号_扩展数据C,MODBUS RTU,4x,2#3129,昆仑ModbusRTU迁移地址；原昆仑变量:设备0_读写4WUB3129；站号2,16-bit Unsigned
9组_50号_扩展数据C,MODBUS RTU,4x,2#3130,昆仑ModbusRTU迁移地址；原昆仑变量:设备0_读写4WUB3130；站号2,16-bit Unsigned
9组_51号_扩展数据C,MODBUS RTU,4x,2#3131,昆仑ModbusRTU迁移地址；原昆仑变量:设备0_读写4WUB3131；站号2,16-bit Unsigned
9组_52号_扩展数据C,MODBUS RTU,4x,2#3132,昆仑ModbusRTU迁移地址；原昆仑变量:设备0_读写4WUB3132；站号2,16-bit Unsigned
9组_53号_扩展数据C,MODBUS RTU,4x,2#3133,昆仑ModbusRTU迁移地址；原昆仑变量:设备0_读写4WUB3133；站号2,16-bit Unsigned
9组_54号_扩展数据C,MODBUS RTU,4x,2#3134,昆仑ModbusRTU迁移地址；原昆仑变量:设备0_读写4WUB3134；站号2,16-bit Unsigned
9组_55号_扩展数据C,MODBUS RTU,4x,2#3135,昆仑ModbusRTU迁移地址；原昆仑变量:设备0_读写4WUB3135；站号2,16-bit Unsigned
9组_56号_扩展数据C,MODBUS RTU,4x,2#3136,昆仑ModbusRTU迁移地址；原昆仑变量:设备0_读写4WUB3136；站号2,16-bit Unsigned
9组_57号_扩展数据C,MODBUS RTU,4x,2#3137,昆仑ModbusRTU迁移地址；原昆仑变量:设备0_读写4WUB3137；站号2,16-bit Unsigned
9组_58号_扩展数据C,MODBUS RTU,4x,2#3138,昆仑ModbusRTU迁移地址；原昆仑变量:设备0_读写4WUB3138；站号2,16-bit Unsigned
9组_59号_扩展数据C,MODBUS RTU,4x,2#3139,昆仑ModbusRTU迁移地址；原昆仑变量:设备0_读写4WUB3139；站号2,16-bit Unsigned
9组_60号_扩展数据C,MODBUS RTU,4x,2#3140,昆仑ModbusRTU迁移地址；原昆仑变量:设备0_读写4WUB3140；站号2,16-bit Unsigned
10组_01号_扩展数据C,MODBUS RTU,4x,2#3141,昆仑ModbusRTU迁移地址；原昆仑变量:设备0_读写4WUB3141；站号2,16-bit Unsigned
10组_02号_扩展数据C,MODBUS RTU,4x,2#3142,昆仑ModbusRTU迁移地址；原昆仑变量:设备0_读写4WUB3142；站号2,16-bit Unsigned
10组_03号_扩展数据C,MODBUS RTU,4x,2#3143,昆仑ModbusRTU迁移地址；原昆仑变量:设备0_读写4WUB3143；站号2,16-bit Unsigned
10组_04号_扩展数据C,MODBUS RTU,4x,2#3144,昆仑ModbusRTU迁移地址；原昆仑变量:设备0_读写4WUB3144；站号2,16-bit Unsigned
10组_05号_扩展数据C,MODBUS RTU,4x,2#3145,昆仑ModbusRTU迁移地址；原昆仑变量:设备0_读写4WUB3145；站号2,16-bit Unsigned
10组_06号_扩展数据C,MODBUS RTU,4x,2#3146,昆仑ModbusRTU迁移地址；原昆仑变量:设备0_读写4WUB3146；站号2,16-bit Unsigned
10组_07号_扩展数据C,MODBUS RTU,4x,2#3147,昆仑ModbusRTU迁移地址；原昆仑变量:设备0_读写4WUB3147；站号2,16-bit Unsigned
10组_08号_扩展数据C,MODBUS RTU,4x,2#3148,昆仑ModbusRTU迁移地址；原昆仑变量:设备0_读写4WUB3148；站号2,16-bit Unsigned
10组_09号_扩展数据C,MODBUS RTU,4x,2#3149,昆仑ModbusRTU迁移地址；原昆仑变量:设备0_读写4WUB3149；站号2,16-bit Unsigned
10组_10号_扩展数据C,MODBUS RTU,4x,2#3150,昆仑ModbusRTU迁移地址；原昆仑变量:设备0_读写4WUB3150；站号2,16-bit Unsigned
10组_11号_扩展数据C,MODBUS RTU,4x,2#3151,昆仑ModbusRTU迁移地址；原昆仑变量:设备0_读写4WUB3151；站号2,16-bit Unsigned
10组_12号_扩展数据C,MODBUS RTU,4x,2#3152,昆仑ModbusRTU迁移地址；原昆仑变量:设备0_读写4WUB3152；站号2,16-bit Unsigned
10组_13号_扩展数据C,MODBUS RTU,4x,2#3153,昆仑ModbusRTU迁移地址；原昆仑变量:设备0_读写4WUB3153；站号2,16-bit Unsigned
10组_14号_扩展数据C,MODBUS RTU,4x,2#3154,昆仑ModbusRTU迁移地址；原昆仑变量:设备0_读写4WUB3154；站号2,16-bit Unsigned
10组_15号_扩展数据C,MODBUS RTU,4x,2#3155,昆仑ModbusRTU迁移地址；原昆仑变量:设备0_读写4WUB3155；站号2,16-bit Unsigned
10组_16号_扩展数据C,MODBUS RTU,4x,2#3156,昆仑ModbusRTU迁移地址；原昆仑变量:设备0_读写4WUB3156；站号2,16-bit Unsigned
10组_17号_扩展数据C,MODBUS RTU,4x,2#3157,昆仑ModbusRTU迁移地址；原昆仑变量:设备0_读写4WUB3157；站号2,16-bit Unsigned
10组_18号_扩展数据C,MODBUS RTU,4x,2#3158,昆仑ModbusRTU迁移地址；原昆仑变量:设备0_读写4WUB3158；站号2,16-bit Unsigned
10组_19号_扩展数据C,MODBUS RTU,4x,2#3159,昆仑ModbusRTU迁移地址；原昆仑变量:设备0_读写4WUB3159；站号2,16-bit Unsigned
10组_20号_扩展数据C,MODBUS RTU,4x,2#3160,昆仑ModbusRTU迁移地址；原昆仑变量:设备0_读写4WUB3160；站号2,16-bit Unsigned
10组_21号_扩展数据C,MODBUS RTU,4x,2#3161,昆仑ModbusRTU迁移地址；原昆仑变量:设备0_读写4WUB3161；站号2,16-bit Unsigned
10组_22号_扩展数据C,MODBUS RTU,4x,2#3162,昆仑ModbusRTU迁移地址；原昆仑变量:设备0_读写4WUB3162；站号2,16-bit Unsigned
10组_23号_扩展数据C,MODBUS RTU,4x,2#3163,昆仑ModbusRTU迁移地址；原昆仑变量:设备0_读写4WUB3163；站号2,16-bit Unsigned
10组_24号_扩展数据C,MODBUS RTU,4x,2#3164,昆仑ModbusRTU迁移地址；原昆仑变量:设备0_读写4WUB3164；站号2,16-bit Unsigned
10组_25号_扩展数据C,MODBUS RTU,4x,2#3165,昆仑ModbusRTU迁移地址；原昆仑变量:设备0_读写4WUB3165；站号2,16-bit Unsigned
10组_26号_扩展数据C,MODBUS RTU,4x,2#3166,昆仑ModbusRTU迁移地址；原昆仑变量:设备0_读写4WUB3166；站号2,16-bit Unsigned
10组_27号_扩展数据C,MODBUS RTU,4x,2#3167,昆仑ModbusRTU迁移地址；原昆仑变量:设备0_读写4WUB3167；站号2,16-bit Unsigned
10组_28号_扩展数据C,MODBUS RTU,4x,2#3168,昆仑ModbusRTU迁移地址；原昆仑变量:设备0_读写4WUB3168；站号2,16-bit Unsigned
10组_29号_扩展数据C,MODBUS RTU,4x,2#3169,昆仑ModbusRTU迁移地址；原昆仑变量:设备0_读写4WUB3169；站号2,16-bit Unsigned
10组_30号_扩展数据C,MODBUS RTU,4x,2#3170,昆仑ModbusRTU迁移地址；原昆仑变量:设备0_读写4WUB3170；站号2,16-bit Unsigned
10组_31号_扩展数据C,MODBUS RTU,4x,2#3171,昆仑ModbusRTU迁移地址；原昆仑变量:设备0_读写4WUB3171；站号2,16-bit Unsigned
10组_32号_扩展数据C,MODBUS RTU,4x,2#3172,昆仑ModbusRTU迁移地址；原昆仑变量:设备0_读写4WUB3172；站号2,16-bit Unsigned
10组_33号_扩展数据C,MODBUS RTU,4x,2#3173,昆仑ModbusRTU迁移地址；原昆仑变量:设备0_读写4WUB3173；站号2,16-bit Unsigned
10组_34号_扩展数据C,MODBUS RTU,4x,2#3174,昆仑ModbusRTU迁移地址；原昆仑变量:设备0_读写4WUB3174；站号2,16-bit Unsigned
10组_35号_扩展数据C,MODBUS RTU,4x,2#3175,昆仑ModbusRTU迁移地址；原昆仑变量:设备0_读写4WUB3175；站号2,16-bit Unsigned
10组_36号_扩展数据C,MODBUS RTU,4x,2#3176,昆仑ModbusRTU迁移地址；原昆仑变量:设备0_读写4WUB3176；站号2,16-bit Unsigned
10组_37号_扩展数据C,MODBUS RTU,4x,2#3177,昆仑ModbusRTU迁移地址；原昆仑变量:设备0_读写4WUB3177；站号2,16-bit Unsigned
10组_38号_扩展数据C,MODBUS RTU,4x,2#3178,昆仑ModbusRTU迁移地址；原昆仑变量:设备0_读写4WUB3178；站号2,16-bit Unsigned
10组_39号_扩展数据C,MODBUS RTU,4x,2#3179,昆仑ModbusRTU迁移地址；原昆仑变量:设备0_读写4WUB3179；站号2,16-bit Unsigned
10组_40号_扩展数据C,MODBUS RTU,4x,2#3180,昆仑ModbusRTU迁移地址；原昆仑变量:设备0_读写4WUB3180；站号2,16-bit Unsigned
10组_41号_扩展数据C,MODBUS RTU,4x,2#3181,昆仑ModbusRTU迁移地址；原昆仑变量:设备0_读写4WUB3181；站号2,16-bit Unsigned
10组_42号_扩展数据C,MODBUS RTU,4x,2#3182,昆仑ModbusRTU迁移地址；原昆仑变量:设备0_读写4WUB3182；站号2,16-bit Unsigned
10组_43号_扩展数据C,MODBUS RTU,4x,2#3183,昆仑ModbusRTU迁移地址；原昆仑变量:设备0_读写4WUB3183；站号2,16-bit Unsigned
10组_44号_扩展数据C,MODBUS RTU,4x,2#3184,昆仑ModbusRTU迁移地址；原昆仑变量:设备0_读写4WUB3184；站号2,16-bit Unsigned
10组_45号_扩展数据C,MODBUS RTU,4x,2#3185,昆仑ModbusRTU迁移地址；原昆仑变量:设备0_读写4WUB3185；站号2,16-bit Unsigned
10组_46号_扩展数据C,MODBUS RTU,4x,2#3186,昆仑ModbusRTU迁移地址；原昆仑变量:设备0_读写4WUB3186；站号2,16-bit Unsigned
10组_47号_扩展数据C,MODBUS RTU,4x,2#3187,昆仑ModbusRTU迁移地址；原昆仑变量:设备0_读写4WUB3187；站号2,16-bit Unsigned
10组_48号_扩展数据C,MODBUS RTU,4x,2#3188,昆仑ModbusRTU迁移地址；原昆仑变量:设备0_读写4WUB3188；站号2,16-bit Unsigned
10组_49号_扩展数据C,MODBUS RTU,4x,2#3189,昆仑ModbusRTU迁移地址；原昆仑变量:设备0_读写4WUB3189；站号2,16-bit Unsigned
10组_50号_扩展数据C,MODBUS RTU,4x,2#3190,昆仑ModbusRTU迁移地址；原昆仑变量:设备0_读写4WUB3190；站号2,16-bit Unsigned
10组_51号_扩展数据C,MODBUS RTU,4x,2#3191,昆仑ModbusRTU迁移地址；原昆仑变量:设备0_读写4WUB3191；站号2,16-bit Unsigned
10组_52号_扩展数据C,MODBUS RTU,4x,2#3192,昆仑ModbusRTU迁移地址；原昆仑变量:设备0_读写4WUB3192；站号2,16-bit Unsigned
10组_53号_扩展数据C,MODBUS RTU,4x,2#3193,昆仑ModbusRTU迁移地址；原昆仑变量:设备0_读写4WUB3193；站号2,16-bit Unsigned
10组_54号_扩展数据C,MODBUS RTU,4x,2#3194,昆仑ModbusRTU迁移地址；原昆仑变量:设备0_读写4WUB3194；站号2,16-bit Unsigned
10组_55号_扩展数据C,MODBUS RTU,4x,2#3195,昆仑ModbusRTU迁移地址；原昆仑变量:设备0_读写4WUB3195；站号2,16-bit Unsigned
10组_56号_扩展数据C,MODBUS RTU,4x,2#3196,昆仑ModbusRTU迁移地址；原昆仑变量:设备0_读写4WUB3196；站号2,16-bit Unsigned
10组_57号_扩展数据C,MODBUS RTU,4x,2#3197,昆仑ModbusRTU迁移地址；原昆仑变量:设备0_读写4WUB3197；站号2,16-bit Unsigned
10组_58号_扩展数据C,MODBUS RTU,4x,2#3198,昆仑ModbusRTU迁移地址；原昆仑变量:设备0_读写4WUB3198；站号2,16-bit Unsigned
10组_59号_扩展数据C,MODBUS RTU,4x,2#3199,昆仑ModbusRTU迁移地址；原昆仑变量:设备0_读写4WUB3199；站号2,16-bit Unsigned
10组_60号_扩展数据C,MODBUS RTU,4x,2#3200,昆仑ModbusRTU迁移地址；原昆仑变量:设备0_读写4WUB3200；站号2,16-bit Unsigned
6组_01号_扩展数据D,MODBUS RTU,4x,2#3201,昆仑ModbusRTU迁移地址；原昆仑变量:设备0_读写4WUB3201；站号2,16-bit Unsigned
6组_02号_扩展数据D,MODBUS RTU,4x,2#3202,昆仑ModbusRTU迁移地址；原昆仑变量:设备0_读写4WUB3202；站号2,16-bit Unsigned
6组_03号_扩展数据D,MODBUS RTU,4x,2#3203,昆仑ModbusRTU迁移地址；原昆仑变量:设备0_读写4WUB3203；站号2,16-bit Unsigned
6组_04号_扩展数据D,MODBUS RTU,4x,2#3204,昆仑ModbusRTU迁移地址；原昆仑变量:设备0_读写4WUB3204；站号2,16-bit Unsigned
6组_05号_扩展数据D,MODBUS RTU,4x,2#3205,昆仑ModbusRTU迁移地址；原昆仑变量:设备0_读写4WUB3205；站号2,16-bit Unsigned
6组_06号_扩展数据D,MODBUS RTU,4x,2#3206,昆仑ModbusRTU迁移地址；原昆仑变量:设备0_读写4WUB3206；站号2,16-bit Unsigned
6组_07号_扩展数据D,MODBUS RTU,4x,2#3207,昆仑ModbusRTU迁移地址；原昆仑变量:设备0_读写4WUB3207；站号2,16-bit Unsigned
6组_08号_扩展数据D,MODBUS RTU,4x,2#3208,昆仑ModbusRTU迁移地址；原昆仑变量:设备0_读写4WUB3208；站号2,16-bit Unsigned
6组_09号_扩展数据D,MODBUS RTU,4x,2#3209,昆仑ModbusRTU迁移地址；原昆仑变量:设备0_读写4WUB3209；站号2,16-bit Unsigned
6组_10号_扩展数据D,MODBUS RTU,4x,2#3210,昆仑ModbusRTU迁移地址；原昆仑变量:设备0_读写4WUB3210；站号2,16-bit Unsigned
6组_11号_扩展数据D,MODBUS RTU,4x,2#3211,昆仑ModbusRTU迁移地址；原昆仑变量:设备0_读写4WUB3211；站号2,16-bit Unsigned
6组_12号_扩展数据D,MODBUS RTU,4x,2#3212,昆仑ModbusRTU迁移地址；原昆仑变量:设备0_读写4WUB3212；站号2,16-bit Unsigned
6组_13号_扩展数据D,MODBUS RTU,4x,2#3213,昆仑ModbusRTU迁移地址；原昆仑变量:设备0_读写4WUB3213；站号2,16-bit Unsigned
6组_14号_扩展数据D,MODBUS RTU,4x,2#3214,昆仑ModbusRTU迁移地址；原昆仑变量:设备0_读写4WUB3214；站号2,16-bit Unsigned
6组_15号_扩展数据D,MODBUS RTU,4x,2#3215,昆仑ModbusRTU迁移地址；原昆仑变量:设备0_读写4WUB3215；站号2,16-bit Unsigned
6组_16号_扩展数据D,MODBUS RTU,4x,2#3216,昆仑ModbusRTU迁移地址；原昆仑变量:设备0_读写4WUB3216；站号2,16-bit Unsigned
6组_17号_扩展数据D,MODBUS RTU,4x,2#3217,昆仑ModbusRTU迁移地址；原昆仑变量:设备0_读写4WUB3217；站号2,16-bit Unsigned
6组_18号_扩展数据D,MODBUS RTU,4x,2#3218,昆仑ModbusRTU迁移地址；原昆仑变量:设备0_读写4WUB3218；站号2,16-bit Unsigned
6组_19号_扩展数据D,MODBUS RTU,4x,2#3219,昆仑ModbusRTU迁移地址；原昆仑变量:设备0_读写4WUB3219；站号2,16-bit Unsigned
6组_20号_扩展数据D,MODBUS RTU,4x,2#3220,昆仑ModbusRTU迁移地址；原昆仑变量:设备0_读写4WUB3220；站号2,16-bit Unsigned
6组_21号_扩展数据D,MODBUS RTU,6x,2#3221,昆仑ModbusRTU迁移地址；原昆仑变量:设备0_读写4WUB3221；站号2,16-bit Unsigned
6组_22号_扩展数据D,MODBUS RTU,6x,2#3222,昆仑ModbusRTU迁移地址；原昆仑变量:设备0_读写4WUB3222；站号2,16-bit Unsigned
6组_23号_扩展数据D,MODBUS RTU,6x,2#3223,昆仑ModbusRTU迁移地址；原昆仑变量:设备0_读写4WUB3223；站号2,16-bit Unsigned
6组_24号_扩展数据D,MODBUS RTU,6x,2#3224,昆仑ModbusRTU迁移地址；原昆仑变量:设备0_读写4WUB3224；站号2,16-bit Unsigned
6组_25号_扩展数据D,MODBUS RTU,6x,2#3225,昆仑ModbusRTU迁移地址；原昆仑变量:设备0_读写4WUB3225；站号2,16-bit Unsigned
6组_26号_扩展数据D,MODBUS RTU,6x,2#3226,昆仑ModbusRTU迁移地址；原昆仑变量:设备0_读写4WUB3226；站号2,16-bit Unsigned
6组_27号_扩展数据D,MODBUS RTU,6x,2#3227,昆仑ModbusRTU迁移地址；原昆仑变量:设备0_读写4WUB3227；站号2,16-bit Unsigned
6组_28号_扩展数据D,MODBUS RTU,6x,2#3228,昆仑ModbusRTU迁移地址；原昆仑变量:设备0_读写4WUB3228；站号2,16-bit Unsigned
6组_29号_扩展数据D,MODBUS RTU,6x,2#3229,昆仑ModbusRTU迁移地址；原昆仑变量:设备0_读写4WUB3229；站号2,16-bit Unsigned
6组_30号_扩展数据D,MODBUS RTU,6x,2#3230,昆仑ModbusRTU迁移地址；原昆仑变量:设备0_读写4WUB3230；站号2,16-bit Unsigned
6组_31号_扩展数据D,MODBUS RTU,6x,2#3231,昆仑ModbusRTU迁移地址；原昆仑变量:设备0_读写4WUB3231；站号2,16-bit Unsigned
6组_32号_扩展数据D,MODBUS RTU,6x,2#3232,昆仑ModbusRTU迁移地址；原昆仑变量:设备0_读写4WUB3232；站号2,16-bit Unsigned
6组_33号_扩展数据D,MODBUS RTU,6x,2#3233,昆仑ModbusRTU迁移地址；原昆仑变量:设备0_读写4WUB3233；站号2,16-bit Unsigned
6组_34号_扩展数据D,MODBUS RTU,6x,2#3234,昆仑ModbusRTU迁移地址；原昆仑变量:设备0_读写4WUB3234；站号2,16-bit Unsigned
6组_35号_扩展数据D,MODBUS RTU,6x,2#3235,昆仑ModbusRTU迁移地址；原昆仑变量:设备0_读写4WUB3235；站号2,16-bit Unsigned
6组_36号_扩展数据D,MODBUS RTU,6x,2#3236,昆仑ModbusRTU迁移地址；原昆仑变量:设备0_读写4WUB3236；站号2,16-bit Unsigned
6组_37号_扩展数据D,MODBUS RTU,6x,2#3237,昆仑ModbusRTU迁移地址；原昆仑变量:设备0_读写4WUB3237；站号2,16-bit Unsigned
6组_38号_扩展数据D,MODBUS RTU,6x,2#3238,昆仑ModbusRTU迁移地址；原昆仑变量:设备0_读写4WUB3238；站号2,16-bit Unsigned
6组_39号_扩展数据D,MODBUS RTU,6x,2#3239,昆仑ModbusRTU迁移地址；原昆仑变量:设备0_读写4WUB3239；站号2,16-bit Unsigned
6组_40号_扩展数据D,MODBUS RTU,6x,2#3240,昆仑ModbusRTU迁移地址；原昆仑变量:设备0_读写4WUB3240；站号2,16-bit Unsigned
6组_41号_扩展数据D,MODBUS RTU,6x,2#3241,昆仑ModbusRTU迁移地址；原昆仑变量:设备0_读写4WUB3241；站号2,16-bit Unsigned
6组_42号_扩展数据D,MODBUS RTU,6x,2#3242,昆仑ModbusRTU迁移地址；原昆仑变量:设备0_读写4WUB3242；站号2,16-bit Unsigned
6组_43号_扩展数据D,MODBUS RTU,6x,2#3243,昆仑ModbusRTU迁移地址；原昆仑变量:设备0_读写4WUB3243；站号2,16-bit Unsigned
6组_44号_扩展数据D,MODBUS RTU,6x,2#3244,昆仑ModbusRTU迁移地址；原昆仑变量:设备0_读写4WUB3244；站号2,16-bit Unsigned
6组_45号_扩展数据D,MODBUS RTU,6x,2#3245,昆仑ModbusRTU迁移地址；原昆仑变量:设备0_读写4WUB3245；站号2,16-bit Unsigned
6组_46号_扩展数据D,MODBUS RTU,6x,2#3246,昆仑ModbusRTU迁移地址；原昆仑变量:设备0_读写4WUB3246；站号2,16-bit Unsigned
6组_47号_扩展数据D,MODBUS RTU,6x,2#3247,昆仑ModbusRTU迁移地址；原昆仑变量:设备0_读写4WUB3247；站号2,16-bit Unsigned
6组_48号_扩展数据D,MODBUS RTU,6x,2#3248,昆仑ModbusRTU迁移地址；原昆仑变量:设备0_读写4WUB3248；站号2,16-bit Unsigned
6组_49号_扩展数据D,MODBUS RTU,6x,2#3249,昆仑ModbusRTU迁移地址；原昆仑变量:设备0_读写4WUB3249；站号2,16-bit Unsigned
6组_50号_扩展数据D,MODBUS RTU,6x,2#3250,昆仑ModbusRTU迁移地址；原昆仑变量:设备0_读写4WUB3250；站号2,16-bit Unsigned
6组_51号_扩展数据D,MODBUS RTU,6x,2#3251,昆仑ModbusRTU迁移地址；原昆仑变量:设备0_读写4WUB3251；站号2,16-bit Unsigned
6组_52号_扩展数据D,MODBUS RTU,6x,2#3252,昆仑ModbusRTU迁移地址；原昆仑变量:设备0_读写4WUB3252；站号2,16-bit Unsigned
6组_53号_扩展数据D,MODBUS RTU,6x,2#3253,昆仑ModbusRTU迁移地址；原昆仑变量:设备0_读写4WUB3253；站号2,16-bit Unsigned
6组_54号_扩展数据D,MODBUS RTU,6x,2#3254,昆仑ModbusRTU迁移地址；原昆仑变量:设备0_读写4WUB3254；站号2,16-bit Unsigned
6组_55号_扩展数据D,MODBUS RTU,6x,2#3255,昆仑ModbusRTU迁移地址；原昆仑变量:设备0_读写4WUB3255；站号2,16-bit Unsigned
6组_56号_扩展数据D,MODBUS RTU,6x,2#3256,昆仑ModbusRTU迁移地址；原昆仑变量:设备0_读写4WUB3256；站号2,16-bit Unsigned
6组_57号_扩展数据D,MODBUS RTU,6x,2#3257,昆仑ModbusRTU迁移地址；原昆仑变量:设备0_读写4WUB3257；站号2,16-bit Unsigned
6组_58号_扩展数据D,MODBUS RTU,6x,2#3258,昆仑ModbusRTU迁移地址；原昆仑变量:设备0_读写4WUB3258；站号2,16-bit Unsigned
6组_59号_扩展数据D,MODBUS RTU,6x,2#3259,昆仑ModbusRTU迁移地址；原昆仑变量:设备0_读写4WUB3259；站号2,16-bit Unsigned
6组_60号_扩展数据D,MODBUS RTU,6x,2#3260,昆仑ModbusRTU迁移地址；原昆仑变量:设备0_读写4WUB3260；站号2,16-bit Unsigned
7组_01号_扩展数据D,MODBUS RTU,6x,2#3261,昆仑ModbusRTU迁移地址；原昆仑变量:设备0_读写4WUB3261；站号2,16-bit Unsigned
7组_02号_扩展数据D,MODBUS RTU,6x,2#3262,昆仑ModbusRTU迁移地址；原昆仑变量:设备0_读写4WUB3262；站号2,16-bit Unsigned
7组_03号_扩展数据D,MODBUS RTU,6x,2#3263,昆仑ModbusRTU迁移地址；原昆仑变量:设备0_读写4WUB3263；站号2,16-bit Unsigned
7组_04号_扩展数据D,MODBUS RTU,6x,2#3264,昆仑ModbusRTU迁移地址；原昆仑变量:设备0_读写4WUB3264；站号2,16-bit Unsigned
7组_05号_扩展数据D,MODBUS RTU,6x,2#3265,昆仑ModbusRTU迁移地址；原昆仑变量:设备0_读写4WUB3265；站号2,16-bit Unsigned
7组_06号_扩展数据D,MODBUS RTU,6x,2#3266,昆仑ModbusRTU迁移地址；原昆仑变量:设备0_读写4WUB3266；站号2,16-bit Unsigned
7组_07号_扩展数据D,MODBUS RTU,6x,2#3267,昆仑ModbusRTU迁移地址；原昆仑变量:设备0_读写4WUB3267；站号2,16-bit Unsigned
7组_08号_扩展数据D,MODBUS RTU,6x,2#3268,昆仑ModbusRTU迁移地址；原昆仑变量:设备0_读写4WUB3268；站号2,16-bit Unsigned
7组_09号_扩展数据D,MODBUS RTU,6x,2#3269,昆仑ModbusRTU迁移地址；原昆仑变量:设备0_读写4WUB3269；站号2,16-bit Unsigned
7组_10号_扩展数据D,MODBUS RTU,6x,2#3270,昆仑ModbusRTU迁移地址；原昆仑变量:设备0_读写4WUB3270；站号2,16-bit Unsigned
7组_11号_扩展数据D,MODBUS RTU,6x,2#3271,昆仑ModbusRTU迁移地址；原昆仑变量:设备0_读写4WUB3271；站号2,16-bit Unsigned
7组_12号_扩展数据D,MODBUS RTU,6x,2#3272,昆仑ModbusRTU迁移地址；原昆仑变量:设备0_读写4WUB3272；站号2,16-bit Unsigned
7组_13号_扩展数据D,MODBUS RTU,6x,2#3273,昆仑ModbusRTU迁移地址；原昆仑变量:设备0_读写4WUB3273；站号2,16-bit Unsigned
7组_14号_扩展数据D,MODBUS RTU,6x,2#3274,昆仑ModbusRTU迁移地址；原昆仑变量:设备0_读写4WUB3274；站号2,16-bit Unsigned
7组_15号_扩展数据D,MODBUS RTU,6x,2#3275,昆仑ModbusRTU迁移地址；原昆仑变量:设备0_读写4WUB3275；站号2,16-bit Unsigned
7组_16号_扩展数据D,MODBUS RTU,6x,2#3276,昆仑ModbusRTU迁移地址；原昆仑变量:设备0_读写4WUB3276；站号2,16-bit Unsigned
7组_17号_扩展数据D,MODBUS RTU,6x,2#3277,昆仑ModbusRTU迁移地址；原昆仑变量:设备0_读写4WUB3277；站号2,16-bit Unsigned
7组_18号_扩展数据D,MODBUS RTU,6x,2#3278,昆仑ModbusRTU迁移地址；原昆仑变量:设备0_读写4WUB3278；站号2,16-bit Unsigned
7组_19号_扩展数据D,MODBUS RTU,6x,2#3279,昆仑ModbusRTU迁移地址；原昆仑变量:设备0_读写4WUB3279；站号2,16-bit Unsigned
7组_20号_扩展数据D,MODBUS RTU,6x,2#3280,昆仑ModbusRTU迁移地址；原昆仑变量:设备0_读写4WUB3280；站号2,16-bit Unsigned
7组_21号_扩展数据D,MODBUS RTU,6x,2#3281,昆仑ModbusRTU迁移地址；原昆仑变量:设备0_读写4WUB3281；站号2,16-bit Unsigned
7组_22号_扩展数据D,MODBUS RTU,6x,2#3282,昆仑ModbusRTU迁移地址；原昆仑变量:设备0_读写4WUB3282；站号2,16-bit Unsigned
7组_23号_扩展数据D,MODBUS RTU,6x,2#3283,昆仑ModbusRTU迁移地址；原昆仑变量:设备0_读写4WUB3283；站号2,16-bit Unsigned
7组_24号_扩展数据D,MODBUS RTU,6x,2#3284,昆仑ModbusRTU迁移地址；原昆仑变量:设备0_读写4WUB3284；站号2,16-bit Unsigned
7组_25号_扩展数据D,MODBUS RTU,6x,2#3285,昆仑ModbusRTU迁移地址；原昆仑变量:设备0_读写4WUB3285；站号2,16-bit Unsigned
7组_26号_扩展数据D,MODBUS RTU,6x,2#3286,昆仑ModbusRTU迁移地址；原昆仑变量:设备0_读写4WUB3286；站号2,16-bit Unsigned
7组_27号_扩展数据D,MODBUS RTU,6x,2#3287,昆仑ModbusRTU迁移地址；原昆仑变量:设备0_读写4WUB3287；站号2,16-bit Unsigned
7组_28号_扩展数据D,MODBUS RTU,6x,2#3288,昆仑ModbusRTU迁移地址；原昆仑变量:设备0_读写4WUB3288；站号2,16-bit Unsigned
7组_29号_扩展数据D,MODBUS RTU,6x,2#3289,昆仑ModbusRTU迁移地址；原昆仑变量:设备0_读写4WUB3289；站号2,16-bit Unsigned
7组_30号_扩展数据D,MODBUS RTU,6x,2#3290,昆仑ModbusRTU迁移地址；原昆仑变量:设备0_读写4WUB3290；站号2,16-bit Unsigned
7组_31号_扩展数据D,MODBUS RTU,6x,2#3291,昆仑ModbusRTU迁移地址；原昆仑变量:设备0_读写4WUB3291；站号2,16-bit Unsigned
7组_32号_扩展数据D,MODBUS RTU,6x,2#3292,昆仑ModbusRTU迁移地址；原昆仑变量:设备0_读写4WUB3292；站号2,16-bit Unsigned
7组_33号_扩展数据D,MODBUS RTU,6x,2#3293,昆仑ModbusRTU迁移地址；原昆仑变量:设备0_读写4WUB3293；站号2,16-bit Unsigned
7组_34号_扩展数据D,MODBUS RTU,6x,2#3294,昆仑ModbusRTU迁移地址；原昆仑变量:设备0_读写4WUB3294；站号2,16-bit Unsigned
7组_35号_扩展数据D,MODBUS RTU,6x,2#3295,昆仑ModbusRTU迁移地址；原昆仑变量:设备0_读写4WUB3295；站号2,16-bit Unsigned
7组_36号_扩展数据D,MODBUS RTU,6x,2#3296,昆仑ModbusRTU迁移地址；原昆仑变量:设备0_读写4WUB3296；站号2,16-bit Unsigned
7组_37号_扩展数据D,MODBUS RTU,6x,2#3297,昆仑ModbusRTU迁移地址；原昆仑变量:设备0_读写4WUB3297；站号2,16-bit Unsigned
7组_38号_扩展数据D,MODBUS RTU,6x,2#3298,昆仑ModbusRTU迁移地址；原昆仑变量:设备0_读写4WUB3298；站号2,16-bit Unsigned
7组_39号_扩展数据D,MODBUS RTU,6x,2#3299,昆仑ModbusRTU迁移地址；原昆仑变量:设备0_读写4WUB3299；站号2,16-bit Unsigned
7组_40号_扩展数据D,MODBUS RTU,6x,2#3300,昆仑ModbusRTU迁移地址；原昆仑变量:设备0_读写4WUB3300；站号2,16-bit Unsigned
7组_41号_扩展数据D,MODBUS RTU,6x,2#3301,昆仑ModbusRTU迁移地址；原昆仑变量:设备0_读写4WUB3301；站号2,16-bit Unsigned
7组_42号_扩展数据D,MODBUS RTU,6x,2#3302,昆仑ModbusRTU迁移地址；原昆仑变量:设备0_读写4WUB3302；站号2,16-bit Unsigned
7组_43号_扩展数据D,MODBUS RTU,6x,2#3303,昆仑ModbusRTU迁移地址；原昆仑变量:设备0_读写4WUB3303；站号2,16-bit Unsigned
7组_44号_扩展数据D,MODBUS RTU,6x,2#3304,昆仑ModbusRTU迁移地址；原昆仑变量:设备0_读写4WUB3304；站号2,16-bit Unsigned
7组_45号_扩展数据D,MODBUS RTU,6x,2#3305,昆仑ModbusRTU迁移地址；原昆仑变量:设备0_读写4WUB3305；站号2,16-bit Unsigned
7组_46号_扩展数据D,MODBUS RTU,6x,2#3306,昆仑ModbusRTU迁移地址；原昆仑变量:设备0_读写4WUB3306；站号2,16-bit Unsigned
7组_47号_扩展数据D,MODBUS RTU,6x,2#3307,昆仑ModbusRTU迁移地址；原昆仑变量:设备0_读写4WUB3307；站号2,16-bit Unsigned
7组_48号_扩展数据D,MODBUS RTU,6x,2#3308,昆仑ModbusRTU迁移地址；原昆仑变量:设备0_读写4WUB3308；站号2,16-bit Unsigned
7组_49号_扩展数据D,MODBUS RTU,6x,2#3309,昆仑ModbusRTU迁移地址；原昆仑变量:设备0_读写4WUB3309；站号2,16-bit Unsigned
7组_50号_扩展数据D,MODBUS RTU,6x,2#3310,昆仑ModbusRTU迁移地址；原昆仑变量:设备0_读写4WUB3310；站号2,16-bit Unsigned
7组_51号_扩展数据D,MODBUS RTU,6x,2#3311,昆仑ModbusRTU迁移地址；原昆仑变量:设备0_读写4WUB3311；站号2,16-bit Unsigned
7组_52号_扩展数据D,MODBUS RTU,6x,2#3312,昆仑ModbusRTU迁移地址；原昆仑变量:设备0_读写4WUB3312；站号2,16-bit Unsigned
7组_53号_扩展数据D,MODBUS RTU,6x,2#3313,昆仑ModbusRTU迁移地址；原昆仑变量:设备0_读写4WUB3313；站号2,16-bit Unsigned
7组_54号_扩展数据D,MODBUS RTU,6x,2#3314,昆仑ModbusRTU迁移地址；原昆仑变量:设备0_读写4WUB3314；站号2,16-bit Unsigned
7组_55号_扩展数据D,MODBUS RTU,6x,2#3315,昆仑ModbusRTU迁移地址；原昆仑变量:设备0_读写4WUB3315；站号2,16-bit Unsigned
7组_56号_扩展数据D,MODBUS RTU,6x,2#3316,昆仑ModbusRTU迁移地址；原昆仑变量:设备0_读写4WUB3316；站号2,16-bit Unsigned
7组_57号_扩展数据D,MODBUS RTU,6x,2#3317,昆仑ModbusRTU迁移地址；原昆仑变量:设备0_读写4WUB3317；站号2,16-bit Unsigned
7组_58号_扩展数据D,MODBUS RTU,6x,2#3318,昆仑ModbusRTU迁移地址；原昆仑变量:设备0_读写4WUB3318；站号2,16-bit Unsigned
7组_59号_扩展数据D,MODBUS RTU,6x,2#3319,昆仑ModbusRTU迁移地址；原昆仑变量:设备0_读写4WUB3319；站号2,16-bit Unsigned
7组_60号_扩展数据D,MODBUS RTU,6x,2#3320,昆仑ModbusRTU迁移地址；原昆仑变量:设备0_读写4WUB3320；站号2,16-bit Unsigned
8组_01号_扩展数据D,MODBUS RTU,6x,2#3321,昆仑ModbusRTU迁移地址；原昆仑变量:设备0_读写4WUB3321；站号2,16-bit Unsigned
8组_02号_扩展数据D,MODBUS RTU,6x,2#3322,昆仑ModbusRTU迁移地址；原昆仑变量:设备0_读写4WUB3322；站号2,16-bit Unsigned
8组_03号_扩展数据D,MODBUS RTU,6x,2#3323,昆仑ModbusRTU迁移地址；原昆仑变量:设备0_读写4WUB3323；站号2,16-bit Unsigned
8组_04号_扩展数据D,MODBUS RTU,6x,2#3324,昆仑ModbusRTU迁移地址；原昆仑变量:设备0_读写4WUB3324；站号2,16-bit Unsigned
8组_05号_扩展数据D,MODBUS RTU,6x,2#3325,昆仑ModbusRTU迁移地址；原昆仑变量:设备0_读写4WUB3325；站号2,16-bit Unsigned
8组_06号_扩展数据D,MODBUS RTU,6x,2#3326,昆仑ModbusRTU迁移地址；原昆仑变量:设备0_读写4WUB3326；站号2,16-bit Unsigned
8组_07号_扩展数据D,MODBUS RTU,6x,2#3327,昆仑ModbusRTU迁移地址；原昆仑变量:设备0_读写4WUB3327；站号2,16-bit Unsigned
8组_08号_扩展数据D,MODBUS RTU,6x,2#3328,昆仑ModbusRTU迁移地址；原昆仑变量:设备0_读写4WUB3328；站号2,16-bit Unsigned
8组_09号_扩展数据D,MODBUS RTU,6x,2#3329,昆仑ModbusRTU迁移地址；原昆仑变量:设备0_读写4WUB3329；站号2,16-bit Unsigned
8组_10号_扩展数据D,MODBUS RTU,6x,2#3330,昆仑ModbusRTU迁移地址；原昆仑变量:设备0_读写4WUB3330；站号2,16-bit Unsigned
8组_11号_扩展数据D,MODBUS RTU,6x,2#3331,昆仑ModbusRTU迁移地址；原昆仑变量:设备0_读写4WUB3331；站号2,16-bit Unsigned
8组_12号_扩展数据D,MODBUS RTU,6x,2#3332,昆仑ModbusRTU迁移地址；原昆仑变量:设备0_读写4WUB3332；站号2,16-bit Unsigned
8组_13号_扩展数据D,MODBUS RTU,6x,2#3333,昆仑ModbusRTU迁移地址；原昆仑变量:设备0_读写4WUB3333；站号2,16-bit Unsigned
8组_14号_扩展数据D,MODBUS RTU,6x,2#3334,昆仑ModbusRTU迁移地址；原昆仑变量:设备0_读写4WUB3334；站号2,16-bit Unsigned
8组_15号_扩展数据D,MODBUS RTU,6x,2#3335,昆仑ModbusRTU迁移地址；原昆仑变量:设备0_读写4WUB3335；站号2,16-bit Unsigned
8组_16号_扩展数据D,MODBUS RTU,6x,2#3336,昆仑ModbusRTU迁移地址；原昆仑变量:设备0_读写4WUB3336；站号2,16-bit Unsigned
8组_17号_扩展数据D,MODBUS RTU,6x,2#3337,昆仑ModbusRTU迁移地址；原昆仑变量:设备0_读写4WUB3337；站号2,16-bit Unsigned
8组_18号_扩展数据D,MODBUS RTU,6x,2#3338,昆仑ModbusRTU迁移地址；原昆仑变量:设备0_读写4WUB3338；站号2,16-bit Unsigned
8组_19号_扩展数据D,MODBUS RTU,6x,2#3339,昆仑ModbusRTU迁移地址；原昆仑变量:设备0_读写4WUB3339；站号2,16-bit Unsigned
8组_20号_扩展数据D,MODBUS RTU,6x,2#3340,昆仑ModbusRTU迁移地址；原昆仑变量:设备0_读写4WUB3340；站号2,16-bit Unsigned
8组_21号_扩展数据D,MODBUS RTU,6x,2#3341,昆仑ModbusRTU迁移地址；原昆仑变量:设备0_读写4WUB3341；站号2,16-bit Unsigned
8组_22号_扩展数据D,MODBUS RTU,6x,2#3342,昆仑ModbusRTU迁移地址；原昆仑变量:设备0_读写4WUB3342；站号2,16-bit Unsigned
8组_23号_扩展数据D,MODBUS RTU,6x,2#3343,昆仑ModbusRTU迁移地址；原昆仑变量:设备0_读写4WUB3343；站号2,16-bit Unsigned
8组_24号_扩展数据D,MODBUS RTU,6x,2#3344,昆仑ModbusRTU迁移地址；原昆仑变量:设备0_读写4WUB3344；站号2,16-bit Unsigned
8组_25号_扩展数据D,MODBUS RTU,6x,2#3345,昆仑ModbusRTU迁移地址；原昆仑变量:设备0_读写4WUB3345；站号2,16-bit Unsigned
8组_26号_扩展数据D,MODBUS RTU,6x,2#3346,昆仑ModbusRTU迁移地址；原昆仑变量:设备0_读写4WUB3346；站号2,16-bit Unsigned
8组_27号_扩展数据D,MODBUS RTU,6x,2#3347,昆仑ModbusRTU迁移地址；原昆仑变量:设备0_读写4WUB3347；站号2,16-bit Unsigned
8组_28号_扩展数据D,MODBUS RTU,6x,2#3348,昆仑ModbusRTU迁移地址；原昆仑变量:设备0_读写4WUB3348；站号2,16-bit Unsigned
8组_29号_扩展数据D,MODBUS RTU,6x,2#3349,昆仑ModbusRTU迁移地址；原昆仑变量:设备0_读写4WUB3349；站号2,16-bit Unsigned
8组_30号_扩展数据D,MODBUS RTU,6x,2#3350,昆仑ModbusRTU迁移地址；原昆仑变量:设备0_读写4WUB3350；站号2,16-bit Unsigned
8组_31号_扩展数据D,MODBUS RTU,6x,2#3351,昆仑ModbusRTU迁移地址；原昆仑变量:设备0_读写4WUB3351；站号2,16-bit Unsigned
8组_32号_扩展数据D,MODBUS RTU,6x,2#3352,昆仑ModbusRTU迁移地址；原昆仑变量:设备0_读写4WUB3352；站号2,16-bit Unsigned
8组_33号_扩展数据D,MODBUS RTU,6x,2#3353,昆仑ModbusRTU迁移地址；原昆仑变量:设备0_读写4WUB3353；站号2,16-bit Unsigned
8组_34号_扩展数据D,MODBUS RTU,6x,2#3354,昆仑ModbusRTU迁移地址；原昆仑变量:设备0_读写4WUB3354；站号2,16-bit Unsigned
8组_35号_扩展数据D,MODBUS RTU,6x,2#3355,昆仑ModbusRTU迁移地址；原昆仑变量:设备0_读写4WUB3355；站号2,16-bit Unsigned
8组_36号_扩展数据D,MODBUS RTU,6x,2#3356,昆仑ModbusRTU迁移地址；原昆仑变量:设备0_读写4WUB3356；站号2,16-bit Unsigned
8组_37号_扩展数据D,MODBUS RTU,6x,2#3357,昆仑ModbusRTU迁移地址；原昆仑变量:设备0_读写4WUB3357；站号2,16-bit Unsigned
8组_38号_扩展数据D,MODBUS RTU,6x,2#3358,昆仑ModbusRTU迁移地址；原昆仑变量:设备0_读写4WUB3358；站号2,16-bit Unsigned
8组_39号_扩展数据D,MODBUS RTU,6x,2#3359,昆仑ModbusRTU迁移地址；原昆仑变量:设备0_读写4WUB3359；站号2,16-bit Unsigned
8组_40号_扩展数据D,MODBUS RTU,6x,2#3360,昆仑ModbusRTU迁移地址；原昆仑变量:设备0_读写4WUB3360；站号2,16-bit Unsigned
8组_41号_扩展数据D,MODBUS RTU,6x,2#3361,昆仑ModbusRTU迁移地址；原昆仑变量:设备0_读写4WUB3361；站号2,16-bit Unsigned
8组_42号_扩展数据D,MODBUS RTU,6x,2#3362,昆仑ModbusRTU迁移地址；原昆仑变量:设备0_读写4WUB3362；站号2,16-bit Unsigned
8组_43号_扩展数据D,MODBUS RTU,6x,2#3363,昆仑ModbusRTU迁移地址；原昆仑变量:设备0_读写4WUB3363；站号2,16-bit Unsigned
8组_44号_扩展数据D,MODBUS RTU,6x,2#3364,昆仑ModbusRTU迁移地址；原昆仑变量:设备0_读写4WUB3364；站号2,16-bit Unsigned
8组_45号_扩展数据D,MODBUS RTU,6x,2#3365,昆仑ModbusRTU迁移地址；原昆仑变量:设备0_读写4WUB3365；站号2,16-bit Unsigned
8组_46号_扩展数据D,MODBUS RTU,6x,2#3366,昆仑ModbusRTU迁移地址；原昆仑变量:设备0_读写4WUB3366；站号2,16-bit Unsigned
8组_47号_扩展数据D,MODBUS RTU,6x,2#3367,昆仑ModbusRTU迁移地址；原昆仑变量:设备0_读写4WUB3367；站号2,16-bit Unsigned
8组_48号_扩展数据D,MODBUS RTU,6x,2#3368,昆仑ModbusRTU迁移地址；原昆仑变量:设备0_读写4WUB3368；站号2,16-bit Unsigned
8组_49号_扩展数据D,MODBUS RTU,6x,2#3369,昆仑ModbusRTU迁移地址；原昆仑变量:设备0_读写4WUB3369；站号2,16-bit Unsigned
8组_50号_扩展数据D,MODBUS RTU,6x,2#3370,昆仑ModbusRTU迁移地址；原昆仑变量:设备0_读写4WUB3370；站号2,16-bit Unsigned
8组_51号_扩展数据D,MODBUS RTU,6x,2#3371,昆仑ModbusRTU迁移地址；原昆仑变量:设备0_读写4WUB3371；站号2,16-bit Unsigned
8组_52号_扩展数据D,MODBUS RTU,6x,2#3372,昆仑ModbusRTU迁移地址；原昆仑变量:设备0_读写4WUB3372；站号2,16-bit Unsigned
8组_53号_扩展数据D,MODBUS RTU,6x,2#3373,昆仑ModbusRTU迁移地址；原昆仑变量:设备0_读写4WUB3373；站号2,16-bit Unsigned
8组_54号_扩展数据D,MODBUS RTU,6x,2#3374,昆仑ModbusRTU迁移地址；原昆仑变量:设备0_读写4WUB3374；站号2,16-bit Unsigned
8组_55号_扩展数据D,MODBUS RTU,6x,2#3375,昆仑ModbusRTU迁移地址；原昆仑变量:设备0_读写4WUB3375；站号2,16-bit Unsigned
8组_56号_扩展数据D,MODBUS RTU,6x,2#3376,昆仑ModbusRTU迁移地址；原昆仑变量:设备0_读写4WUB3376；站号2,16-bit Unsigned
8组_57号_扩展数据D,MODBUS RTU,6x,2#3377,昆仑ModbusRTU迁移地址；原昆仑变量:设备0_读写4WUB3377；站号2,16-bit Unsigned
8组_58号_扩展数据D,MODBUS RTU,6x,2#3378,昆仑ModbusRTU迁移地址；原昆仑变量:设备0_读写4WUB3378；站号2,16-bit Unsigned
8组_59号_扩展数据D,MODBUS RTU,6x,2#3379,昆仑ModbusRTU迁移地址；原昆仑变量:设备0_读写4WUB3379；站号2,16-bit Unsigned
8组_60号_扩展数据D,MODBUS RTU,6x,2#3380,昆仑ModbusRTU迁移地址；原昆仑变量:设备0_读写4WUB3380；站号2,16-bit Unsigned
9组_01号_扩展数据D,MODBUS RTU,6x,2#3381,昆仑ModbusRTU迁移地址；原昆仑变量:设备0_读写4WUB3381；站号2,16-bit Unsigned
9组_02号_扩展数据D,MODBUS RTU,6x,2#3382,昆仑ModbusRTU迁移地址；原昆仑变量:设备0_读写4WUB3382；站号2,16-bit Unsigned
9组_03号_扩展数据D,MODBUS RTU,6x,2#3383,昆仑ModbusRTU迁移地址；原昆仑变量:设备0_读写4WUB3383；站号2,16-bit Unsigned
9组_04号_扩展数据D,MODBUS RTU,6x,2#3384,昆仑ModbusRTU迁移地址；原昆仑变量:设备0_读写4WUB3384；站号2,16-bit Unsigned
9组_05号_扩展数据D,MODBUS RTU,6x,2#3385,昆仑ModbusRTU迁移地址；原昆仑变量:设备0_读写4WUB3385；站号2,16-bit Unsigned
9组_06号_扩展数据D,MODBUS RTU,6x,2#3386,昆仑ModbusRTU迁移地址；原昆仑变量:设备0_读写4WUB3386；站号2,16-bit Unsigned
9组_07号_扩展数据D,MODBUS RTU,6x,2#3387,昆仑ModbusRTU迁移地址；原昆仑变量:设备0_读写4WUB3387；站号2,16-bit Unsigned
9组_08号_扩展数据D,MODBUS RTU,6x,2#3388,昆仑ModbusRTU迁移地址；原昆仑变量:设备0_读写4WUB3388；站号2,16-bit Unsigned
9组_09号_扩展数据D,MODBUS RTU,6x,2#3389,昆仑ModbusRTU迁移地址；原昆仑变量:设备0_读写4WUB3389；站号2,16-bit Unsigned
9组_10号_扩展数据D,MODBUS RTU,6x,2#3390,昆仑ModbusRTU迁移地址；原昆仑变量:设备0_读写4WUB3390；站号2,16-bit Unsigned
9组_11号_扩展数据D,MODBUS RTU,6x,2#3391,昆仑ModbusRTU迁移地址；原昆仑变量:设备0_读写4WUB3391；站号2,16-bit Unsigned
9组_12号_扩展数据D,MODBUS RTU,6x,2#3392,昆仑ModbusRTU迁移地址；原昆仑变量:设备0_读写4WUB3392；站号2,16-bit Unsigned
9组_13号_扩展数据D,MODBUS RTU,6x,2#3393,昆仑ModbusRTU迁移地址；原昆仑变量:设备0_读写4WUB3393；站号2,16-bit Unsigned
9组_14号_扩展数据D,MODBUS RTU,6x,2#3394,昆仑ModbusRTU迁移地址；原昆仑变量:设备0_读写4WUB3394；站号2,16-bit Unsigned
9组_15号_扩展数据D,MODBUS RTU,6x,2#3395,昆仑ModbusRTU迁移地址；原昆仑变量:设备0_读写4WUB3395；站号2,16-bit Unsigned
9组_16号_扩展数据D,MODBUS RTU,6x,2#3396,昆仑ModbusRTU迁移地址；原昆仑变量:设备0_读写4WUB3396；站号2,16-bit Unsigned
9组_17号_扩展数据D,MODBUS RTU,6x,2#3397,昆仑ModbusRTU迁移地址；原昆仑变量:设备0_读写4WUB3397；站号2,16-bit Unsigned
9组_18号_扩展数据D,MODBUS RTU,6x,2#3398,昆仑ModbusRTU迁移地址；原昆仑变量:设备0_读写4WUB3398；站号2,16-bit Unsigned
9组_19号_扩展数据D,MODBUS RTU,6x,2#3399,昆仑ModbusRTU迁移地址；原昆仑变量:设备0_读写4WUB3399；站号2,16-bit Unsigned
9组_20号_扩展数据D,MODBUS RTU,6x,2#3400,昆仑ModbusRTU迁移地址；原昆仑变量:设备0_读写4WUB3400；站号2,16-bit Unsigned
9组_21号_扩展数据D,MODBUS RTU,6x,2#3401,昆仑ModbusRTU迁移地址；原昆仑变量:设备0_读写4WUB3401；站号2,16-bit Unsigned
9组_22号_扩展数据D,MODBUS RTU,6x,2#3402,昆仑ModbusRTU迁移地址；原昆仑变量:设备0_读写4WUB3402；站号2,16-bit Unsigned
9组_23号_扩展数据D,MODBUS RTU,6x,2#3403,昆仑ModbusRTU迁移地址；原昆仑变量:设备0_读写4WUB3403；站号2,16-bit Unsigned
9组_24号_扩展数据D,MODBUS RTU,6x,2#3404,昆仑ModbusRTU迁移地址；原昆仑变量:设备0_读写4WUB3404；站号2,16-bit Unsigned
9组_25号_扩展数据D,MODBUS RTU,6x,2#3405,昆仑ModbusRTU迁移地址；原昆仑变量:设备0_读写4WUB3405；站号2,16-bit Unsigned
9组_26号_扩展数据D,MODBUS RTU,6x,2#3406,昆仑ModbusRTU迁移地址；原昆仑变量:设备0_读写4WUB3406；站号2,16-bit Unsigned
9组_27号_扩展数据D,MODBUS RTU,6x,2#3407,昆仑ModbusRTU迁移地址；原昆仑变量:设备0_读写4WUB3407；站号2,16-bit Unsigned
9组_28号_扩展数据D,MODBUS RTU,6x,2#3408,昆仑ModbusRTU迁移地址；原昆仑变量:设备0_读写4WUB3408；站号2,16-bit Unsigned
9组_29号_扩展数据D,MODBUS RTU,6x,2#3409,昆仑ModbusRTU迁移地址；原昆仑变量:设备0_读写4WUB3409；站号2,16-bit Unsigned
9组_30号_扩展数据D,MODBUS RTU,6x,2#3410,昆仑ModbusRTU迁移地址；原昆仑变量:设备0_读写4WUB3410；站号2,16-bit Unsigned
9组_31号_扩展数据D,MODBUS RTU,6x,2#3411,昆仑ModbusRTU迁移地址；原昆仑变量:设备0_读写4WUB3411；站号2,16-bit Unsigned
9组_32号_扩展数据D,MODBUS RTU,6x,2#3412,昆仑ModbusRTU迁移地址；原昆仑变量:设备0_读写4WUB3412；站号2,16-bit Unsigned
9组_33号_扩展数据D,MODBUS RTU,6x,2#3413,昆仑ModbusRTU迁移地址；原昆仑变量:设备0_读写4WUB3413；站号2,16-bit Unsigned
9组_34号_扩展数据D,MODBUS RTU,6x,2#3414,昆仑ModbusRTU迁移地址；原昆仑变量:设备0_读写4WUB3414；站号2,16-bit Unsigned
9组_35号_扩展数据D,MODBUS RTU,6x,2#3415,昆仑ModbusRTU迁移地址；原昆仑变量:设备0_读写4WUB3415；站号2,16-bit Unsigned
9组_36号_扩展数据D,MODBUS RTU,6x,2#3416,昆仑ModbusRTU迁移地址；原昆仑变量:设备0_读写4WUB3416；站号2,16-bit Unsigned
9组_37号_扩展数据D,MODBUS RTU,6x,2#3417,昆仑ModbusRTU迁移地址；原昆仑变量:设备0_读写4WUB3417；站号2,16-bit Unsigned
9组_38号_扩展数据D,MODBUS RTU,6x,2#3418,昆仑ModbusRTU迁移地址；原昆仑变量:设备0_读写4WUB3418；站号2,16-bit Unsigned
9组_39号_扩展数据D,MODBUS RTU,6x,2#3419,昆仑ModbusRTU迁移地址；原昆仑变量:设备0_读写4WUB3419；站号2,16-bit Unsigned
9组_40号_扩展数据D,MODBUS RTU,6x,2#3420,昆仑ModbusRTU迁移地址；原昆仑变量:设备0_读写4WUB3420；站号2,16-bit Unsigned
9组_41号_扩展数据D,MODBUS RTU,6x,2#3421,昆仑ModbusRTU迁移地址；原昆仑变量:设备0_读写4WUB3421；站号2,16-bit Unsigned
9组_42号_扩展数据D,MODBUS RTU,6x,2#3422,昆仑ModbusRTU迁移地址；原昆仑变量:设备0_读写4WUB3422；站号2,16-bit Unsigned
9组_43号_扩展数据D,MODBUS RTU,6x,2#3423,昆仑ModbusRTU迁移地址；原昆仑变量:设备0_读写4WUB3423；站号2,16-bit Unsigned
9组_44号_扩展数据D,MODBUS RTU,6x,2#3424,昆仑ModbusRTU迁移地址；原昆仑变量:设备0_读写4WUB3424；站号2,16-bit Unsigned
9组_45号_扩展数据D,MODBUS RTU,6x,2#3425,昆仑ModbusRTU迁移地址；原昆仑变量:设备0_读写4WUB3425；站号2,16-bit Unsigned
9组_46号_扩展数据D,MODBUS RTU,6x,2#3426,昆仑ModbusRTU迁移地址；原昆仑变量:设备0_读写4WUB3426；站号2,16-bit Unsigned
9组_47号_扩展数据D,MODBUS RTU,6x,2#3427,昆仑ModbusRTU迁移地址；原昆仑变量:设备0_读写4WUB3427；站号2,16-bit Unsigned
9组_48号_扩展数据D,MODBUS RTU,6x,2#3428,昆仑ModbusRTU迁移地址；原昆仑变量:设备0_读写4WUB3428；站号2,16-bit Unsigned
9组_49号_扩展数据D,MODBUS RTU,6x,2#3429,昆仑ModbusRTU迁移地址；原昆仑变量:设备0_读写4WUB3429；站号2,16-bit Unsigned
9组_50号_扩展数据D,MODBUS RTU,6x,2#3430,昆仑ModbusRTU迁移地址；原昆仑变量:设备0_读写4WUB3430；站号2,16-bit Unsigned
9组_51号_扩展数据D,MODBUS RTU,6x,2#3431,昆仑ModbusRTU迁移地址；原昆仑变量:设备0_读写4WUB3431；站号2,16-bit Unsigned
9组_52号_扩展数据D,MODBUS RTU,6x,2#3432,昆仑ModbusRTU迁移地址；原昆仑变量:设备0_读写4WUB3432；站号2,16-bit Unsigned
9组_53号_扩展数据D,MODBUS RTU,6x,2#3433,昆仑ModbusRTU迁移地址；原昆仑变量:设备0_读写4WUB3433；站号2,16-bit Unsigned
9组_54号_扩展数据D,MODBUS RTU,6x,2#3434,昆仑ModbusRTU迁移地址；原昆仑变量:设备0_读写4WUB3434；站号2,16-bit Unsigned
9组_55号_扩展数据D,MODBUS RTU,6x,2#3435,昆仑ModbusRTU迁移地址；原昆仑变量:设备0_读写4WUB3435；站号2,16-bit Unsigned
9组_56号_扩展数据D,MODBUS RTU,6x,2#3436,昆仑ModbusRTU迁移地址；原昆仑变量:设备0_读写4WUB3436；站号2,16-bit Unsigned
9组_57号_扩展数据D,MODBUS RTU,6x,2#3437,昆仑ModbusRTU迁移地址；原昆仑变量:设备0_读写4WUB3437；站号2,16-bit Unsigned
9组_58号_扩展数据D,MODBUS RTU,6x,2#3438,昆仑ModbusRTU迁移地址；原昆仑变量:设备0_读写4WUB3438；站号2,16-bit Unsigned
9组_59号_扩展数据D,MODBUS RTU,6x,2#3439,昆仑ModbusRTU迁移地址；原昆仑变量:设备0_读写4WUB3439；站号2,16-bit Unsigned
9组_60号_扩展数据D,MODBUS RTU,6x,2#3440,昆仑ModbusRTU迁移地址；原昆仑变量:设备0_读写4WUB3440；站号2,16-bit Unsigned
10组_01号_扩展数据D,MODBUS RTU,6x,2#3441,昆仑ModbusRTU迁移地址；原昆仑变量:设备0_读写4WUB3441；站号2,16-bit Unsigned
10组_02号_扩展数据D,MODBUS RTU,6x,2#3442,昆仑ModbusRTU迁移地址；原昆仑变量:设备0_读写4WUB3442；站号2,16-bit Unsigned
10组_03号_扩展数据D,MODBUS RTU,6x,2#3443,昆仑ModbusRTU迁移地址；原昆仑变量:设备0_读写4WUB3443；站号2,16-bit Unsigned
10组_04号_扩展数据D,MODBUS RTU,6x,2#3444,昆仑ModbusRTU迁移地址；原昆仑变量:设备0_读写4WUB3444；站号2,16-bit Unsigned
10组_05号_扩展数据D,MODBUS RTU,6x,2#3445,昆仑ModbusRTU迁移地址；原昆仑变量:设备0_读写4WUB3445；站号2,16-bit Unsigned
10组_06号_扩展数据D,MODBUS RTU,6x,2#3446,昆仑ModbusRTU迁移地址；原昆仑变量:设备0_读写4WUB3446；站号2,16-bit Unsigned
10组_07号_扩展数据D,MODBUS RTU,6x,2#3447,昆仑ModbusRTU迁移地址；原昆仑变量:设备0_读写4WUB3447；站号2,16-bit Unsigned
10组_08号_扩展数据D,MODBUS RTU,6x,2#3448,昆仑ModbusRTU迁移地址；原昆仑变量:设备0_读写4WUB3448；站号2,16-bit Unsigned
10组_09号_扩展数据D,MODBUS RTU,6x,2#3449,昆仑ModbusRTU迁移地址；原昆仑变量:设备0_读写4WUB3449；站号2,16-bit Unsigned
10组_10号_扩展数据D,MODBUS RTU,6x,2#3450,昆仑ModbusRTU迁移地址；原昆仑变量:设备0_读写4WUB3450；站号2,16-bit Unsigned
10组_11号_扩展数据D,MODBUS RTU,6x,2#3451,昆仑ModbusRTU迁移地址；原昆仑变量:设备0_读写4WUB3451；站号2,16-bit Unsigned
10组_12号_扩展数据D,MODBUS RTU,6x,2#3452,昆仑ModbusRTU迁移地址；原昆仑变量:设备0_读写4WUB3452；站号2,16-bit Unsigned
10组_13号_扩展数据D,MODBUS RTU,6x,2#3453,昆仑ModbusRTU迁移地址；原昆仑变量:设备0_读写4WUB3453；站号2,16-bit Unsigned
10组_14号_扩展数据D,MODBUS RTU,6x,2#3454,昆仑ModbusRTU迁移地址；原昆仑变量:设备0_读写4WUB3454；站号2,16-bit Unsigned
10组_15号_扩展数据D,MODBUS RTU,6x,2#3455,昆仑ModbusRTU迁移地址；原昆仑变量:设备0_读写4WUB3455；站号2,16-bit Unsigned
10组_16号_扩展数据D,MODBUS RTU,6x,2#3456,昆仑ModbusRTU迁移地址；原昆仑变量:设备0_读写4WUB3456；站号2,16-bit Unsigned
10组_17号_扩展数据D,MODBUS RTU,6x,2#3457,昆仑ModbusRTU迁移地址；原昆仑变量:设备0_读写4WUB3457；站号2,16-bit Unsigned
10组_18号_扩展数据D,MODBUS RTU,6x,2#3458,昆仑ModbusRTU迁移地址；原昆仑变量:设备0_读写4WUB3458；站号2,16-bit Unsigned
10组_19号_扩展数据D,MODBUS RTU,6x,2#3459,昆仑ModbusRTU迁移地址；原昆仑变量:设备0_读写4WUB3459；站号2,16-bit Unsigned
10组_20号_扩展数据D,MODBUS RTU,6x,2#3460,昆仑ModbusRTU迁移地址；原昆仑变量:设备0_读写4WUB3460；站号2,16-bit Unsigned
10组_21号_扩展数据D,MODBUS RTU,6x,2#3461,昆仑ModbusRTU迁移地址；原昆仑变量:设备0_读写4WUB3461；站号2,16-bit Unsigned
10组_22号_扩展数据D,MODBUS RTU,6x,2#3462,昆仑ModbusRTU迁移地址；原昆仑变量:设备0_读写4WUB3462；站号2,16-bit Unsigned
10组_23号_扩展数据D,MODBUS RTU,6x,2#3463,昆仑ModbusRTU迁移地址；原昆仑变量:设备0_读写4WUB3463；站号2,16-bit Unsigned
10组_24号_扩展数据D,MODBUS RTU,6x,2#3464,昆仑ModbusRTU迁移地址；原昆仑变量:设备0_读写4WUB3464；站号2,16-bit Unsigned
10组_25号_扩展数据D,MODBUS RTU,6x,2#3465,昆仑ModbusRTU迁移地址；原昆仑变量:设备0_读写4WUB3465；站号2,16-bit Unsigned
10组_26号_扩展数据D,MODBUS RTU,6x,2#3466,昆仑ModbusRTU迁移地址；原昆仑变量:设备0_读写4WUB3466；站号2,16-bit Unsigned
10组_27号_扩展数据D,MODBUS RTU,6x,2#3467,昆仑ModbusRTU迁移地址；原昆仑变量:设备0_读写4WUB3467；站号2,16-bit Unsigned
10组_28号_扩展数据D,MODBUS RTU,6x,2#3468,昆仑ModbusRTU迁移地址；原昆仑变量:设备0_读写4WUB3468；站号2,16-bit Unsigned
10组_29号_扩展数据D,MODBUS RTU,6x,2#3469,昆仑ModbusRTU迁移地址；原昆仑变量:设备0_读写4WUB3469；站号2,16-bit Unsigned
10组_30号_扩展数据D,MODBUS RTU,6x,2#3470,昆仑ModbusRTU迁移地址；原昆仑变量:设备0_读写4WUB3470；站号2,16-bit Unsigned
10组_31号_扩展数据D,MODBUS RTU,6x,2#3471,昆仑ModbusRTU迁移地址；原昆仑变量:设备0_读写4WUB3471；站号2,16-bit Unsigned
10组_32号_扩展数据D,MODBUS RTU,6x,2#3472,昆仑ModbusRTU迁移地址；原昆仑变量:设备0_读写4WUB3472；站号2,16-bit Unsigned
10组_33号_扩展数据D,MODBUS RTU,6x,2#3473,昆仑ModbusRTU迁移地址；原昆仑变量:设备0_读写4WUB3473；站号2,16-bit Unsigned
10组_34号_扩展数据D,MODBUS RTU,6x,2#3474,昆仑ModbusRTU迁移地址；原昆仑变量:设备0_读写4WUB3474；站号2,16-bit Unsigned
10组_35号_扩展数据D,MODBUS RTU,6x,2#3475,昆仑ModbusRTU迁移地址；原昆仑变量:设备0_读写4WUB3475；站号2,16-bit Unsigned
10组_36号_扩展数据D,MODBUS RTU,6x,2#3476,昆仑ModbusRTU迁移地址；原昆仑变量:设备0_读写4WUB3476；站号2,16-bit Unsigned
10组_37号_扩展数据D,MODBUS RTU,6x,2#3477,昆仑ModbusRTU迁移地址；原昆仑变量:设备0_读写4WUB3477；站号2,16-bit Unsigned
10组_38号_扩展数据D,MODBUS RTU,6x,2#3478,昆仑ModbusRTU迁移地址；原昆仑变量:设备0_读写4WUB3478；站号2,16-bit Unsigned
10组_39号_扩展数据D,MODBUS RTU,6x,2#3479,昆仑ModbusRTU迁移地址；原昆仑变量:设备0_读写4WUB3479；站号2,16-bit Unsigned
10组_40号_扩展数据D,MODBUS RTU,6x,2#3480,昆仑ModbusRTU迁移地址；原昆仑变量:设备0_读写4WUB3480；站号2,16-bit Unsigned
10组_41号_扩展数据D,MODBUS RTU,6x,2#3481,昆仑ModbusRTU迁移地址；原昆仑变量:设备0_读写4WUB3481；站号2,16-bit Unsigned
10组_42号_扩展数据D,MODBUS RTU,6x,2#3482,昆仑ModbusRTU迁移地址；原昆仑变量:设备0_读写4WUB3482；站号2,16-bit Unsigned
10组_43号_扩展数据D,MODBUS RTU,6x,2#3483,昆仑ModbusRTU迁移地址；原昆仑变量:设备0_读写4WUB3483；站号2,16-bit Unsigned
10组_44号_扩展数据D,MODBUS RTU,6x,2#3484,昆仑ModbusRTU迁移地址；原昆仑变量:设备0_读写4WUB3484；站号2,16-bit Unsigned
10组_45号_扩展数据D,MODBUS RTU,6x,2#3485,昆仑ModbusRTU迁移地址；原昆仑变量:设备0_读写4WUB3485；站号2,16-bit Unsigned
10组_46号_扩展数据D,MODBUS RTU,6x,2#3486,昆仑ModbusRTU迁移地址；原昆仑变量:设备0_读写4WUB3486；站号2,16-bit Unsigned
10组_47号_扩展数据D,MODBUS RTU,6x,2#3487,昆仑ModbusRTU迁移地址；原昆仑变量:设备0_读写4WUB3487；站号2,16-bit Unsigned
10组_48号_扩展数据D,MODBUS RTU,6x,2#3488,昆仑ModbusRTU迁移地址；原昆仑变量:设备0_读写4WUB3488；站号2,16-bit Unsigned
10组_49号_扩展数据D,MODBUS RTU,6x,2#3489,昆仑ModbusRTU迁移地址；原昆仑变量:设备0_读写4WUB3489；站号2,16-bit Unsigned
10组_50号_扩展数据D,MODBUS RTU,6x,2#3490,昆仑ModbusRTU迁移地址；原昆仑变量:设备0_读写4WUB3490；站号2,16-bit Unsigned
10组_51号_扩展数据D,MODBUS RTU,6x,2#3491,昆仑ModbusRTU迁移地址；原昆仑变量:设备0_读写4WUB3491；站号2,16-bit Unsigned
10组_52号_扩展数据D,MODBUS RTU,6x,2#3492,昆仑ModbusRTU迁移地址；原昆仑变量:设备0_读写4WUB3492；站号2,16-bit Unsigned
10组_53号_扩展数据D,MODBUS RTU,6x,2#3493,昆仑ModbusRTU迁移地址；原昆仑变量:设备0_读写4WUB3493；站号2,16-bit Unsigned
10组_54号_扩展数据D,MODBUS RTU,6x,2#3494,昆仑ModbusRTU迁移地址；原昆仑变量:设备0_读写4WUB3494；站号2,16-bit Unsigned
10组_55号_扩展数据D,MODBUS RTU,6x,2#3495,昆仑ModbusRTU迁移地址；原昆仑变量:设备0_读写4WUB3495；站号2,16-bit Unsigned
10组_56号_扩展数据D,MODBUS RTU,6x,2#3496,昆仑ModbusRTU迁移地址；原昆仑变量:设备0_读写4WUB3496；站号2,16-bit Unsigned
10组_57号_扩展数据D,MODBUS RTU,6x,2#3497,昆仑ModbusRTU迁移地址；原昆仑变量:设备0_读写4WUB3497；站号2,16-bit Unsigned
10组_58号_扩展数据D,MODBUS RTU,6x,2#3498,昆仑ModbusRTU迁移地址；原昆仑变量:设备0_读写4WUB3498；站号2,16-bit Unsigned
10组_59号_扩展数据D,MODBUS RTU,6x,2#3499,昆仑ModbusRTU迁移地址；原昆仑变量:设备0_读写4WUB3499；站号2,16-bit Unsigned
10组_60号_扩展数据D,MODBUS RTU,6x,2#3500,昆仑ModbusRTU迁移地址；原昆仑变量:设备0_读写4WUB3500；站号2,16-bit Unsigned
Tag_0,MODBUS RTU,4x,3501,,16-bit Unsigned
